ISO-10303-21;
HEADER;
/* Generated by software containing ST-Developer
 * from STEP Tools, Inc. (www.steptools.com) 
 */
/* OPTION: using custom renumber hook */

FILE_DESCRIPTION(
/* description */ ('STEP AP242',
'CAx-IF Rec.Pracs.---Representation and Presentation of Product Manufa
cturing Information (PMI)---4.0---2014-10-13',
'CAx-IF Rec.Pracs.---3D Tessellated Geometry---0.4---2014-09-14','2;1'),

/* implementation_level */ '2;1');

FILE_NAME(
/* name */ '67ab95bfcc3776540caeb028',
/* time_stamp */ '2025-02-11T18:24:00Z',
/* author */ (''),
/* organization */ (''),
/* preprocessor_version */ 'ST-DEVELOPER v20',
/* originating_system */ 'ONSHAPE BY PTC INC, 1.193',
/* authorisation */ '  ');

FILE_SCHEMA (('AP242_MANAGED_MODEL_BASED_3D_ENGINEERING_MIM_LF { 1 0 10303 442 1 1 4 }'));
ENDSEC;

DATA;
#10=SHAPE_REPRESENTATION_RELATIONSHIP('','',#595,#11);
#11=ADVANCED_BREP_SHAPE_REPRESENTATION('',(#593),#4727);
#12=PLANE('',#597);
#13=PLANE('',#598);
#14=PLANE('',#599);
#15=PLANE('',#600);
#16=LINE('',#774,#44);
#17=LINE('',#839,#45);
#18=LINE('',#944,#46);
#19=LINE('',#1107,#47);
#20=LINE('',#1214,#48);
#21=LINE('',#1352,#49);
#22=LINE('',#1494,#50);
#23=LINE('',#1579,#51);
#24=LINE('',#1696,#52);
#25=LINE('',#2702,#53);
#26=LINE('',#2764,#54);
#27=LINE('',#3101,#55);
#28=LINE('',#3160,#56);
#29=LINE('',#3187,#57);
#30=LINE('',#3338,#58);
#31=LINE('',#3505,#59);
#32=LINE('',#3656,#60);
#33=LINE('',#4391,#61);
#34=LINE('',#4392,#62);
#35=LINE('',#4449,#63);
#36=LINE('',#4460,#64);
#37=LINE('',#4501,#65);
#38=LINE('',#4516,#66);
#39=LINE('',#4579,#67);
#40=LINE('',#4628,#68);
#41=LINE('',#4637,#69);
#42=LINE('',#4660,#70);
#43=LINE('',#4671,#71);
#44=VECTOR('',#603,1.);
#45=VECTOR('',#604,1.);
#46=VECTOR('',#605,1.);
#47=VECTOR('',#606,1.);
#48=VECTOR('',#607,1.);
#49=VECTOR('',#608,1.);
#50=VECTOR('',#609,1.);
#51=VECTOR('',#610,1.);
#52=VECTOR('',#611,1.);
#53=VECTOR('',#616,1.);
#54=VECTOR('',#617,1.);
#55=VECTOR('',#618,1.);
#56=VECTOR('',#619,1.);
#57=VECTOR('',#620,1.);
#58=VECTOR('',#621,1.);
#59=VECTOR('',#622,1.);
#60=VECTOR('',#623,1.);
#61=VECTOR('',#628,1.);
#62=VECTOR('',#629,1.);
#63=VECTOR('',#630,1.);
#64=VECTOR('',#631,1.);
#65=VECTOR('',#632,1.);
#66=VECTOR('',#633,1.);
#67=VECTOR('',#634,1.);
#68=VECTOR('',#635,1.);
#69=VECTOR('',#636,1.);
#70=VECTOR('',#637,1.);
#71=VECTOR('',#638,1.);
#72=ORIENTED_EDGE('',*,*,#244,.T.);
#73=ORIENTED_EDGE('',*,*,#245,.F.);
#74=ORIENTED_EDGE('',*,*,#246,.F.);
#75=ORIENTED_EDGE('',*,*,#247,.T.);
#76=ORIENTED_EDGE('',*,*,#248,.T.);
#77=ORIENTED_EDGE('',*,*,#249,.F.);
#78=ORIENTED_EDGE('',*,*,#250,.F.);
#79=ORIENTED_EDGE('',*,*,#245,.T.);
#80=ORIENTED_EDGE('',*,*,#251,.T.);
#81=ORIENTED_EDGE('',*,*,#252,.F.);
#82=ORIENTED_EDGE('',*,*,#253,.F.);
#83=ORIENTED_EDGE('',*,*,#249,.T.);
#84=ORIENTED_EDGE('',*,*,#254,.T.);
#85=ORIENTED_EDGE('',*,*,#255,.F.);
#86=ORIENTED_EDGE('',*,*,#256,.F.);
#87=ORIENTED_EDGE('',*,*,#252,.T.);
#88=ORIENTED_EDGE('',*,*,#257,.T.);
#89=ORIENTED_EDGE('',*,*,#258,.F.);
#90=ORIENTED_EDGE('',*,*,#259,.F.);
#91=ORIENTED_EDGE('',*,*,#255,.T.);
#92=ORIENTED_EDGE('',*,*,#260,.T.);
#93=ORIENTED_EDGE('',*,*,#261,.F.);
#94=ORIENTED_EDGE('',*,*,#262,.F.);
#95=ORIENTED_EDGE('',*,*,#258,.T.);
#96=ORIENTED_EDGE('',*,*,#263,.T.);
#97=ORIENTED_EDGE('',*,*,#264,.F.);
#98=ORIENTED_EDGE('',*,*,#265,.F.);
#99=ORIENTED_EDGE('',*,*,#261,.T.);
#100=ORIENTED_EDGE('',*,*,#266,.T.);
#101=ORIENTED_EDGE('',*,*,#267,.F.);
#102=ORIENTED_EDGE('',*,*,#268,.F.);
#103=ORIENTED_EDGE('',*,*,#264,.T.);
#104=ORIENTED_EDGE('',*,*,#269,.T.);
#105=ORIENTED_EDGE('',*,*,#247,.F.);
#106=ORIENTED_EDGE('',*,*,#270,.F.);
#107=ORIENTED_EDGE('',*,*,#267,.T.);
#108=ORIENTED_EDGE('',*,*,#271,.T.);
#109=ORIENTED_EDGE('',*,*,#272,.F.);
#110=ORIENTED_EDGE('',*,*,#246,.T.);
#111=ORIENTED_EDGE('',*,*,#250,.T.);
#112=ORIENTED_EDGE('',*,*,#253,.T.);
#113=ORIENTED_EDGE('',*,*,#256,.T.);
#114=ORIENTED_EDGE('',*,*,#259,.T.);
#115=ORIENTED_EDGE('',*,*,#262,.T.);
#116=ORIENTED_EDGE('',*,*,#265,.T.);
#117=ORIENTED_EDGE('',*,*,#268,.T.);
#118=ORIENTED_EDGE('',*,*,#270,.T.);
#119=ORIENTED_EDGE('',*,*,#271,.F.);
#120=ORIENTED_EDGE('',*,*,#273,.T.);
#121=ORIENTED_EDGE('',*,*,#274,.T.);
#122=ORIENTED_EDGE('',*,*,#275,.T.);
#123=ORIENTED_EDGE('',*,*,#276,.T.);
#124=ORIENTED_EDGE('',*,*,#277,.T.);
#125=ORIENTED_EDGE('',*,*,#278,.T.);
#126=ORIENTED_EDGE('',*,*,#279,.T.);
#127=ORIENTED_EDGE('',*,*,#280,.T.);
#128=ORIENTED_EDGE('',*,*,#281,.T.);
#129=ORIENTED_EDGE('',*,*,#282,.T.);
#130=ORIENTED_EDGE('',*,*,#283,.T.);
#131=ORIENTED_EDGE('',*,*,#244,.F.);
#132=ORIENTED_EDGE('',*,*,#269,.F.);
#133=ORIENTED_EDGE('',*,*,#266,.F.);
#134=ORIENTED_EDGE('',*,*,#263,.F.);
#135=ORIENTED_EDGE('',*,*,#260,.F.);
#136=ORIENTED_EDGE('',*,*,#257,.F.);
#137=ORIENTED_EDGE('',*,*,#254,.F.);
#138=ORIENTED_EDGE('',*,*,#251,.F.);
#139=ORIENTED_EDGE('',*,*,#248,.F.);
#140=ORIENTED_EDGE('',*,*,#284,.T.);
#141=ORIENTED_EDGE('',*,*,#285,.F.);
#142=ORIENTED_EDGE('',*,*,#286,.F.);
#143=ORIENTED_EDGE('',*,*,#287,.T.);
#144=ORIENTED_EDGE('',*,*,#288,.T.);
#145=ORIENTED_EDGE('',*,*,#287,.F.);
#146=ORIENTED_EDGE('',*,*,#289,.F.);
#147=ORIENTED_EDGE('',*,*,#290,.T.);
#148=ORIENTED_EDGE('',*,*,#291,.T.);
#149=ORIENTED_EDGE('',*,*,#290,.F.);
#150=ORIENTED_EDGE('',*,*,#292,.F.);
#151=ORIENTED_EDGE('',*,*,#293,.T.);
#152=ORIENTED_EDGE('',*,*,#294,.T.);
#153=ORIENTED_EDGE('',*,*,#293,.F.);
#154=ORIENTED_EDGE('',*,*,#295,.F.);
#155=ORIENTED_EDGE('',*,*,#296,.T.);
#156=ORIENTED_EDGE('',*,*,#297,.T.);
#157=ORIENTED_EDGE('',*,*,#296,.F.);
#158=ORIENTED_EDGE('',*,*,#298,.F.);
#159=ORIENTED_EDGE('',*,*,#299,.T.);
#160=ORIENTED_EDGE('',*,*,#300,.T.);
#161=ORIENTED_EDGE('',*,*,#299,.F.);
#162=ORIENTED_EDGE('',*,*,#301,.F.);
#163=ORIENTED_EDGE('',*,*,#302,.T.);
#164=ORIENTED_EDGE('',*,*,#303,.T.);
#165=ORIENTED_EDGE('',*,*,#302,.F.);
#166=ORIENTED_EDGE('',*,*,#304,.F.);
#167=ORIENTED_EDGE('',*,*,#305,.T.);
#168=ORIENTED_EDGE('',*,*,#306,.T.);
#169=ORIENTED_EDGE('',*,*,#305,.F.);
#170=ORIENTED_EDGE('',*,*,#307,.F.);
#171=ORIENTED_EDGE('',*,*,#285,.T.);
#172=ORIENTED_EDGE('',*,*,#286,.T.);
#173=ORIENTED_EDGE('',*,*,#307,.T.);
#174=ORIENTED_EDGE('',*,*,#304,.T.);
#175=ORIENTED_EDGE('',*,*,#301,.T.);
#176=ORIENTED_EDGE('',*,*,#298,.T.);
#177=ORIENTED_EDGE('',*,*,#295,.T.);
#178=ORIENTED_EDGE('',*,*,#292,.T.);
#179=ORIENTED_EDGE('',*,*,#289,.T.);
#180=ORIENTED_EDGE('',*,*,#308,.F.);
#181=ORIENTED_EDGE('',*,*,#309,.F.);
#182=ORIENTED_EDGE('',*,*,#310,.F.);
#183=ORIENTED_EDGE('',*,*,#311,.F.);
#184=ORIENTED_EDGE('',*,*,#312,.F.);
#185=ORIENTED_EDGE('',*,*,#313,.F.);
#186=ORIENTED_EDGE('',*,*,#314,.F.);
#187=ORIENTED_EDGE('',*,*,#315,.F.);
#188=ORIENTED_EDGE('',*,*,#316,.F.);
#189=ORIENTED_EDGE('',*,*,#317,.F.);
#190=ORIENTED_EDGE('',*,*,#318,.F.);
#191=ORIENTED_EDGE('',*,*,#272,.T.);
#192=ORIENTED_EDGE('',*,*,#284,.F.);
#193=ORIENTED_EDGE('',*,*,#288,.F.);
#194=ORIENTED_EDGE('',*,*,#291,.F.);
#195=ORIENTED_EDGE('',*,*,#294,.F.);
#196=ORIENTED_EDGE('',*,*,#297,.F.);
#197=ORIENTED_EDGE('',*,*,#300,.F.);
#198=ORIENTED_EDGE('',*,*,#303,.F.);
#199=ORIENTED_EDGE('',*,*,#306,.F.);
#200=ORIENTED_EDGE('',*,*,#273,.F.);
#201=ORIENTED_EDGE('',*,*,#319,.F.);
#202=ORIENTED_EDGE('',*,*,#308,.T.);
#203=ORIENTED_EDGE('',*,*,#320,.T.);
#204=ORIENTED_EDGE('',*,*,#274,.F.);
#205=ORIENTED_EDGE('',*,*,#320,.F.);
#206=ORIENTED_EDGE('',*,*,#318,.T.);
#207=ORIENTED_EDGE('',*,*,#321,.T.);
#208=ORIENTED_EDGE('',*,*,#275,.F.);
#209=ORIENTED_EDGE('',*,*,#321,.F.);
#210=ORIENTED_EDGE('',*,*,#317,.T.);
#211=ORIENTED_EDGE('',*,*,#322,.T.);
#212=ORIENTED_EDGE('',*,*,#276,.F.);
#213=ORIENTED_EDGE('',*,*,#322,.F.);
#214=ORIENTED_EDGE('',*,*,#316,.T.);
#215=ORIENTED_EDGE('',*,*,#323,.T.);
#216=ORIENTED_EDGE('',*,*,#277,.F.);
#217=ORIENTED_EDGE('',*,*,#323,.F.);
#218=ORIENTED_EDGE('',*,*,#315,.T.);
#219=ORIENTED_EDGE('',*,*,#324,.T.);
#220=ORIENTED_EDGE('',*,*,#278,.F.);
#221=ORIENTED_EDGE('',*,*,#324,.F.);
#222=ORIENTED_EDGE('',*,*,#314,.T.);
#223=ORIENTED_EDGE('',*,*,#325,.T.);
#224=ORIENTED_EDGE('',*,*,#279,.F.);
#225=ORIENTED_EDGE('',*,*,#325,.F.);
#226=ORIENTED_EDGE('',*,*,#313,.T.);
#227=ORIENTED_EDGE('',*,*,#326,.T.);
#228=ORIENTED_EDGE('',*,*,#280,.F.);
#229=ORIENTED_EDGE('',*,*,#326,.F.);
#230=ORIENTED_EDGE('',*,*,#312,.T.);
#231=ORIENTED_EDGE('',*,*,#327,.T.);
#232=ORIENTED_EDGE('',*,*,#281,.F.);
#233=ORIENTED_EDGE('',*,*,#327,.F.);
#234=ORIENTED_EDGE('',*,*,#311,.T.);
#235=ORIENTED_EDGE('',*,*,#328,.T.);
#236=ORIENTED_EDGE('',*,*,#282,.F.);
#237=ORIENTED_EDGE('',*,*,#328,.F.);
#238=ORIENTED_EDGE('',*,*,#310,.T.);
#239=ORIENTED_EDGE('',*,*,#329,.T.);
#240=ORIENTED_EDGE('',*,*,#283,.F.);
#241=ORIENTED_EDGE('',*,*,#329,.F.);
#242=ORIENTED_EDGE('',*,*,#309,.T.);
#243=ORIENTED_EDGE('',*,*,#319,.T.);
#244=EDGE_CURVE('',#330,#331,#388,.T.);
#245=EDGE_CURVE('',#332,#331,#16,.T.);
#246=EDGE_CURVE('',#333,#332,#389,.T.);
#247=EDGE_CURVE('',#333,#330,#17,.T.);
#248=EDGE_CURVE('',#331,#334,#390,.T.);
#249=EDGE_CURVE('',#335,#334,#18,.T.);
#250=EDGE_CURVE('',#332,#335,#391,.T.);
#251=EDGE_CURVE('',#334,#336,#392,.T.);
#252=EDGE_CURVE('',#337,#336,#19,.T.);
#253=EDGE_CURVE('',#335,#337,#393,.T.);
#254=EDGE_CURVE('',#336,#338,#394,.T.);
#255=EDGE_CURVE('',#339,#338,#20,.T.);
#256=EDGE_CURVE('',#337,#339,#395,.T.);
#257=EDGE_CURVE('',#338,#340,#396,.T.);
#258=EDGE_CURVE('',#341,#340,#21,.T.);
#259=EDGE_CURVE('',#339,#341,#397,.T.);
#260=EDGE_CURVE('',#340,#342,#398,.T.);
#261=EDGE_CURVE('',#343,#342,#22,.T.);
#262=EDGE_CURVE('',#341,#343,#399,.T.);
#263=EDGE_CURVE('',#342,#344,#400,.T.);
#264=EDGE_CURVE('',#345,#344,#23,.T.);
#265=EDGE_CURVE('',#343,#345,#401,.T.);
#266=EDGE_CURVE('',#344,#346,#402,.T.);
#267=EDGE_CURVE('',#347,#346,#24,.T.);
#268=EDGE_CURVE('',#345,#347,#403,.T.);
#269=EDGE_CURVE('',#346,#330,#404,.T.);
#270=EDGE_CURVE('',#347,#333,#405,.T.);
#271=EDGE_CURVE('',#348,#348,#406,.T.);
#272=EDGE_CURVE('',#349,#349,#407,.T.);
#273=EDGE_CURVE('',#350,#351,#408,.T.);
#274=EDGE_CURVE('',#351,#352,#409,.T.);
#275=EDGE_CURVE('',#352,#353,#410,.T.);
#276=EDGE_CURVE('',#353,#354,#411,.T.);
#277=EDGE_CURVE('',#354,#355,#412,.T.);
#278=EDGE_CURVE('',#355,#356,#413,.T.);
#279=EDGE_CURVE('',#356,#357,#414,.T.);
#280=EDGE_CURVE('',#357,#358,#415,.T.);
#281=EDGE_CURVE('',#358,#359,#416,.T.);
#282=EDGE_CURVE('',#359,#360,#417,.T.);
#283=EDGE_CURVE('',#360,#350,#418,.T.);
#284=EDGE_CURVE('',#361,#362,#419,.T.);
#285=EDGE_CURVE('',#363,#362,#25,.T.);
#286=EDGE_CURVE('',#364,#363,#420,.T.);
#287=EDGE_CURVE('',#364,#361,#26,.T.);
#288=EDGE_CURVE('',#365,#361,#421,.T.);
#289=EDGE_CURVE('',#366,#364,#422,.T.);
#290=EDGE_CURVE('',#366,#365,#27,.T.);
#291=EDGE_CURVE('',#367,#365,#423,.T.);
#292=EDGE_CURVE('',#368,#366,#424,.T.);
#293=EDGE_CURVE('',#368,#367,#28,.T.);
#294=EDGE_CURVE('',#369,#367,#425,.T.);
#295=EDGE_CURVE('',#370,#368,#426,.T.);
#296=EDGE_CURVE('',#370,#369,#29,.T.);
#297=EDGE_CURVE('',#371,#369,#427,.T.);
#298=EDGE_CURVE('',#372,#370,#428,.T.);
#299=EDGE_CURVE('',#372,#371,#30,.T.);
#300=EDGE_CURVE('',#373,#371,#429,.T.);
#301=EDGE_CURVE('',#374,#372,#430,.T.);
#302=EDGE_CURVE('',#374,#373,#31,.T.);
#303=EDGE_CURVE('',#375,#373,#431,.T.);
#304=EDGE_CURVE('',#376,#374,#432,.T.);
#305=EDGE_CURVE('',#376,#375,#32,.T.);
#306=EDGE_CURVE('',#362,#375,#433,.T.);
#307=EDGE_CURVE('',#363,#376,#434,.T.);
#308=EDGE_CURVE('',#377,#378,#435,.T.);
#309=EDGE_CURVE('',#379,#377,#436,.T.);
#310=EDGE_CURVE('',#380,#379,#437,.T.);
#311=EDGE_CURVE('',#381,#380,#438,.T.);
#312=EDGE_CURVE('',#382,#381,#439,.T.);
#313=EDGE_CURVE('',#383,#382,#440,.T.);
#314=EDGE_CURVE('',#384,#383,#441,.T.);
#315=EDGE_CURVE('',#385,#384,#442,.T.);
#316=EDGE_CURVE('',#386,#385,#443,.T.);
#317=EDGE_CURVE('',#387,#386,#444,.T.);
#318=EDGE_CURVE('',#378,#387,#445,.T.);
#319=EDGE_CURVE('',#377,#350,#33,.T.);
#320=EDGE_CURVE('',#378,#351,#34,.T.);
#321=EDGE_CURVE('',#387,#352,#35,.T.);
#322=EDGE_CURVE('',#386,#353,#36,.T.);
#323=EDGE_CURVE('',#385,#354,#37,.T.);
#324=EDGE_CURVE('',#384,#355,#38,.T.);
#325=EDGE_CURVE('',#383,#356,#39,.T.);
#326=EDGE_CURVE('',#382,#357,#40,.T.);
#327=EDGE_CURVE('',#381,#358,#41,.T.);
#328=EDGE_CURVE('',#380,#359,#42,.T.);
#329=EDGE_CURVE('',#379,#360,#43,.T.);
#330=VERTEX_POINT('',#772);
#331=VERTEX_POINT('',#773);
#332=VERTEX_POINT('',#775);
#333=VERTEX_POINT('',#838);
#334=VERTEX_POINT('',#943);
#335=VERTEX_POINT('',#945);
#336=VERTEX_POINT('',#1106);
#337=VERTEX_POINT('',#1108);
#338=VERTEX_POINT('',#1213);
#339=VERTEX_POINT('',#1215);
#340=VERTEX_POINT('',#1351);
#341=VERTEX_POINT('',#1353);
#342=VERTEX_POINT('',#1493);
#343=VERTEX_POINT('',#1495);
#344=VERTEX_POINT('',#1578);
#345=VERTEX_POINT('',#1580);
#346=VERTEX_POINT('',#1695);
#347=VERTEX_POINT('',#1697);
#348=VERTEX_POINT('',#2085);
#349=VERTEX_POINT('',#2148);
#350=VERTEX_POINT('',#2237);
#351=VERTEX_POINT('',#2238);
#352=VERTEX_POINT('',#2302);
#353=VERTEX_POINT('',#2310);
#354=VERTEX_POINT('',#2350);
#355=VERTEX_POINT('',#2363);
#356=VERTEX_POINT('',#2427);
#357=VERTEX_POINT('',#2475);
#358=VERTEX_POINT('',#2481);
#359=VERTEX_POINT('',#2505);
#360=VERTEX_POINT('',#2513);
#361=VERTEX_POINT('',#2700);
#362=VERTEX_POINT('',#2701);
#363=VERTEX_POINT('',#2703);
#364=VERTEX_POINT('',#2763);
#365=VERTEX_POINT('',#2995);
#366=VERTEX_POINT('',#3100);
#367=VERTEX_POINT('',#3142);
#368=VERTEX_POINT('',#3159);
#369=VERTEX_POINT('',#3178);
#370=VERTEX_POINT('',#3186);
#371=VERTEX_POINT('',#3290);
#372=VERTEX_POINT('',#3337);
#373=VERTEX_POINT('',#3453);
#374=VERTEX_POINT('',#3504);
#375=VERTEX_POINT('',#3608);
#376=VERTEX_POINT('',#3655);
#377=VERTEX_POINT('',#3972);
#378=VERTEX_POINT('',#3973);
#379=VERTEX_POINT('',#4033);
#380=VERTEX_POINT('',#4041);
#381=VERTEX_POINT('',#4065);
#382=VERTEX_POINT('',#4071);
#383=VERTEX_POINT('',#4119);
#384=VERTEX_POINT('',#4183);
#385=VERTEX_POINT('',#4196);
#386=VERTEX_POINT('',#4236);
#387=VERTEX_POINT('',#4244);
#388=B_SPLINE_CURVE_WITH_KNOTS('',3,(#710,#711,#712,#713,#714,#715,#716,
#717,#718,#719,#720,#721,#722,#723,#724,#725,#726,#727,#728,#729,#730,#731,
#732,#733,#734,#735,#736,#737,#738,#739,#740,#741,#742,#743,#744,#745,#746,
#747,#748,#749,#750,#751,#752,#753,#754,#755,#756,#757,#758,#759,#760,#761,
#762,#763,#764,#765,#766,#767,#768,#769,#770,#771),.UNSPECIFIED.,.F.,.F.,
(4,1,1,1,1,1,1,1,1,1,1,1,1,1,1,1,1,1,1,1,1,1,1,1,1,1,1,1,1,1,1,1,1,1,1,
1,1,1,1,1,1,1,1,1,1,1,1,1,1,1,1,1,1,1,1,1,1,1,1,4),(0.32916304509491,0.332013279552526,
0.334863514010142,0.340563982925374,0.346264451840607,0.35196492075584,
0.354815155213455,0.357665389671071,0.360515624128688,0.363365858586304,
0.369066327501537,0.374766796416769,0.380467265332001,0.383317499789617,
0.386167734247233,0.38901796870485,0.391868203162466,0.394718437620081,
0.397568672077698,0.400418906535314,0.401844023764122,0.40326914099293,
0.406119375450546,0.408969609908163,0.411819844365779,0.413244961594587,
0.414670078823395,0.416095196052203,0.417520313281011,0.420370547738627,
0.423220782196243,0.42607101665386,0.428921251111475,0.431771485569092,
0.434621720026708,0.437471954484324,0.44032218894194,0.441747306170748,
0.443172423399556,0.444597540628365,0.446022657857172,0.448872892314788,
0.451723126772405,0.454573361230021,0.457423595687637,0.458848712916445,
0.460273830145253,0.463124064602869,0.465974299060486,0.471674767975718,
0.47737523689095,0.483075705806183,0.488776174721415,0.494476643636647,
0.50017711255188,0.503027347009496,0.505877581467112,0.508727815924728,
0.510152933153536,0.511578050382344),.UNSPECIFIED.);
#389=B_SPLINE_CURVE_WITH_KNOTS('',3,(#776,#777,#778,#779,#780,#781,#782,
#783,#784,#785,#786,#787,#788,#789,#790,#791,#792,#793,#794,#795,#796,#797,
#798,#799,#800,#801,#802,#803,#804,#805,#806,#807,#808,#809,#810,#811,#812,
#813,#814,#815,#816,#817,#818,#819,#820,#821,#822,#823,#824,#825,#826,#827,
#828,#829,#830,#831,#832,#833,#834,#835,#836,#837),.UNSPECIFIED.,.F.,.F.,
(4,1,1,1,1,1,1,1,1,1,1,1,1,1,1,1,1,1,1,1,1,1,1,1,1,1,1,1,1,1,1,1,1,1,1,
1,1,1,1,1,1,1,1,1,1,1,1,1,1,1,1,1,1,1,1,1,1,1,1,4),(0.32916304509491,0.332013279552526,
0.334863514010142,0.340563982925374,0.346264451840607,0.35196492075584,
0.354815155213455,0.357665389671071,0.360515624128688,0.363365858586304,
0.369066327501537,0.374766796416769,0.380467265332001,0.383317499789617,
0.386167734247233,0.38901796870485,0.391868203162466,0.394718437620081,
0.397568672077698,0.400418906535314,0.401844023764122,0.40326914099293,
0.406119375450546,0.408969609908163,0.411819844365779,0.413244961594587,
0.414670078823395,0.416095196052203,0.417520313281011,0.420370547738627,
0.423220782196243,0.42607101665386,0.428921251111475,0.431771485569092,
0.434621720026708,0.437471954484324,0.44032218894194,0.441747306170748,
0.443172423399556,0.444597540628365,0.446022657857172,0.448872892314788,
0.451723126772405,0.454573361230021,0.457423595687637,0.458848712916445,
0.460273830145253,0.463124064602869,0.465974299060486,0.471674767975718,
0.47737523689095,0.483075705806183,0.488776174721415,0.494476643636647,
0.50017711255188,0.503027347009496,0.505877581467112,0.508727815924728,
0.510152933153536,0.511578050382344),.UNSPECIFIED.);
#390=B_SPLINE_CURVE_WITH_KNOTS('',3,(#894,#895,#896,#897,#898,#899,#900,
#901,#902,#903,#904,#905,#906,#907,#908,#909,#910,#911,#912,#913,#914,#915,
#916,#917,#918,#919,#920,#921,#922,#923,#924,#925,#926,#927,#928,#929,#930,
#931,#932,#933,#934,#935,#936,#937,#938,#939,#940,#941,#942),
 .UNSPECIFIED.,.F.,.F.,(4,1,1,1,1,1,1,1,1,1,1,1,1,1,1,1,1,1,1,1,1,1,1,1,
1,1,1,1,1,1,1,1,1,1,1,1,1,1,1,1,1,1,1,1,1,1,4),(0.529438798547175,0.531057836886813,
0.531867356056633,0.532676875226452,0.534295913566091,0.535914951905729,
0.539153028585006,0.542391105264283,0.54562918194356,0.548867258622837,
0.552105335302114,0.555343411981391,0.561819565339946,0.565057642019223,
0.5682957186985,0.571533795377777,0.573152833717415,0.574771872057054,0.578009948736331,
0.581248025415608,0.582867063755246,0.584486102094885,0.586105140434523,
0.586914659604343,0.587724178774162,0.5893432171138,0.590962255453439,0.592581293793078,
0.594200332132716,0.595819370472355,0.596628889642174,0.597438408811993,
0.598247927981812,0.599057447151632,0.60067648549127,0.602295523830909,
0.603914562170547,0.607152638849824,0.608771677189463,0.610390715529101,
0.613628792208378,0.616866868887656,0.620104945566933,0.62334302224621,
0.626581098925487,0.629819175604764,0.633057252284041),.UNSPECIFIED.);
#391=B_SPLINE_CURVE_WITH_KNOTS('',3,(#946,#947,#948,#949,#950,#951,#952,
#953,#954,#955,#956,#957,#958,#959,#960,#961,#962,#963,#964,#965,#966,#967,
#968,#969,#970,#971,#972,#973,#974,#975,#976,#977,#978,#979,#980,#981,#982,
#983,#984,#985,#986,#987,#988,#989,#990,#991,#992,#993,#994),
 .UNSPECIFIED.,.F.,.F.,(4,1,1,1,1,1,1,1,1,1,1,1,1,1,1,1,1,1,1,1,1,1,1,1,
1,1,1,1,1,1,1,1,1,1,1,1,1,1,1,1,1,1,1,1,1,1,4),(0.529438798547175,0.531057836886813,
0.531867356056633,0.532676875226452,0.534295913566091,0.535914951905729,
0.539153028585006,0.542391105264283,0.54562918194356,0.548867258622837,
0.552105335302114,0.555343411981391,0.561819565339946,0.565057642019223,
0.5682957186985,0.571533795377777,0.573152833717415,0.574771872057054,0.578009948736331,
0.581248025415608,0.582867063755246,0.584486102094885,0.586105140434523,
0.586914659604343,0.587724178774162,0.5893432171138,0.590962255453439,0.592581293793078,
0.594200332132716,0.595819370472355,0.596628889642174,0.597438408811993,
0.598247927981812,0.599057447151632,0.60067648549127,0.602295523830909,
0.603914562170547,0.607152638849824,0.608771677189463,0.610390715529101,
0.613628792208378,0.616866868887656,0.620104945566933,0.62334302224621,
0.626581098925487,0.629819175604764,0.633057252284041),.UNSPECIFIED.);
#392=B_SPLINE_CURVE_WITH_KNOTS('',3,(#1053,#1054,#1055,#1056,#1057,#1058,
#1059,#1060,#1061,#1062,#1063,#1064,#1065,#1066,#1067,#1068,#1069,#1070,
#1071,#1072,#1073,#1074,#1075,#1076,#1077,#1078,#1079,#1080,#1081,#1082,
#1083,#1084,#1085,#1086,#1087,#1088,#1089,#1090,#1091,#1092,#1093,#1094,
#1095,#1096,#1097,#1098,#1099,#1100,#1101,#1102,#1103,#1104,#1105),
 .UNSPECIFIED.,.F.,.F.,(4,1,1,1,1,1,1,1,1,1,1,1,1,1,1,1,1,1,1,1,1,1,1,1,
1,1,1,1,1,1,1,1,1,1,1,1,1,1,1,1,1,1,1,1,1,1,1,1,1,1,4),(0.650522880550698,
0.654005437826058,0.655746716463738,0.657487995101418,0.660970552376778,
0.664453109652138,0.667935666927498,0.671418224202858,0.674900781478218,
0.678383338753578,0.680124617391258,0.681865896028938,0.683607174666618,
0.685348453304298,0.688831010579659,0.692313567855018,0.694054846492698,
0.695796125130378,0.697537403768058,0.699278682405738,0.701019961043419,
0.702761239681099,0.706243796956459,0.709726354231819,0.713208911507179,
0.716691468782539,0.720174026057899,0.723656583333259,0.727139140608619,
0.728880419246299,0.730621697883979,0.732362976521659,0.733233615840499,
0.734104255159339,0.737586812434699,0.739328091072379,0.741069369710059,
0.742810648347739,0.743681287666579,0.744551926985419,0.746293205623099,
0.748034484260779,0.749775762898459,0.751517041536139,0.753258320173819,
0.754128959492659,0.754999598811499,0.756740877449179,0.758482156086859,
0.760223434724539,0.761964713362219),.UNSPECIFIED.);
#393=B_SPLINE_CURVE_WITH_KNOTS('',3,(#1109,#1110,#1111,#1112,#1113,#1114,
#1115,#1116,#1117,#1118,#1119,#1120,#1121,#1122,#1123,#1124,#1125,#1126,
#1127,#1128,#1129,#1130,#1131,#1132,#1133,#1134,#1135,#1136,#1137,#1138,
#1139,#1140,#1141,#1142,#1143,#1144,#1145,#1146,#1147,#1148,#1149,#1150,
#1151,#1152,#1153,#1154,#1155,#1156,#1157,#1158,#1159,#1160,#1161),
 .UNSPECIFIED.,.F.,.F.,(4,1,1,1,1,1,1,1,1,1,1,1,1,1,1,1,1,1,1,1,1,1,1,1,
1,1,1,1,1,1,1,1,1,1,1,1,1,1,1,1,1,1,1,1,1,1,1,1,1,1,4),(0.650522880550698,
0.654005437826058,0.655746716463738,0.657487995101418,0.660970552376778,
0.664453109652138,0.667935666927498,0.671418224202858,0.674900781478218,
0.678383338753578,0.680124617391258,0.681865896028938,0.683607174666618,
0.685348453304298,0.688831010579659,0.692313567855018,0.694054846492698,
0.695796125130378,0.697537403768058,0.699278682405738,0.701019961043419,
0.702761239681099,0.706243796956459,0.709726354231819,0.713208911507179,
0.716691468782539,0.720174026057899,0.723656583333259,0.727139140608619,
0.728880419246299,0.730621697883979,0.732362976521659,0.733233615840499,
0.734104255159339,0.737586812434699,0.739328091072379,0.741069369710059,
0.742810648347739,0.743681287666579,0.744551926985419,0.746293205623099,
0.748034484260779,0.749775762898459,0.751517041536139,0.753258320173819,
0.754128959492659,0.754999598811499,0.756740877449179,0.758482156086859,
0.760223434724539,0.761964713362219),.UNSPECIFIED.);
#394=B_SPLINE_CURVE_WITH_KNOTS('',3,(#1188,#1189,#1190,#1191,#1192,#1193,
#1194,#1195,#1196,#1197,#1198,#1199,#1200,#1201,#1202,#1203,#1204,#1205,
#1206,#1207,#1208,#1209,#1210,#1211,#1212),.UNSPECIFIED.,.F.,.F.,(4,1,1,
1,1,1,1,1,1,1,1,1,1,1,1,1,1,1,1,1,1,1,4),(0.793868673821843,0.79734250566565,
0.800816337509456,0.804290169353263,0.807764001197069,0.811237833040875,
0.814711664884682,0.818185496728488,0.819922412650391,0.821659328572294,
0.823396244494198,0.825133160416101,0.828606992259907,0.830343908181811,
0.832080824103714,0.833817740025617,0.83555465594752,0.839028487791326,
0.84076540371323,0.842502319635133,0.844239235557036,0.845976151478939,
0.849449983322746),.UNSPECIFIED.);
#395=B_SPLINE_CURVE_WITH_KNOTS('',3,(#1216,#1217,#1218,#1219,#1220,#1221,
#1222,#1223,#1224,#1225,#1226,#1227,#1228,#1229,#1230,#1231,#1232,#1233,
#1234,#1235,#1236,#1237,#1238,#1239,#1240),.UNSPECIFIED.,.F.,.F.,(4,1,1,
1,1,1,1,1,1,1,1,1,1,1,1,1,1,1,1,1,1,1,4),(0.793868673821843,0.79734250566565,
0.800816337509456,0.804290169353263,0.807764001197069,0.811237833040875,
0.814711664884682,0.818185496728488,0.819922412650391,0.821659328572294,
0.823396244494198,0.825133160416101,0.828606992259907,0.830343908181811,
0.832080824103714,0.833817740025617,0.83555465594752,0.839028487791326,
0.84076540371323,0.842502319635133,0.844239235557036,0.845976151478939,
0.849449983322746),.UNSPECIFIED.);
#396=B_SPLINE_CURVE_WITH_KNOTS('',3,(#1299,#1300,#1301,#1302,#1303,#1304,
#1305,#1306,#1307,#1308,#1309,#1310,#1311,#1312,#1313,#1314,#1315,#1316,
#1317,#1318,#1319,#1320,#1321,#1322,#1323,#1324,#1325,#1326,#1327,#1328,
#1329,#1330,#1331,#1332,#1333,#1334,#1335,#1336,#1337,#1338,#1339,#1340,
#1341,#1342,#1343,#1344,#1345,#1346,#1347,#1348,#1349,#1350),
 .UNSPECIFIED.,.F.,.F.,(4,1,1,1,1,1,1,1,1,1,1,1,1,1,1,1,1,1,1,1,1,1,1,1,
1,1,1,1,1,1,1,1,1,1,1,1,1,1,1,1,1,1,1,1,1,1,1,1,1,4),(0.857439041610251,
0.861531429394088,0.863577623286006,0.865623817177925,0.867670011069843,
0.868693108015802,0.869716204961761,0.87176239885368,0.873808592745598,
0.877900980529434,0.881993368313271,0.886085756097108,0.888131949989026,
0.890178143880944,0.894270531664781,0.898362919448618,0.902455307232454,
0.906547695016291,0.908593888908209,0.910640082800128,0.914732470583964,
0.918824858367801,0.922917246151637,0.924963440043556,0.927009633935474,
0.929055827827392,0.931102021719311,0.933148215611229,0.935194409503147,
0.936217506449106,0.937240603395066,0.938263700341025,0.939286797286984,
0.940309894232943,0.941332991178902,0.94337918507082,0.945425378962739,
0.947471572854657,0.949517766746576,0.951563960638494,0.953610154530412,
0.95565634842233,0.959748736206167,0.963841123990004,0.96793351177384,0.972025899557677,
0.976118287341514,0.98021067512535,0.984303062909187,0.988395450693023),
 .UNSPECIFIED.);
#397=B_SPLINE_CURVE_WITH_KNOTS('',3,(#1354,#1355,#1356,#1357,#1358,#1359,
#1360,#1361,#1362,#1363,#1364,#1365,#1366,#1367,#1368,#1369,#1370,#1371,
#1372,#1373,#1374,#1375,#1376,#1377,#1378,#1379,#1380,#1381,#1382,#1383,
#1384,#1385,#1386,#1387,#1388,#1389,#1390,#1391,#1392,#1393,#1394,#1395,
#1396,#1397,#1398,#1399,#1400,#1401,#1402,#1403,#1404,#1405),
 .UNSPECIFIED.,.F.,.F.,(4,1,1,1,1,1,1,1,1,1,1,1,1,1,1,1,1,1,1,1,1,1,1,1,
1,1,1,1,1,1,1,1,1,1,1,1,1,1,1,1,1,1,1,1,1,1,1,1,1,4),(0.857439041610251,
0.861531429394088,0.863577623286006,0.865623817177925,0.867670011069843,
0.868693108015802,0.869716204961761,0.87176239885368,0.873808592745598,
0.877900980529434,0.881993368313271,0.886085756097108,0.888131949989026,
0.890178143880944,0.894270531664781,0.898362919448618,0.902455307232454,
0.906547695016291,0.908593888908209,0.910640082800128,0.914732470583964,
0.918824858367801,0.922917246151637,0.924963440043556,0.927009633935474,
0.929055827827392,0.931102021719311,0.933148215611229,0.935194409503147,
0.936217506449106,0.937240603395066,0.938263700341025,0.939286797286984,
0.940309894232943,0.941332991178902,0.94337918507082,0.945425378962739,
0.947471572854657,0.949517766746576,0.951563960638494,0.953610154530412,
0.95565634842233,0.959748736206167,0.963841123990004,0.96793351177384,0.972025899557677,
0.976118287341514,0.98021067512535,0.984303062909187,0.988395450693023),
 .UNSPECIFIED.);
#398=B_SPLINE_CURVE_WITH_KNOTS('',3,(#1454,#1455,#1456,#1457,#1458,#1459,
#1460,#1461,#1462,#1463,#1464,#1465,#1466,#1467,#1468,#1469,#1470,#1471,
#1472,#1473,#1474,#1475,#1476,#1477,#1478,#1479,#1480,#1481,#1482,#1483,
#1484,#1485,#1486,#1487,#1488,#1489,#1490,#1491,#1492),.UNSPECIFIED.,.F.,
 .F.,(4,1,1,1,1,1,1,1,1,1,1,1,1,1,1,1,1,1,1,1,1,1,1,1,1,1,1,1,1,1,1,1,1,
1,1,1,4),(0.999967609705901,1.00287390941269,1.00578020911947,1.00868650882626,
1.01159280853305,1.01740540794662,1.02321800736019,1.02612430706698,1.02903060677377,
1.03193690648055,1.03339005633395,1.03484320618734,1.03629635604073,1.03774950589413,
1.03920265574752,1.04065580560091,1.04210895545431,1.0435621053077,1.04501525516109,
1.04646840501449,1.04937470472127,1.05228100442806,1.05373415428145,1.05518730413484,
1.05809360384163,1.06099990354842,1.0639062032552,1.06971880266878,1.07553140208235,
1.07843770178914,1.08134400149592,1.08425030120271,1.0871566009095,1.08860975076289,
1.09006290061628,1.09151605046968,1.09296920032307),.UNSPECIFIED.);
#399=B_SPLINE_CURVE_WITH_KNOTS('',3,(#1496,#1497,#1498,#1499,#1500,#1501,
#1502,#1503,#1504,#1505,#1506,#1507,#1508,#1509,#1510,#1511,#1512,#1513,
#1514,#1515,#1516,#1517,#1518,#1519,#1520,#1521,#1522,#1523,#1524,#1525,
#1526,#1527,#1528,#1529,#1530,#1531,#1532,#1533,#1534),.UNSPECIFIED.,.F.,
 .F.,(4,1,1,1,1,1,1,1,1,1,1,1,1,1,1,1,1,1,1,1,1,1,1,1,1,1,1,1,1,1,1,1,1,
1,1,1,4),(0.999967609705901,1.00287390941269,1.00578020911947,1.00868650882626,
1.01159280853305,1.01740540794662,1.02321800736019,1.02612430706698,1.02903060677377,
1.03193690648055,1.03339005633395,1.03484320618734,1.03629635604073,1.03774950589413,
1.03920265574752,1.04065580560091,1.04210895545431,1.0435621053077,1.04501525516109,
1.04646840501449,1.04937470472127,1.05228100442806,1.05373415428145,1.05518730413484,
1.05809360384163,1.06099990354842,1.0639062032552,1.06971880266878,1.07553140208235,
1.07843770178914,1.08134400149592,1.08425030120271,1.0871566009095,1.08860975076289,
1.09006290061628,1.09151605046968,1.09296920032307),.UNSPECIFIED.);
#400=B_SPLINE_CURVE_WITH_KNOTS('',3,(#1557,#1558,#1559,#1560,#1561,#1562,
#1563,#1564,#1565,#1566,#1567,#1568,#1569,#1570,#1571,#1572,#1573,#1574,
#1575,#1576,#1577),.UNSPECIFIED.,.F.,.F.,(4,1,1,1,1,1,1,1,1,1,1,1,1,1,1,
1,1,1,4),(0.0982974922942025,0.100250176843558,0.101226519118236,0.101714690255575,
0.102202861392914,0.102691032530253,0.103179203667592,0.10415554594227,
0.105131888216948,0.106108230491626,0.108060915040982,0.110013599590338,
0.111966284139694,0.11391896868905,0.115871653238406,0.117824337787762,
0.121729706886474,0.125635075985186,0.129540445083898),.UNSPECIFIED.);
#401=B_SPLINE_CURVE_WITH_KNOTS('',3,(#1581,#1582,#1583,#1584,#1585,#1586,
#1587,#1588,#1589,#1590,#1591,#1592,#1593,#1594,#1595,#1596,#1597,#1598,
#1599,#1600,#1601),.UNSPECIFIED.,.F.,.F.,(4,1,1,1,1,1,1,1,1,1,1,1,1,1,1,
1,1,1,4),(0.0982974922942025,0.100250176843558,0.101226519118236,0.101714690255575,
0.102202861392914,0.102691032530253,0.103179203667592,0.10415554594227,
0.105131888216948,0.106108230491626,0.108060915040982,0.110013599590338,
0.111966284139694,0.11391896868905,0.115871653238406,0.117824337787762,
0.121729706886474,0.125635075985186,0.129540445083898),.UNSPECIFIED.);
#402=B_SPLINE_CURVE_WITH_KNOTS('',3,(#1652,#1653,#1654,#1655,#1656,#1657,
#1658,#1659,#1660,#1661,#1662,#1663,#1664,#1665,#1666,#1667,#1668,#1669,
#1670,#1671,#1672,#1673,#1674,#1675,#1676,#1677,#1678,#1679,#1680,#1681,
#1682,#1683,#1684,#1685,#1686,#1687,#1688,#1689,#1690,#1691,#1692,#1693,
#1694),.UNSPECIFIED.,.F.,.F.,(4,1,1,1,1,1,1,1,1,1,1,1,1,1,1,1,1,1,1,1,1,
1,1,1,1,1,1,1,1,1,1,1,1,1,1,1,1,1,1,1,4),(0.13619544497656,0.138495643154366,
0.140795841332173,0.14309603950998,0.144246138598883,0.145396237687786,
0.14654633677669,0.147121386321141,0.147696435865593,0.148271485410045,
0.148846534954496,0.1499966340434,0.151146733132303,0.152296832221207,0.154597030399013,
0.15689722857682,0.158047327665723,0.159197426754627,0.16034752584353,0.160922575387982,
0.161497624932433,0.162647724021336,0.163797823110239,0.166098021288046,
0.168398219465853,0.17069841764366,0.172998615821467,0.17414871491037,0.175298813999273,
0.176448913088176,0.17759901217708,0.179899210354886,0.182199408532693,
0.1844996067105,0.186799804888306,0.19140020124392,0.196000597599533,0.200600993955146,
0.20520139031076,0.207501588488566,0.209801786666373),.UNSPECIFIED.);
#403=B_SPLINE_CURVE_WITH_KNOTS('',3,(#1698,#1699,#1700,#1701,#1702,#1703,
#1704,#1705,#1706,#1707,#1708,#1709,#1710,#1711,#1712,#1713,#1714,#1715,
#1716,#1717,#1718,#1719,#1720,#1721,#1722,#1723,#1724,#1725,#1726,#1727,
#1728,#1729,#1730,#1731,#1732,#1733,#1734,#1735,#1736,#1737,#1738,#1739,
#1740),.UNSPECIFIED.,.F.,.F.,(4,1,1,1,1,1,1,1,1,1,1,1,1,1,1,1,1,1,1,1,1,
1,1,1,1,1,1,1,1,1,1,1,1,1,1,1,1,1,1,1,4),(0.13619544497656,0.138495643154366,
0.140795841332173,0.14309603950998,0.144246138598883,0.145396237687786,
0.14654633677669,0.147121386321141,0.147696435865593,0.148271485410045,
0.148846534954496,0.1499966340434,0.151146733132303,0.152296832221207,0.154597030399013,
0.15689722857682,0.158047327665723,0.159197426754627,0.16034752584353,0.160922575387982,
0.161497624932433,0.162647724021336,0.163797823110239,0.166098021288046,
0.168398219465853,0.17069841764366,0.172998615821467,0.17414871491037,0.175298813999273,
0.176448913088176,0.17759901217708,0.179899210354886,0.182199408532693,
0.1844996067105,0.186799804888306,0.19140020124392,0.196000597599533,0.200600993955146,
0.20520139031076,0.207501588488566,0.209801786666373),.UNSPECIFIED.);
#404=B_SPLINE_CURVE_WITH_KNOTS('',3,(#1799,#1800,#1801,#1802,#1803,#1804,
#1805,#1806,#1807,#1808,#1809,#1810,#1811,#1812,#1813,#1814,#1815,#1816,
#1817,#1818,#1819,#1820,#1821,#1822,#1823,#1824,#1825,#1826,#1827,#1828,
#1829,#1830,#1831,#1832,#1833,#1834,#1835,#1836,#1837,#1838,#1839,#1840,
#1841,#1842,#1843,#1844,#1845,#1846,#1847,#1848),.UNSPECIFIED.,.F.,.F.,
(4,1,1,1,1,1,1,1,1,1,1,1,1,1,1,1,1,1,1,1,1,1,1,1,1,1,1,1,1,1,1,1,1,1,1,
1,1,1,1,1,1,1,1,1,1,1,1,4),(0.21699614644575,0.220094609119719,0.223193071793688,
0.226291534467657,0.229389997141627,0.232488459815596,0.234037691152581,
0.235586922489566,0.23713615382655,0.238685385163534,0.241783847837504,
0.244882310511473,0.247980773185442,0.249530004522427,0.251079235859411,
0.252628467196397,0.253403082864888,0.254177698533381,0.254952314201873,
0.255726929870365,0.25727616120735,0.258825392544335,0.26037462388132,0.263473086555289,
0.265022317892273,0.266571549229258,0.268120780566243,0.269670011903227,
0.271219243240212,0.272768474577196,0.274317705914181,0.275866937251165,
0.278965399925135,0.282063862599104,0.285162325273074,0.288260787947043,
0.291359250621012,0.294457713294981,0.29755617596895,0.303753101316889,
0.306851563990858,0.309950026664828,0.311499258001812,0.313048489338796,
0.313823105007289,0.314597720675781,0.315372336344273,0.316146952012766),
 .UNSPECIFIED.);
#405=B_SPLINE_CURVE_WITH_KNOTS('',3,(#1849,#1850,#1851,#1852,#1853,#1854,
#1855,#1856,#1857,#1858,#1859,#1860,#1861,#1862,#1863,#1864,#1865,#1866,
#1867,#1868,#1869,#1870,#1871,#1872,#1873,#1874,#1875,#1876,#1877,#1878,
#1879,#1880,#1881,#1882,#1883,#1884,#1885,#1886,#1887,#1888,#1889,#1890,
#1891,#1892,#1893,#1894,#1895,#1896,#1897,#1898),.UNSPECIFIED.,.F.,.F.,
(4,1,1,1,1,1,1,1,1,1,1,1,1,1,1,1,1,1,1,1,1,1,1,1,1,1,1,1,1,1,1,1,1,1,1,
1,1,1,1,1,1,1,1,1,1,1,1,4),(0.21699614644575,0.220094609119719,0.223193071793688,
0.226291534467657,0.229389997141627,0.232488459815596,0.234037691152581,
0.235586922489566,0.23713615382655,0.238685385163534,0.241783847837504,
0.244882310511473,0.247980773185442,0.249530004522427,0.251079235859411,
0.252628467196397,0.253403082864888,0.254177698533381,0.254952314201873,
0.255726929870365,0.25727616120735,0.258825392544335,0.26037462388132,0.263473086555289,
0.265022317892273,0.266571549229258,0.268120780566243,0.269670011903227,
0.271219243240212,0.272768474577196,0.274317705914181,0.275866937251165,
0.278965399925135,0.282063862599104,0.285162325273074,0.288260787947043,
0.291359250621012,0.294457713294981,0.29755617596895,0.303753101316889,
0.306851563990858,0.309950026664828,0.311499258001812,0.313048489338796,
0.313823105007289,0.314597720675781,0.315372336344273,0.316146952012766),
 .UNSPECIFIED.);
#406=B_SPLINE_CURVE_WITH_KNOTS('',3,(#2023,#2024,#2025,#2026,#2027,#2028,
#2029,#2030,#2031,#2032,#2033,#2034,#2035,#2036,#2037,#2038,#2039,#2040,
#2041,#2042,#2043,#2044,#2045,#2046,#2047,#2048,#2049,#2050,#2051,#2052,
#2053,#2054,#2055,#2056,#2057,#2058,#2059,#2060,#2061,#2062,#2063,#2064,
#2065,#2066,#2067,#2068,#2069,#2070,#2071,#2072,#2073,#2074,#2075,#2076,
#2077,#2078,#2079,#2080,#2081,#2082,#2083,#2084),.UNSPECIFIED.,.T.,.F.,
(1,1,1,1,1,1,1,1,1,1,1,1,1,1,1,1,1,1,1,1,1,1,1,1,1,1,1,1,1,1,1,1,1,1,1,
1,1,1,1,1,1,1,1,1,1,1,1,1,1,1,1,1,1,1,1,1,1,1,1,1,1,1,1,1,1,1),(-0.0489744131760741,
-0.0330800563512426,-0.0110696046081203,0.,0.0367542526740734,0.0546359173055955,
0.0908838712947368,0.102201666952943,0.117242614344587,0.133295119286492,
0.147658731710743,0.161251435152788,0.174120751941755,0.203959167908615,
0.217885598452368,0.236110956776115,0.254068726421552,0.267358320611234,
0.282065109162022,0.31569761610596,0.323925305440374,0.358432174497651,
0.389766465371659,0.402732691205072,0.41458770445453,0.42659055732516,0.443267679094429,
0.459335228570845,0.485969621830261,0.5107883647945,0.521092454432936,0.531586059017062,
0.554310338988121,0.574214818715347,0.586622400836735,0.597384231980854,
0.607981217020052,0.630318313037448,0.642619328709871,0.656291250896298,
0.681795492192931,0.696325593906043,0.715338514726096,0.732714289170238,
0.744334118366683,0.754145204965456,0.765416477720038,0.776990643529701,
0.78681506141166,0.800832032153901,0.81915560303169,0.831634774752758,0.842525115669354,
0.854184756180967,0.868275491370862,0.886879292605386,0.907224457217411,
0.925030350591364,0.937284021959503,0.951025586823926,0.966919943648757,
0.98893039539188,1.,1.03675425267407,1.0546359173056,1.09088387129474),
 .UNSPECIFIED.);
#407=B_SPLINE_CURVE_WITH_KNOTS('',3,(#2086,#2087,#2088,#2089,#2090,#2091,
#2092,#2093,#2094,#2095,#2096,#2097,#2098,#2099,#2100,#2101,#2102,#2103,
#2104,#2105,#2106,#2107,#2108,#2109,#2110,#2111,#2112,#2113,#2114,#2115,
#2116,#2117,#2118,#2119,#2120,#2121,#2122,#2123,#2124,#2125,#2126,#2127,
#2128,#2129,#2130,#2131,#2132,#2133,#2134,#2135,#2136,#2137,#2138,#2139,
#2140,#2141,#2142,#2143,#2144,#2145,#2146,#2147),.UNSPECIFIED.,.T.,.F.,
(1,1,1,1,1,1,1,1,1,1,1,1,1,1,1,1,1,1,1,1,1,1,1,1,1,1,1,1,1,1,1,1,1,1,1,
1,1,1,1,1,1,1,1,1,1,1,1,1,1,1,1,1,1,1,1,1,1,1,1,1,1,1,1,1,1,1),(-0.0489744131760741,
-0.0330800563512426,-0.0110696046081203,0.,0.0367542526740734,0.0546359173055955,
0.0908838712947368,0.102201666952943,0.117242614344587,0.133295119286492,
0.147658731710743,0.161251435152788,0.174120751941755,0.203959167908615,
0.217885598452368,0.236110956776115,0.254068726421552,0.267358320611234,
0.282065109162022,0.31569761610596,0.323925305440374,0.358432174497651,
0.389766465371659,0.402732691205072,0.41458770445453,0.42659055732516,0.443267679094429,
0.459335228570845,0.485969621830261,0.5107883647945,0.521092454432936,0.531586059017062,
0.554310338988121,0.574214818715347,0.586622400836735,0.597384231980854,
0.607981217020052,0.630318313037448,0.642619328709871,0.656291250896298,
0.681795492192931,0.696325593906043,0.715338514726096,0.732714289170238,
0.744334118366683,0.754145204965456,0.765416477720038,0.776990643529701,
0.78681506141166,0.800832032153901,0.81915560303169,0.831634774752758,0.842525115669354,
0.854184756180967,0.868275491370862,0.886879292605386,0.907224457217411,
0.925030350591364,0.937284021959503,0.951025586823926,0.966919943648757,
0.98893039539188,1.,1.03675425267407,1.0546359173056,1.09088387129474),
 .UNSPECIFIED.);
#408=B_SPLINE_CURVE_WITH_KNOTS('',3,(#2151,#2152,#2153,#2154,#2155,#2156,
#2157,#2158,#2159,#2160,#2161,#2162,#2163,#2164,#2165,#2166,#2167,#2168,
#2169,#2170,#2171,#2172,#2173,#2174,#2175,#2176,#2177,#2178,#2179,#2180,
#2181,#2182,#2183,#2184,#2185,#2186,#2187,#2188,#2189,#2190,#2191,#2192,
#2193,#2194,#2195,#2196,#2197,#2198,#2199,#2200,#2201,#2202,#2203,#2204,
#2205,#2206,#2207,#2208,#2209,#2210,#2211,#2212,#2213,#2214,#2215,#2216,
#2217,#2218,#2219,#2220,#2221,#2222,#2223,#2224,#2225,#2226,#2227,#2228,
#2229,#2230,#2231,#2232,#2233,#2234,#2235,#2236),.UNSPECIFIED.,.F.,.F.,
(4,1,1,1,1,1,1,1,1,1,1,1,1,1,1,1,1,1,1,1,1,1,1,1,1,1,1,1,1,1,1,1,1,1,1,
1,1,1,1,1,1,1,1,1,1,1,1,1,1,1,1,1,1,1,1,1,1,1,1,1,1,1,1,1,1,1,1,1,1,1,1,
1,1,1,1,1,1,1,1,1,1,1,1,4),(0.335738459940911,0.340902583524827,0.346066707108745,
0.351230830692662,0.356394954276579,0.358977016068537,0.361559077860496,
0.364141139652454,0.366723201444413,0.37188732502833,0.377051448612247,
0.382215572196164,0.384797633988123,0.387379695780082,0.388670726676061,
0.38996175757204,0.39125278846802,0.392543819363999,0.393834850259978,0.395125881155957,
0.396416912051937,0.397062427499926,0.397707942947916,0.398998973843895,
0.400290004739874,0.400935520187864,0.401581035635853,0.402226551083843,
0.402872066531833,0.403517581979823,0.404163097427812,0.405454128323792,
0.406745159219771,0.40803619011575,0.40868170556374,0.409327221011729,0.410618251907709,
0.411263767355698,0.411909282803687,0.413200313699667,0.413845829147656,
0.414491344595646,0.415136860043636,0.415782375491625,0.416427890939615,
0.417073406387605,0.418364437283584,0.419655468179563,0.420946499075542,
0.422237529971522,0.423528560867501,0.42611062265946,0.428692684451419,
0.429983715347397,0.431274746243377,0.433856808035335,0.436438869827294,
0.439020931619252,0.440311962515232,0.441602993411211,0.44289402430719,
0.444185055203169,0.445476086099149,0.446767116995128,0.448058147891108,
0.449349178787087,0.451931240579045,0.454513302371004,0.455804333266983,
0.457095364162962,0.458386395058942,0.459677425954921,0.4609684568509,0.462259487746879,
0.464841549538838,0.467423611330797,0.470005673122755,0.475169796706672,
0.480333920290589,0.485498043874506,0.488080105666465,0.490662167458423,
0.495826291042341,0.500990414626258),.UNSPECIFIED.);
#409=B_SPLINE_CURVE_WITH_KNOTS('',3,(#2239,#2240,#2241,#2242,#2243,#2244,
#2245,#2246,#2247,#2248,#2249,#2250,#2251,#2252,#2253,#2254,#2255,#2256,
#2257,#2258,#2259,#2260,#2261,#2262,#2263,#2264,#2265,#2266,#2267,#2268,
#2269,#2270,#2271,#2272,#2273,#2274,#2275,#2276,#2277,#2278,#2279,#2280,
#2281,#2282,#2283,#2284,#2285,#2286,#2287,#2288,#2289,#2290,#2291,#2292,
#2293,#2294,#2295,#2296,#2297,#2298,#2299,#2300,#2301),.UNSPECIFIED.,.F.,
 .F.,(4,1,1,1,1,1,1,1,1,1,1,1,1,1,1,1,1,1,1,1,1,1,1,1,1,1,1,1,1,1,1,1,1,
1,1,1,1,1,1,1,1,1,1,1,1,1,1,1,1,1,1,1,1,1,1,1,1,1,1,1,4),(0.538736778515803,
0.543580789290455,0.548424800065108,0.550846805452435,0.553268810839761,
0.555690816227087,0.558112821614414,0.562956832389067,0.567800843163719,
0.570222848551046,0.572644853938372,0.573855856632035,0.574461357978867,
0.575066859325699,0.576277862019362,0.577488864713025,0.578699867406688,
0.579910870100351,0.580516371447183,0.581121872794014,0.581727374140846,
0.582332875487678,0.583543878181341,0.584754880875004,0.585360382221836,
0.585965883568667,0.586268634242083,0.586571384915499,0.586874135588915,
0.58717688626233,0.587782387609162,0.588387888955994,0.588993390302825,
0.589598891649657,0.59080989434332,0.591415395690152,0.592020897036983,
0.593231899730646,0.593837401077478,0.59444290242431,0.595653905117973,
0.596864907811636,0.598075910505299,0.598681411852131,0.599286913198962,
0.599892414545794,0.600497915892626,0.601103417239457,0.601708918586289,
0.60231441993312,0.602919921279952,0.603525422626783,0.604130923973615,
0.605341926667278,0.606552929360942,0.607763932054605,0.608974934748268,
0.610185937441931,0.611396940135594,0.613818945522921,0.616240950910247),
 .UNSPECIFIED.);
#410=B_SPLINE_CURVE_WITH_KNOTS('',3,(#2303,#2304,#2305,#2306,#2307,#2308,
#2309),.UNSPECIFIED.,.F.,.F.,(4,1,1,1,4),(0.665955127823827,0.669296778272361,
0.672638428720896,0.67598007916943,0.679321729617964),
 .QUASI_UNIFORM_KNOTS.);
#411=B_SPLINE_CURVE_WITH_KNOTS('',3,(#2311,#2312,#2313,#2314,#2315,#2316,
#2317,#2318,#2319,#2320,#2321,#2322,#2323,#2324,#2325,#2326,#2327,#2328,
#2329,#2330,#2331,#2332,#2333,#2334,#2335,#2336,#2337,#2338,#2339,#2340,
#2341,#2342,#2343,#2344,#2345,#2346,#2347,#2348,#2349),.UNSPECIFIED.,.F.,
 .F.,(4,1,1,1,1,1,1,1,1,1,1,1,1,1,1,1,1,1,1,1,1,1,1,1,1,1,1,1,1,1,1,1,1,
1,1,1,4),(0.693124553393792,0.694856101211077,0.696587649028363,0.698319196845648,
0.700050744662933,0.701782292480218,0.703513840297504,0.706976935932074,
0.710440031566644,0.712171579383929,0.713903127201215,0.7156346750185,0.717366222835785,
0.720829318470356,0.722560866287641,0.724292414104926,0.726023961922211,
0.727755509739496,0.729487057556782,0.730352831465424,0.731218605374067,
0.732084379282709,0.732950153191352,0.733815927099994,0.734681701008637,
0.736413248825922,0.737279022734565,0.738144796643207,0.739876344460493,
0.741607892277778,0.743339440095063,0.744205214003706,0.745070987912348,
0.745936761820991,0.746802535729634,0.747668309638276,0.748534083546919),
 .UNSPECIFIED.);
#412=B_SPLINE_CURVE_WITH_KNOTS('',3,(#2351,#2352,#2353,#2354,#2355,#2356,
#2357,#2358,#2359,#2360,#2361,#2362),.UNSPECIFIED.,.F.,.F.,(4,1,1,1,1,1,
1,1,1,4),(0.814421491394174,0.815755857842187,0.817090224290199,0.818424590738212,
0.819758957186225,0.820426140410232,0.821093323634238,0.822427690082251,
0.823762056530264,0.825096422978277),.UNSPECIFIED.);
#413=B_SPLINE_CURVE_WITH_KNOTS('',3,(#2364,#2365,#2366,#2367,#2368,#2369,
#2370,#2371,#2372,#2373,#2374,#2375,#2376,#2377,#2378,#2379,#2380,#2381,
#2382,#2383,#2384,#2385,#2386,#2387,#2388,#2389,#2390,#2391,#2392,#2393,
#2394,#2395,#2396,#2397,#2398,#2399,#2400,#2401,#2402,#2403,#2404,#2405,
#2406,#2407,#2408,#2409,#2410,#2411,#2412,#2413,#2414,#2415,#2416,#2417,
#2418,#2419,#2420,#2421,#2422,#2423,#2424,#2425,#2426),.UNSPECIFIED.,.F.,
 .F.,(4,1,1,1,1,1,1,1,1,1,1,1,1,1,1,1,1,1,1,1,1,1,1,1,1,1,1,1,1,1,1,1,1,
1,1,1,1,1,1,1,1,1,1,1,1,1,1,1,1,1,1,1,1,1,1,1,1,1,1,1,4),(0.876035601310702,
0.879232128944819,0.882428656578936,0.885625184213053,0.88882171184717,
0.892018239481288,0.895214767115405,0.898411294749522,0.901607822383639,
0.904804350017757,0.906402613834815,0.908000877651874,0.909599141468933,
0.911197405285991,0.914393932920109,0.917590460554226,0.920786988188343,
0.922385252005402,0.92398351582246,0.92478264773099,0.925581779639519,0.926380911548048,
0.927180043456578,0.928778307273636,0.929577439182166,0.930376571090695,
0.931175702999224,0.931974834907753,0.933573098724812,0.934372230633341,
0.935171362541871,0.9359704944504,0.936370060404665,0.936769626358929,0.937169192313194,
0.937368975290326,0.937568758267459,0.937968324221723,0.938367890175988,
0.939167022084517,0.939566588038782,0.939966153993047,0.940765285901576,
0.941564417810105,0.943162681627164,0.943961813535693,0.944760945444223,
0.946359209261281,0.94795747307834,0.949555736895398,0.951154000712457,
0.952752264529516,0.954350528346574,0.955948792163633,0.95914531979775,
0.962341847431867,0.965538375065984,0.968734902700102,0.971931430334219,
0.975127957968336,0.978324485602454),.UNSPECIFIED.);
#414=B_SPLINE_CURVE_WITH_KNOTS('',3,(#2428,#2429,#2430,#2431,#2432,#2433,
#2434,#2435,#2436,#2437,#2438,#2439,#2440,#2441,#2442,#2443,#2444,#2445,
#2446,#2447,#2448,#2449,#2450,#2451,#2452,#2453,#2454,#2455,#2456,#2457,
#2458,#2459,#2460,#2461,#2462,#2463,#2464,#2465,#2466,#2467,#2468,#2469,
#2470,#2471,#2472,#2473,#2474),.UNSPECIFIED.,.F.,.F.,(4,1,1,1,1,1,1,1,1,
1,1,1,1,1,1,1,1,1,1,1,1,1,1,1,1,1,1,1,1,1,1,1,1,1,1,1,1,1,1,1,1,1,1,1,4),
(1.0077988910631,1.01261573000206,1.01743256894103,1.02224940787999,1.02465782734947,
1.02706624681895,1.02947466628844,1.03188308575792,1.03308729549266,1.0342915052274,
1.03549571496214,1.03669992469688,1.03730202956425,1.03790413443162,1.03910834416636,
1.0403125539011,1.04091465876847,1.04151676363584,1.04211886850321,1.04272097337058,
1.04332307823796,1.04392518310533,1.0445272879727,1.04512939284007,1.04573149770744,
1.04633360257481,1.04753781230955,1.04874202204429,1.04994623177903,1.05115044151377,
1.05175254638114,1.05235465124851,1.05295675611588,1.05355886098325,1.05476307071799,
1.05596728045273,1.05717149018748,1.05837569992222,1.0607841193917,1.06319253886118,
1.06560095833066,1.07041779726962,1.07523463620859,1.08005147514755,1.08486831408651),
 .UNSPECIFIED.);
#415=B_SPLINE_CURVE_WITH_KNOTS('',3,(#2476,#2477,#2478,#2479,#2480),
 .UNSPECIFIED.,.F.,.F.,(4,1,4),(0.105215404728262,0.108173741975126,0.111132079221991),
 .QUASI_UNIFORM_KNOTS.);
#416=B_SPLINE_CURVE_WITH_KNOTS('',3,(#2482,#2483,#2484,#2485,#2486,#2487,
#2488,#2489,#2490,#2491,#2492,#2493,#2494,#2495,#2496,#2497,#2498,#2499,
#2500,#2501,#2502,#2503,#2504),.UNSPECIFIED.,.F.,.F.,(4,1,1,1,1,1,1,1,1,
1,1,1,1,1,1,1,1,1,1,1,4),(0.146304554172785,0.146827412933048,0.147350271693311,
0.147611701073443,0.147873130453574,0.148395989213837,0.149441706734364,
0.15048742425489,0.151533141775417,0.152578859295943,0.153624576816469,
0.154670294336996,0.155716011857521,0.156761729378048,0.157807446898574,
0.1588531644191,0.159898881939627,0.16042174069989,0.160944599460153,0.161990316980679,
0.163036034501206),.UNSPECIFIED.);
#417=B_SPLINE_CURVE_WITH_KNOTS('',3,(#2506,#2507,#2508,#2509,#2510,#2511,
#2512),.UNSPECIFIED.,.F.,.F.,(4,1,1,1,4),(0.179625358250495,0.183313210014872,
0.187001061779248,0.190688913543624,0.194376765308),
 .QUASI_UNIFORM_KNOTS.);
#418=B_SPLINE_CURVE_WITH_KNOTS('',3,(#2514,#2515,#2516,#2517,#2518,#2519,
#2520,#2521,#2522,#2523,#2524,#2525,#2526,#2527,#2528,#2529,#2530,#2531,
#2532,#2533,#2534,#2535,#2536,#2537,#2538,#2539,#2540,#2541,#2542,#2543,
#2544,#2545,#2546,#2547,#2548,#2549,#2550,#2551,#2552,#2553,#2554,#2555,
#2556,#2557,#2558,#2559,#2560,#2561,#2562,#2563,#2564,#2565,#2566,#2567,
#2568,#2569,#2570,#2571,#2572),.UNSPECIFIED.,.F.,.F.,(4,1,1,1,1,1,1,1,1,
1,1,1,1,1,1,1,1,1,1,1,1,1,1,1,1,1,1,1,1,1,1,1,1,1,1,1,1,1,1,1,1,1,1,1,1,
1,1,1,1,1,1,1,1,1,1,1,4),(0.241450988826897,0.243638953241212,0.24473293544837,
0.245826917655527,0.246920899862685,0.248014882069842,0.249108864277,0.250202846484157,
0.251296828691315,0.252390810898473,0.252937802002052,0.25348479310563,
0.254031784209209,0.254305279760998,0.254578775312788,0.255125766416366,
0.255672757519945,0.256766739727103,0.257860721934261,0.258954704141418,
0.260048686348575,0.261142668555733,0.26223665076289,0.263330632970048,
0.264424615177206,0.265518597384364,0.266065588487942,0.266612579591521,
0.2671595706951,0.267706561798679,0.268800544005836,0.269347535109415,0.269894526212994,
0.270988508420151,0.27153549952373,0.272082490627309,0.272629481730888,
0.273176472834466,0.274270455041624,0.275364437248782,0.276458419455939,
0.277552401663097,0.278646383870254,0.279740366077412,0.280834348284569,
0.281928330491727,0.283022312698885,0.2852102771132,0.287398241527514,0.28958620594183,
0.29396213477046,0.29833806359909,0.302713992427721,0.304901956842035,0.307089921256351,
0.309277885670666,0.311465850084981),.UNSPECIFIED.);
#419=B_SPLINE_CURVE_WITH_KNOTS('',3,(#2641,#2642,#2643,#2644,#2645,#2646,
#2647,#2648,#2649,#2650,#2651,#2652,#2653,#2654,#2655,#2656,#2657,#2658,
#2659,#2660,#2661,#2662,#2663,#2664,#2665,#2666,#2667,#2668,#2669,#2670,
#2671,#2672,#2673,#2674,#2675,#2676,#2677,#2678,#2679,#2680,#2681,#2682,
#2683,#2684,#2685,#2686,#2687,#2688,#2689,#2690,#2691,#2692,#2693,#2694,
#2695,#2696,#2697,#2698,#2699),.UNSPECIFIED.,.F.,.F.,(4,1,1,1,1,1,1,1,1,
1,1,1,1,1,1,1,1,1,1,1,1,1,1,1,1,1,1,1,1,1,1,1,1,1,1,1,1,1,1,1,1,1,1,1,1,
1,1,1,1,1,1,1,1,1,1,1,4),(0.603159379360068,0.60525770059156,0.607356021823052,
0.609454343054543,0.611552664286035,0.615749306749019,0.619945949212002,
0.624142591674986,0.628339234137969,0.630437555369461,0.632535876600953,
0.634634197832444,0.636732519063936,0.638830840295428,0.64092916152692,
0.643027482758412,0.645125803989903,0.647224125221395,0.649322446452887,
0.651420767684378,0.65351908891587,0.655617410147362,0.656666570763108,
0.657715731378854,0.659814052610346,0.661912373841837,0.666109016304821,
0.670305658767804,0.674502301230788,0.67660062246228,0.678698943693771,
0.680797264925263,0.682895586156755,0.684993907388247,0.687092228619739,
0.68919054985123,0.691288871082722,0.693387192314214,0.695485513545706,
0.696534674161451,0.697583834777197,0.699682156008689,0.701780477240181,
0.703878798471673,0.708075440934656,0.71227208339764,0.714370404629131,
0.716468725860623,0.720665368323607,0.72486201078659,0.726960332018082,
0.729058653249574,0.731156974481065,0.732206135096811,0.733255295712557,
0.735353616944049,0.737451938175541),.UNSPECIFIED.);
#420=B_SPLINE_CURVE_WITH_KNOTS('',3,(#2704,#2705,#2706,#2707,#2708,#2709,
#2710,#2711,#2712,#2713,#2714,#2715,#2716,#2717,#2718,#2719,#2720,#2721,
#2722,#2723,#2724,#2725,#2726,#2727,#2728,#2729,#2730,#2731,#2732,#2733,
#2734,#2735,#2736,#2737,#2738,#2739,#2740,#2741,#2742,#2743,#2744,#2745,
#2746,#2747,#2748,#2749,#2750,#2751,#2752,#2753,#2754,#2755,#2756,#2757,
#2758,#2759,#2760,#2761,#2762),.UNSPECIFIED.,.F.,.F.,(4,1,1,1,1,1,1,1,1,
1,1,1,1,1,1,1,1,1,1,1,1,1,1,1,1,1,1,1,1,1,1,1,1,1,1,1,1,1,1,1,1,1,1,1,1,
1,1,1,1,1,1,1,1,1,1,1,4),(0.603159379360068,0.60525770059156,0.607356021823052,
0.609454343054543,0.611552664286035,0.615749306749019,0.619945949212002,
0.624142591674986,0.628339234137969,0.630437555369461,0.632535876600953,
0.634634197832444,0.636732519063936,0.638830840295428,0.64092916152692,
0.643027482758412,0.645125803989903,0.647224125221395,0.649322446452887,
0.651420767684378,0.65351908891587,0.655617410147362,0.656666570763108,
0.657715731378854,0.659814052610346,0.661912373841837,0.666109016304821,
0.670305658767804,0.674502301230788,0.67660062246228,0.678698943693771,
0.680797264925263,0.682895586156755,0.684993907388247,0.687092228619739,
0.68919054985123,0.691288871082722,0.693387192314214,0.695485513545706,
0.696534674161451,0.697583834777197,0.699682156008689,0.701780477240181,
0.703878798471673,0.708075440934656,0.71227208339764,0.714370404629131,
0.716468725860623,0.720665368323607,0.72486201078659,0.726960332018082,
0.729058653249574,0.731156974481065,0.732206135096811,0.733255295712557,
0.735353616944049,0.737451938175541),.UNSPECIFIED.);
#421=B_SPLINE_CURVE_WITH_KNOTS('',3,(#2891,#2892,#2893,#2894,#2895,#2896,
#2897,#2898,#2899,#2900,#2901,#2902,#2903,#2904,#2905,#2906,#2907,#2908,
#2909,#2910,#2911,#2912,#2913,#2914,#2915,#2916,#2917,#2918,#2919,#2920,
#2921,#2922,#2923,#2924,#2925,#2926,#2927,#2928,#2929,#2930,#2931,#2932,
#2933,#2934,#2935,#2936,#2937,#2938,#2939,#2940,#2941,#2942,#2943,#2944,
#2945,#2946,#2947,#2948,#2949,#2950,#2951,#2952,#2953,#2954,#2955,#2956,
#2957,#2958,#2959,#2960,#2961,#2962,#2963,#2964,#2965,#2966,#2967,#2968,
#2969,#2970,#2971,#2972,#2973,#2974,#2975,#2976,#2977,#2978,#2979,#2980,
#2981,#2982,#2983,#2984,#2985,#2986,#2987,#2988,#2989,#2990,#2991,#2992,
#2993,#2994),.UNSPECIFIED.,.F.,.F.,(4,1,1,1,1,1,1,1,1,1,1,1,1,1,1,1,1,1,
1,1,1,1,1,1,1,1,1,1,1,1,1,1,1,1,1,1,1,1,1,1,1,1,1,1,1,1,1,1,1,1,1,1,1,1,
1,1,1,1,1,1,1,1,1,1,1,1,1,1,1,1,1,1,1,1,1,1,1,1,1,1,1,1,1,1,1,1,1,1,1,1,
1,1,1,1,1,1,1,1,1,1,1,4),(0.31864298875483,0.319653049890419,0.320663111026007,
0.321673172161597,0.322683233297186,0.323693294432774,0.324198325000568,
0.324703355568363,0.325713416703951,0.32672347783954,0.327733538975129,
0.328743600110718,0.330763722381895,0.332783844653073,0.334803966924251,
0.336824089195428,0.338844211466606,0.342884456008961,0.346924700551316,
0.350964945093671,0.355005189636027,0.357025311907204,0.359045434178381,
0.363085678720737,0.367125923263092,0.371166167805447,0.375206412347802,
0.379246656890158,0.383286901432513,0.387327145974868,0.389347268246046,
0.391367390517223,0.395407635059578,0.397427757330755,0.399447879601934,
0.401468001873111,0.402478063008699,0.403488124144289,0.405508246415466,
0.407528368686643,0.409548490957821,0.411568613228999,0.413588735500176,
0.415608857771354,0.417628980042531,0.419649102313709,0.423689346856065,
0.42772959139842,0.431769835940775,0.43581008048313,0.437830202754308,0.439850325025485,
0.441870447296662,0.442880508432252,0.44389056956784,0.445910691839018,
0.447930814110195,0.45197105865255,0.456011303194906,0.458031425466083,
0.460051547737261,0.464091792279616,0.468132036821971,0.472172281364326,
0.476212525906681,0.480252770449037,0.484293014991392,0.488333259533747,
0.492373504076102,0.496413748618457,0.500453993160812,0.504494237703167,
0.508534482245523,0.5105546045167,0.512574726787878,0.514594849059055,0.516614971330233,
0.518635093601411,0.519645154736999,0.520655215872588,0.521665277008177,
0.522675338143766,0.523685399279354,0.524695460414943,0.526715582686121,
0.528735704957298,0.530755827228476,0.531765888364065,0.532775949499654,
0.534796071770831,0.536816194042009,0.540856438584364,0.544896683126719,
0.548936927669074,0.552977172211429,0.557017416753785,0.56105766129614,
0.565097905838495,0.56913815038085,0.573178394923205,0.575198517194383,
0.57721863946556),.UNSPECIFIED.);
#422=B_SPLINE_CURVE_WITH_KNOTS('',3,(#2996,#2997,#2998,#2999,#3000,#3001,
#3002,#3003,#3004,#3005,#3006,#3007,#3008,#3009,#3010,#3011,#3012,#3013,
#3014,#3015,#3016,#3017,#3018,#3019,#3020,#3021,#3022,#3023,#3024,#3025,
#3026,#3027,#3028,#3029,#3030,#3031,#3032,#3033,#3034,#3035,#3036,#3037,
#3038,#3039,#3040,#3041,#3042,#3043,#3044,#3045,#3046,#3047,#3048,#3049,
#3050,#3051,#3052,#3053,#3054,#3055,#3056,#3057,#3058,#3059,#3060,#3061,
#3062,#3063,#3064,#3065,#3066,#3067,#3068,#3069,#3070,#3071,#3072,#3073,
#3074,#3075,#3076,#3077,#3078,#3079,#3080,#3081,#3082,#3083,#3084,#3085,
#3086,#3087,#3088,#3089,#3090,#3091,#3092,#3093,#3094,#3095,#3096,#3097,
#3098,#3099),.UNSPECIFIED.,.F.,.F.,(4,1,1,1,1,1,1,1,1,1,1,1,1,1,1,1,1,1,
1,1,1,1,1,1,1,1,1,1,1,1,1,1,1,1,1,1,1,1,1,1,1,1,1,1,1,1,1,1,1,1,1,1,1,1,
1,1,1,1,1,1,1,1,1,1,1,1,1,1,1,1,1,1,1,1,1,1,1,1,1,1,1,1,1,1,1,1,1,1,1,1,
1,1,1,1,1,1,1,1,1,1,1,4),(0.31864298875483,0.319653049890419,0.320663111026007,
0.321673172161597,0.322683233297186,0.323693294432774,0.324198325000568,
0.324703355568363,0.325713416703951,0.32672347783954,0.327733538975129,
0.328743600110718,0.330763722381895,0.332783844653073,0.334803966924251,
0.336824089195428,0.338844211466606,0.342884456008961,0.346924700551316,
0.350964945093671,0.355005189636027,0.357025311907204,0.359045434178381,
0.363085678720737,0.367125923263092,0.371166167805447,0.375206412347802,
0.379246656890158,0.383286901432513,0.387327145974868,0.389347268246046,
0.391367390517223,0.395407635059578,0.397427757330755,0.399447879601934,
0.401468001873111,0.402478063008699,0.403488124144289,0.405508246415466,
0.407528368686643,0.409548490957821,0.411568613228999,0.413588735500176,
0.415608857771354,0.417628980042531,0.419649102313709,0.423689346856065,
0.42772959139842,0.431769835940775,0.43581008048313,0.437830202754308,0.439850325025485,
0.441870447296662,0.442880508432252,0.44389056956784,0.445910691839018,
0.447930814110195,0.45197105865255,0.456011303194906,0.458031425466083,
0.460051547737261,0.464091792279616,0.468132036821971,0.472172281364326,
0.476212525906681,0.480252770449037,0.484293014991392,0.488333259533747,
0.492373504076102,0.496413748618457,0.500453993160812,0.504494237703167,
0.508534482245523,0.5105546045167,0.512574726787878,0.514594849059055,0.516614971330233,
0.518635093601411,0.519645154736999,0.520655215872588,0.521665277008177,
0.522675338143766,0.523685399279354,0.524695460414943,0.526715582686121,
0.528735704957298,0.530755827228476,0.531765888364065,0.532775949499654,
0.534796071770831,0.536816194042009,0.540856438584364,0.544896683126719,
0.548936927669074,0.552977172211429,0.557017416753785,0.56105766129614,
0.565097905838495,0.56913815038085,0.573178394923205,0.575198517194383,
0.57721863946556),.UNSPECIFIED.);
#423=B_SPLINE_CURVE_WITH_KNOTS('',3,(#3126,#3127,#3128,#3129,#3130,#3131,
#3132,#3133,#3134,#3135,#3136,#3137,#3138,#3139,#3140,#3141),
 .UNSPECIFIED.,.F.,.F.,(4,1,1,1,1,1,1,1,1,1,1,1,1,4),(0.275763915799378,
0.278234904945394,0.280705894091412,0.283176883237429,0.285647872383446,
0.290589850675479,0.295531828967514,0.300473807259547,0.305415785551581,
0.307886774697598,0.310357763843616,0.312828752989632,0.314064247562641,
0.315299742135649),.UNSPECIFIED.);
#424=B_SPLINE_CURVE_WITH_KNOTS('',3,(#3143,#3144,#3145,#3146,#3147,#3148,
#3149,#3150,#3151,#3152,#3153,#3154,#3155,#3156,#3157,#3158),
 .UNSPECIFIED.,.F.,.F.,(4,1,1,1,1,1,1,1,1,1,1,1,1,4),(0.275763915799378,
0.278234904945394,0.280705894091412,0.283176883237429,0.285647872383446,
0.290589850675479,0.295531828967514,0.300473807259547,0.305415785551581,
0.307886774697598,0.310357763843616,0.312828752989632,0.314064247562641,
0.315299742135649),.UNSPECIFIED.);
#425=B_SPLINE_CURVE_WITH_KNOTS('',3,(#3171,#3172,#3173,#3174,#3175,#3176,
#3177),.UNSPECIFIED.,.F.,.F.,(4,1,1,1,4),(0.254714029773262,0.257672667005429,
0.260631304237597,0.263589941469764,0.266548578701931),
 .QUASI_UNIFORM_KNOTS.);
#426=B_SPLINE_CURVE_WITH_KNOTS('',3,(#3179,#3180,#3181,#3182,#3183,#3184,
#3185),.UNSPECIFIED.,.F.,.F.,(4,1,1,1,4),(0.254714029773262,0.257672667005429,
0.260631304237597,0.263589941469764,0.266548578701931),
 .QUASI_UNIFORM_KNOTS.);
#427=B_SPLINE_CURVE_WITH_KNOTS('',3,(#3244,#3245,#3246,#3247,#3248,#3249,
#3250,#3251,#3252,#3253,#3254,#3255,#3256,#3257,#3258,#3259,#3260,#3261,
#3262,#3263,#3264,#3265,#3266,#3267,#3268,#3269,#3270,#3271,#3272,#3273,
#3274,#3275,#3276,#3277,#3278,#3279,#3280,#3281,#3282,#3283,#3284,#3285,
#3286,#3287,#3288,#3289),.UNSPECIFIED.,.F.,.F.,(4,1,1,1,1,1,1,1,1,1,1,1,
1,1,1,1,1,1,1,1,1,1,1,1,1,1,1,1,1,1,1,1,1,1,1,1,1,1,1,1,1,1,1,4),(0.150892153224956,
0.154106407569257,0.157320661913559,0.15892778908571,0.16053491625786,0.162142043430011,
0.163749170602161,0.165356297774312,0.166963424946463,0.170177679290764,
0.171784806462915,0.173391933635066,0.174999060807216,0.176606187979368,
0.178213315151518,0.179820442323669,0.18303469666797,0.186248951012271,
0.189463205356573,0.192677459700874,0.195891714045175,0.199105968389477,
0.202320222733779,0.203927349905929,0.20553447707808,0.208748731422381,
0.210355858594532,0.211962985766682,0.213570112938833,0.215177240110984,
0.216784367283134,0.218391494455285,0.219998621627436,0.221605748799586,
0.224820003143888,0.228034257488189,0.231248511832491,0.234462766176792,
0.237677020521093,0.240891274865395,0.244105529209696,0.247319783553998,
0.250534037898299,0.2537482922426),.UNSPECIFIED.);
#428=B_SPLINE_CURVE_WITH_KNOTS('',3,(#3291,#3292,#3293,#3294,#3295,#3296,
#3297,#3298,#3299,#3300,#3301,#3302,#3303,#3304,#3305,#3306,#3307,#3308,
#3309,#3310,#3311,#3312,#3313,#3314,#3315,#3316,#3317,#3318,#3319,#3320,
#3321,#3322,#3323,#3324,#3325,#3326,#3327,#3328,#3329,#3330,#3331,#3332,
#3333,#3334,#3335,#3336),.UNSPECIFIED.,.F.,.F.,(4,1,1,1,1,1,1,1,1,1,1,1,
1,1,1,1,1,1,1,1,1,1,1,1,1,1,1,1,1,1,1,1,1,1,1,1,1,1,1,1,1,1,1,4),(0.150892153224956,
0.154106407569257,0.157320661913559,0.15892778908571,0.16053491625786,0.162142043430011,
0.163749170602161,0.165356297774312,0.166963424946463,0.170177679290764,
0.171784806462915,0.173391933635066,0.174999060807216,0.176606187979368,
0.178213315151518,0.179820442323669,0.18303469666797,0.186248951012271,
0.189463205356573,0.192677459700874,0.195891714045175,0.199105968389477,
0.202320222733779,0.203927349905929,0.20553447707808,0.208748731422381,
0.210355858594532,0.211962985766682,0.213570112938833,0.215177240110984,
0.216784367283134,0.218391494455285,0.219998621627436,0.221605748799586,
0.224820003143888,0.228034257488189,0.231248511832491,0.234462766176792,
0.237677020521093,0.240891274865395,0.244105529209696,0.247319783553998,
0.250534037898299,0.2537482922426),.UNSPECIFIED.);
#429=B_SPLINE_CURVE_WITH_KNOTS('',3,(#3403,#3404,#3405,#3406,#3407,#3408,
#3409,#3410,#3411,#3412,#3413,#3414,#3415,#3416,#3417,#3418,#3419,#3420,
#3421,#3422,#3423,#3424,#3425,#3426,#3427,#3428,#3429,#3430,#3431,#3432,
#3433,#3434,#3435,#3436,#3437,#3438,#3439,#3440,#3441,#3442,#3443,#3444,
#3445,#3446,#3447,#3448,#3449,#3450,#3451,#3452),.UNSPECIFIED.,.F.,.F.,
(4,1,1,1,1,1,1,1,1,1,1,1,1,1,1,1,1,1,1,1,1,1,1,1,1,1,1,1,1,1,1,1,1,1,1,
1,1,1,1,1,1,1,1,1,1,1,1,4),(0.0472215272481536,0.0502918610567726,0.0533621948653916,
0.0548973617697011,0.0564325286740106,0.0595028624826296,0.0625731962912485,
0.0656435300998675,0.0687138639084865,0.0717841977171055,0.0748545315257244,
0.0779248653343434,0.0809951991429624,0.0840655329515814,0.0871358667602004,
0.0886710336645099,0.0902062005688193,0.0917413674731288,0.0932765343774383,
0.0948117012817478,0.0963468681860573,0.0978820350903668,0.0994172019946763,
0.100952368898986,0.10171995235114,0.102487535803295,0.104022702707605,
0.105557869611914,0.107093036516224,0.108628203420533,0.111698537229152,
0.114768871037771,0.11783920484639,0.120909538655009,0.123979872463628,
0.127050206272247,0.128585373176557,0.130120540080866,0.131655706985175,
0.13242329043733,0.133190873889485,0.13395845734164,0.134726040793794,0.136261207698104,
0.137796374602413,0.139331541506723,0.142401875315342,0.145472209123961),
 .UNSPECIFIED.);
#430=B_SPLINE_CURVE_WITH_KNOTS('',3,(#3454,#3455,#3456,#3457,#3458,#3459,
#3460,#3461,#3462,#3463,#3464,#3465,#3466,#3467,#3468,#3469,#3470,#3471,
#3472,#3473,#3474,#3475,#3476,#3477,#3478,#3479,#3480,#3481,#3482,#3483,
#3484,#3485,#3486,#3487,#3488,#3489,#3490,#3491,#3492,#3493,#3494,#3495,
#3496,#3497,#3498,#3499,#3500,#3501,#3502,#3503),.UNSPECIFIED.,.F.,.F.,
(4,1,1,1,1,1,1,1,1,1,1,1,1,1,1,1,1,1,1,1,1,1,1,1,1,1,1,1,1,1,1,1,1,1,1,
1,1,1,1,1,1,1,1,1,1,1,1,4),(0.0472215272481536,0.0502918610567726,0.0533621948653916,
0.0548973617697011,0.0564325286740106,0.0595028624826296,0.0625731962912485,
0.0656435300998675,0.0687138639084865,0.0717841977171055,0.0748545315257244,
0.0779248653343434,0.0809951991429624,0.0840655329515814,0.0871358667602004,
0.0886710336645099,0.0902062005688193,0.0917413674731288,0.0932765343774383,
0.0948117012817478,0.0963468681860573,0.0978820350903668,0.0994172019946763,
0.100952368898986,0.10171995235114,0.102487535803295,0.104022702707605,
0.105557869611914,0.107093036516224,0.108628203420533,0.111698537229152,
0.114768871037771,0.11783920484639,0.120909538655009,0.123979872463628,
0.127050206272247,0.128585373176557,0.130120540080866,0.131655706985175,
0.13242329043733,0.133190873889485,0.13395845734164,0.134726040793794,0.136261207698104,
0.137796374602413,0.139331541506723,0.142401875315342,0.145472209123961),
 .UNSPECIFIED.);
#431=B_SPLINE_CURVE_WITH_KNOTS('',3,(#3562,#3563,#3564,#3565,#3566,#3567,
#3568,#3569,#3570,#3571,#3572,#3573,#3574,#3575,#3576,#3577,#3578,#3579,
#3580,#3581,#3582,#3583,#3584,#3585,#3586,#3587,#3588,#3589,#3590,#3591,
#3592,#3593,#3594,#3595,#3596,#3597,#3598,#3599,#3600,#3601,#3602,#3603,
#3604,#3605,#3606,#3607),.UNSPECIFIED.,.F.,.F.,(4,1,1,1,1,1,1,1,1,1,1,1,
1,1,1,1,1,1,1,1,1,1,1,1,1,1,1,1,1,1,1,1,1,1,1,1,1,1,1,1,1,1,1,4),(0.944441066741671,
0.947421530623638,0.950401994505605,0.951892226446588,0.953382458387571,
0.956362922269538,0.959343386151505,0.962323850033472,0.965304313915438,
0.968284777797405,0.971265241679372,0.974245705561338,0.977226169443305,
0.980206633325272,0.983187097207239,0.984677329148222,0.986167561089206,
0.987657793030189,0.988402909000681,0.989148024971172,0.989893140941664,
0.990638256912156,0.992128488853139,0.993618720794122,0.995108952735106,
0.996599184676089,0.998089416617073,0.999579648558056,1.00106988049904,
1.00256011244002,1.00405034438101,1.00703080826297,1.01001127214494,1.01299173602691,
1.01597219990887,1.02193312767281,1.02491359155477,1.02789405543674,1.03087451931871,
1.03385498320067,1.03534521514166,1.03683544708264,1.03832567902362,1.03981591096461),
 .UNSPECIFIED.);
#432=B_SPLINE_CURVE_WITH_KNOTS('',3,(#3609,#3610,#3611,#3612,#3613,#3614,
#3615,#3616,#3617,#3618,#3619,#3620,#3621,#3622,#3623,#3624,#3625,#3626,
#3627,#3628,#3629,#3630,#3631,#3632,#3633,#3634,#3635,#3636,#3637,#3638,
#3639,#3640,#3641,#3642,#3643,#3644,#3645,#3646,#3647,#3648,#3649,#3650,
#3651,#3652,#3653,#3654),.UNSPECIFIED.,.F.,.F.,(4,1,1,1,1,1,1,1,1,1,1,1,
1,1,1,1,1,1,1,1,1,1,1,1,1,1,1,1,1,1,1,1,1,1,1,1,1,1,1,1,1,1,1,4),(0.944441066741671,
0.947421530623638,0.950401994505605,0.951892226446588,0.953382458387571,
0.956362922269538,0.959343386151505,0.962323850033472,0.965304313915438,
0.968284777797405,0.971265241679372,0.974245705561338,0.977226169443305,
0.980206633325272,0.983187097207239,0.984677329148222,0.986167561089206,
0.987657793030189,0.988402909000681,0.989148024971172,0.989893140941664,
0.990638256912156,0.992128488853139,0.993618720794122,0.995108952735106,
0.996599184676089,0.998089416617073,0.999579648558056,1.00106988049904,
1.00256011244002,1.00405034438101,1.00703080826297,1.01001127214494,1.01299173602691,
1.01597219990887,1.02193312767281,1.02491359155477,1.02789405543674,1.03087451931871,
1.03385498320067,1.03534521514166,1.03683544708264,1.03832567902362,1.03981591096461),
 .UNSPECIFIED.);
#433=B_SPLINE_CURVE_WITH_KNOTS('',3,(#3739,#3740,#3741,#3742,#3743,#3744,
#3745,#3746,#3747,#3748,#3749,#3750,#3751,#3752,#3753,#3754,#3755,#3756,
#3757,#3758,#3759,#3760,#3761,#3762,#3763,#3764,#3765,#3766,#3767,#3768,
#3769,#3770,#3771,#3772,#3773,#3774,#3775,#3776,#3777,#3778,#3779,#3780,
#3781,#3782,#3783,#3784,#3785,#3786,#3787,#3788,#3789,#3790,#3791,#3792,
#3793,#3794,#3795,#3796,#3797,#3798,#3799,#3800,#3801,#3802,#3803,#3804,
#3805,#3806,#3807,#3808,#3809,#3810,#3811),.UNSPECIFIED.,.F.,.F.,(4,1,1,
1,1,1,1,1,1,1,1,1,1,1,1,1,1,1,1,1,1,1,1,1,1,1,1,1,1,1,1,1,1,1,1,1,1,1,1,
1,1,1,1,1,1,1,1,1,1,1,1,1,1,1,1,1,1,1,1,1,1,1,1,1,1,1,1,1,1,1,4),(0.761065193060421,
0.762360929748808,0.763656666437196,0.764952403125583,0.766248139813971,
0.768839613190746,0.771431086567521,0.772726823255909,0.774022559944297,
0.775318296632684,0.776614033321072,0.777261901665265,0.777909770009459,
0.779205506697847,0.780501243386234,0.781796980074622,0.784388453451397,
0.786979926828172,0.789571400204947,0.792162873581723,0.794754346958498,
0.797345820335273,0.799937293712048,0.802528767088823,0.807711713842374,
0.812894660595924,0.815486133972699,0.818077607349474,0.82066908072625,
0.823260554103025,0.828443500856575,0.83103497423335,0.833626447610126,
0.836217920986901,0.838809394363676,0.841400867740451,0.842696604428839,
0.843992341117226,0.846583814494001,0.849175287870777,0.850471024559164,
0.851766761247552,0.853062497935939,0.853710366280133,0.854358234624327,
0.855653971312715,0.856949708001102,0.85824544468949,0.859541181377877,
0.862132654754652,0.864724128131428,0.867315601508203,0.86861133819659,
0.869907074884978,0.872498548261753,0.875090021638528,0.880272968392079,
0.885455915145629,0.888047388522404,0.890638861899179,0.89582180865273,
0.90100475540628,0.903596228783055,0.90618770215983,0.908779175536606,0.911370648913381,
0.916553595666931,0.919145069043706,0.921736542420482,0.924328015797257,
0.926919489174032),.UNSPECIFIED.);
#434=B_SPLINE_CURVE_WITH_KNOTS('',3,(#3812,#3813,#3814,#3815,#3816,#3817,
#3818,#3819,#3820,#3821,#3822,#3823,#3824,#3825,#3826,#3827,#3828,#3829,
#3830,#3831,#3832,#3833,#3834,#3835,#3836,#3837,#3838,#3839,#3840,#3841,
#3842,#3843,#3844,#3845,#3846,#3847,#3848,#3849,#3850,#3851,#3852,#3853,
#3854,#3855,#3856,#3857,#3858,#3859,#3860,#3861,#3862,#3863,#3864,#3865,
#3866,#3867,#3868,#3869,#3870,#3871,#3872,#3873,#3874,#3875,#3876,#3877,
#3878,#3879,#3880,#3881,#3882,#3883,#3884),.UNSPECIFIED.,.F.,.F.,(4,1,1,
1,1,1,1,1,1,1,1,1,1,1,1,1,1,1,1,1,1,1,1,1,1,1,1,1,1,1,1,1,1,1,1,1,1,1,1,
1,1,1,1,1,1,1,1,1,1,1,1,1,1,1,1,1,1,1,1,1,1,1,1,1,1,1,1,1,1,1,4),(0.761065193060421,
0.762360929748808,0.763656666437196,0.764952403125583,0.766248139813971,
0.768839613190746,0.771431086567521,0.772726823255909,0.774022559944297,
0.775318296632684,0.776614033321072,0.777261901665265,0.777909770009459,
0.779205506697847,0.780501243386234,0.781796980074622,0.784388453451397,
0.786979926828172,0.789571400204947,0.792162873581723,0.794754346958498,
0.797345820335273,0.799937293712048,0.802528767088823,0.807711713842374,
0.812894660595924,0.815486133972699,0.818077607349474,0.82066908072625,
0.823260554103025,0.828443500856575,0.83103497423335,0.833626447610126,
0.836217920986901,0.838809394363676,0.841400867740451,0.842696604428839,
0.843992341117226,0.846583814494001,0.849175287870777,0.850471024559164,
0.851766761247552,0.853062497935939,0.853710366280133,0.854358234624327,
0.855653971312715,0.856949708001102,0.85824544468949,0.859541181377877,
0.862132654754652,0.864724128131428,0.867315601508203,0.86861133819659,
0.869907074884978,0.872498548261753,0.875090021638528,0.880272968392079,
0.885455915145629,0.888047388522404,0.890638861899179,0.89582180865273,
0.90100475540628,0.903596228783055,0.90618770215983,0.908779175536606,0.911370648913381,
0.916553595666931,0.919145069043706,0.921736542420482,0.924328015797257,
0.926919489174032),.UNSPECIFIED.);
#435=B_SPLINE_CURVE_WITH_KNOTS('',3,(#3886,#3887,#3888,#3889,#3890,#3891,
#3892,#3893,#3894,#3895,#3896,#3897,#3898,#3899,#3900,#3901,#3902,#3903,
#3904,#3905,#3906,#3907,#3908,#3909,#3910,#3911,#3912,#3913,#3914,#3915,
#3916,#3917,#3918,#3919,#3920,#3921,#3922,#3923,#3924,#3925,#3926,#3927,
#3928,#3929,#3930,#3931,#3932,#3933,#3934,#3935,#3936,#3937,#3938,#3939,
#3940,#3941,#3942,#3943,#3944,#3945,#3946,#3947,#3948,#3949,#3950,#3951,
#3952,#3953,#3954,#3955,#3956,#3957,#3958,#3959,#3960,#3961,#3962,#3963,
#3964,#3965,#3966,#3967,#3968,#3969,#3970,#3971),.UNSPECIFIED.,.F.,.F.,
(4,1,1,1,1,1,1,1,1,1,1,1,1,1,1,1,1,1,1,1,1,1,1,1,1,1,1,1,1,1,1,1,1,1,1,
1,1,1,1,1,1,1,1,1,1,1,1,1,1,1,1,1,1,1,1,1,1,1,1,1,1,1,1,1,1,1,1,1,1,1,1,
1,1,1,1,1,1,1,1,1,1,1,1,4),(0.335738459940911,0.340902583524827,0.346066707108745,
0.351230830692662,0.356394954276579,0.358977016068537,0.361559077860496,
0.364141139652454,0.366723201444413,0.37188732502833,0.377051448612247,
0.382215572196164,0.384797633988123,0.387379695780082,0.388670726676061,
0.38996175757204,0.39125278846802,0.392543819363999,0.393834850259978,0.395125881155957,
0.396416912051937,0.397062427499926,0.397707942947916,0.398998973843895,
0.400290004739874,0.400935520187864,0.401581035635853,0.402226551083843,
0.402872066531833,0.403517581979823,0.404163097427812,0.405454128323792,
0.406745159219771,0.40803619011575,0.40868170556374,0.409327221011729,0.410618251907709,
0.411263767355698,0.411909282803687,0.413200313699667,0.413845829147656,
0.414491344595646,0.415136860043636,0.415782375491625,0.416427890939615,
0.417073406387605,0.418364437283584,0.419655468179563,0.420946499075542,
0.422237529971522,0.423528560867501,0.42611062265946,0.428692684451419,
0.429983715347397,0.431274746243377,0.433856808035335,0.436438869827294,
0.439020931619252,0.440311962515232,0.441602993411211,0.44289402430719,
0.444185055203169,0.445476086099149,0.446767116995128,0.448058147891108,
0.449349178787087,0.451931240579045,0.454513302371004,0.455804333266983,
0.457095364162962,0.458386395058942,0.459677425954921,0.4609684568509,0.462259487746879,
0.464841549538838,0.467423611330797,0.470005673122755,0.475169796706672,
0.480333920290589,0.485498043874506,0.488080105666465,0.490662167458423,
0.495826291042341,0.500990414626258),.UNSPECIFIED.);
#436=B_SPLINE_CURVE_WITH_KNOTS('',3,(#3974,#3975,#3976,#3977,#3978,#3979,
#3980,#3981,#3982,#3983,#3984,#3985,#3986,#3987,#3988,#3989,#3990,#3991,
#3992,#3993,#3994,#3995,#3996,#3997,#3998,#3999,#4000,#4001,#4002,#4003,
#4004,#4005,#4006,#4007,#4008,#4009,#4010,#4011,#4012,#4013,#4014,#4015,
#4016,#4017,#4018,#4019,#4020,#4021,#4022,#4023,#4024,#4025,#4026,#4027,
#4028,#4029,#4030,#4031,#4032),.UNSPECIFIED.,.F.,.F.,(4,1,1,1,1,1,1,1,1,
1,1,1,1,1,1,1,1,1,1,1,1,1,1,1,1,1,1,1,1,1,1,1,1,1,1,1,1,1,1,1,1,1,1,1,1,
1,1,1,1,1,1,1,1,1,1,1,4),(0.241450988826897,0.243638953241212,0.24473293544837,
0.245826917655527,0.246920899862685,0.248014882069842,0.249108864277,0.250202846484157,
0.251296828691315,0.252390810898473,0.252937802002052,0.25348479310563,
0.254031784209209,0.254305279760998,0.254578775312788,0.255125766416366,
0.255672757519945,0.256766739727103,0.257860721934261,0.258954704141418,
0.260048686348575,0.261142668555733,0.26223665076289,0.263330632970048,
0.264424615177206,0.265518597384364,0.266065588487942,0.266612579591521,
0.2671595706951,0.267706561798679,0.268800544005836,0.269347535109415,0.269894526212994,
0.270988508420151,0.27153549952373,0.272082490627309,0.272629481730888,
0.273176472834466,0.274270455041624,0.275364437248782,0.276458419455939,
0.277552401663097,0.278646383870254,0.279740366077412,0.280834348284569,
0.281928330491727,0.283022312698885,0.2852102771132,0.287398241527514,0.28958620594183,
0.29396213477046,0.29833806359909,0.302713992427721,0.304901956842035,0.307089921256351,
0.309277885670666,0.311465850084981),.UNSPECIFIED.);
#437=B_SPLINE_CURVE_WITH_KNOTS('',3,(#4034,#4035,#4036,#4037,#4038,#4039,
#4040),.UNSPECIFIED.,.F.,.F.,(4,1,1,1,4),(0.179625358250495,0.183313210014872,
0.187001061779248,0.190688913543624,0.194376765308),
 .QUASI_UNIFORM_KNOTS.);
#438=B_SPLINE_CURVE_WITH_KNOTS('',3,(#4042,#4043,#4044,#4045,#4046,#4047,
#4048,#4049,#4050,#4051,#4052,#4053,#4054,#4055,#4056,#4057,#4058,#4059,
#4060,#4061,#4062,#4063,#4064),.UNSPECIFIED.,.F.,.F.,(4,1,1,1,1,1,1,1,1,
1,1,1,1,1,1,1,1,1,1,1,4),(0.146304554172785,0.146827412933048,0.147350271693311,
0.147611701073443,0.147873130453574,0.148395989213837,0.149441706734364,
0.15048742425489,0.151533141775417,0.152578859295943,0.153624576816469,
0.154670294336996,0.155716011857521,0.156761729378048,0.157807446898574,
0.1588531644191,0.159898881939627,0.16042174069989,0.160944599460153,0.161990316980679,
0.163036034501206),.UNSPECIFIED.);
#439=B_SPLINE_CURVE_WITH_KNOTS('',3,(#4066,#4067,#4068,#4069,#4070),
 .UNSPECIFIED.,.F.,.F.,(4,1,4),(0.105215404728262,0.108173741975126,0.111132079221991),
 .QUASI_UNIFORM_KNOTS.);
#440=B_SPLINE_CURVE_WITH_KNOTS('',3,(#4072,#4073,#4074,#4075,#4076,#4077,
#4078,#4079,#4080,#4081,#4082,#4083,#4084,#4085,#4086,#4087,#4088,#4089,
#4090,#4091,#4092,#4093,#4094,#4095,#4096,#4097,#4098,#4099,#4100,#4101,
#4102,#4103,#4104,#4105,#4106,#4107,#4108,#4109,#4110,#4111,#4112,#4113,
#4114,#4115,#4116,#4117,#4118),.UNSPECIFIED.,.F.,.F.,(4,1,1,1,1,1,1,1,1,
1,1,1,1,1,1,1,1,1,1,1,1,1,1,1,1,1,1,1,1,1,1,1,1,1,1,1,1,1,1,1,1,1,1,1,4),
(1.0077988910631,1.01261573000206,1.01743256894103,1.02224940787999,1.02465782734947,
1.02706624681895,1.02947466628844,1.03188308575792,1.03308729549266,1.0342915052274,
1.03549571496214,1.03669992469688,1.03730202956425,1.03790413443162,1.03910834416636,
1.0403125539011,1.04091465876847,1.04151676363584,1.04211886850321,1.04272097337058,
1.04332307823796,1.04392518310533,1.0445272879727,1.04512939284007,1.04573149770744,
1.04633360257481,1.04753781230955,1.04874202204429,1.04994623177903,1.05115044151377,
1.05175254638114,1.05235465124851,1.05295675611588,1.05355886098325,1.05476307071799,
1.05596728045273,1.05717149018748,1.05837569992222,1.0607841193917,1.06319253886118,
1.06560095833066,1.07041779726962,1.07523463620859,1.08005147514755,1.08486831408651),
 .UNSPECIFIED.);
#441=B_SPLINE_CURVE_WITH_KNOTS('',3,(#4120,#4121,#4122,#4123,#4124,#4125,
#4126,#4127,#4128,#4129,#4130,#4131,#4132,#4133,#4134,#4135,#4136,#4137,
#4138,#4139,#4140,#4141,#4142,#4143,#4144,#4145,#4146,#4147,#4148,#4149,
#4150,#4151,#4152,#4153,#4154,#4155,#4156,#4157,#4158,#4159,#4160,#4161,
#4162,#4163,#4164,#4165,#4166,#4167,#4168,#4169,#4170,#4171,#4172,#4173,
#4174,#4175,#4176,#4177,#4178,#4179,#4180,#4181,#4182),.UNSPECIFIED.,.F.,
 .F.,(4,1,1,1,1,1,1,1,1,1,1,1,1,1,1,1,1,1,1,1,1,1,1,1,1,1,1,1,1,1,1,1,1,
1,1,1,1,1,1,1,1,1,1,1,1,1,1,1,1,1,1,1,1,1,1,1,1,1,1,1,4),(0.876035601310702,
0.879232128944819,0.882428656578936,0.885625184213053,0.88882171184717,
0.892018239481288,0.895214767115405,0.898411294749522,0.901607822383639,
0.904804350017757,0.906402613834815,0.908000877651874,0.909599141468933,
0.911197405285991,0.914393932920109,0.917590460554226,0.920786988188343,
0.922385252005402,0.92398351582246,0.92478264773099,0.925581779639519,0.926380911548048,
0.927180043456578,0.928778307273636,0.929577439182166,0.930376571090695,
0.931175702999224,0.931974834907753,0.933573098724812,0.934372230633341,
0.935171362541871,0.9359704944504,0.936370060404665,0.936769626358929,0.937169192313194,
0.937368975290326,0.937568758267459,0.937968324221723,0.938367890175988,
0.939167022084517,0.939566588038782,0.939966153993047,0.940765285901576,
0.941564417810105,0.943162681627164,0.943961813535693,0.944760945444223,
0.946359209261281,0.94795747307834,0.949555736895398,0.951154000712457,
0.952752264529516,0.954350528346574,0.955948792163633,0.95914531979775,
0.962341847431867,0.965538375065984,0.968734902700102,0.971931430334219,
0.975127957968336,0.978324485602454),.UNSPECIFIED.);
#442=B_SPLINE_CURVE_WITH_KNOTS('',3,(#4184,#4185,#4186,#4187,#4188,#4189,
#4190,#4191,#4192,#4193,#4194,#4195),.UNSPECIFIED.,.F.,.F.,(4,1,1,1,1,1,
1,1,1,4),(0.814421491394174,0.815755857842187,0.817090224290199,0.818424590738212,
0.819758957186225,0.820426140410232,0.821093323634238,0.822427690082251,
0.823762056530264,0.825096422978277),.UNSPECIFIED.);
#443=B_SPLINE_CURVE_WITH_KNOTS('',3,(#4197,#4198,#4199,#4200,#4201,#4202,
#4203,#4204,#4205,#4206,#4207,#4208,#4209,#4210,#4211,#4212,#4213,#4214,
#4215,#4216,#4217,#4218,#4219,#4220,#4221,#4222,#4223,#4224,#4225,#4226,
#4227,#4228,#4229,#4230,#4231,#4232,#4233,#4234,#4235),.UNSPECIFIED.,.F.,
 .F.,(4,1,1,1,1,1,1,1,1,1,1,1,1,1,1,1,1,1,1,1,1,1,1,1,1,1,1,1,1,1,1,1,1,
1,1,1,4),(0.693124553393792,0.694856101211077,0.696587649028363,0.698319196845648,
0.700050744662933,0.701782292480218,0.703513840297504,0.706976935932074,
0.710440031566644,0.712171579383929,0.713903127201215,0.7156346750185,0.717366222835785,
0.720829318470356,0.722560866287641,0.724292414104926,0.726023961922211,
0.727755509739496,0.729487057556782,0.730352831465424,0.731218605374067,
0.732084379282709,0.732950153191352,0.733815927099994,0.734681701008637,
0.736413248825922,0.737279022734565,0.738144796643207,0.739876344460493,
0.741607892277778,0.743339440095063,0.744205214003706,0.745070987912348,
0.745936761820991,0.746802535729634,0.747668309638276,0.748534083546919),
 .UNSPECIFIED.);
#444=B_SPLINE_CURVE_WITH_KNOTS('',3,(#4237,#4238,#4239,#4240,#4241,#4242,
#4243),.UNSPECIFIED.,.F.,.F.,(4,1,1,1,4),(0.665955127823827,0.669296778272361,
0.672638428720896,0.67598007916943,0.679321729617964),
 .QUASI_UNIFORM_KNOTS.);
#445=B_SPLINE_CURVE_WITH_KNOTS('',3,(#4245,#4246,#4247,#4248,#4249,#4250,
#4251,#4252,#4253,#4254,#4255,#4256,#4257,#4258,#4259,#4260,#4261,#4262,
#4263,#4264,#4265,#4266,#4267,#4268,#4269,#4270,#4271,#4272,#4273,#4274,
#4275,#4276,#4277,#4278,#4279,#4280,#4281,#4282,#4283,#4284,#4285,#4286,
#4287,#4288,#4289,#4290,#4291,#4292,#4293,#4294,#4295,#4296,#4297,#4298,
#4299,#4300,#4301,#4302,#4303,#4304,#4305,#4306,#4307),.UNSPECIFIED.,.F.,
 .F.,(4,1,1,1,1,1,1,1,1,1,1,1,1,1,1,1,1,1,1,1,1,1,1,1,1,1,1,1,1,1,1,1,1,
1,1,1,1,1,1,1,1,1,1,1,1,1,1,1,1,1,1,1,1,1,1,1,1,1,1,1,4),(0.538736778515803,
0.543580789290455,0.548424800065108,0.550846805452435,0.553268810839761,
0.555690816227087,0.558112821614414,0.562956832389067,0.567800843163719,
0.570222848551046,0.572644853938372,0.573855856632035,0.574461357978867,
0.575066859325699,0.576277862019362,0.577488864713025,0.578699867406688,
0.579910870100351,0.580516371447183,0.581121872794014,0.581727374140846,
0.582332875487678,0.583543878181341,0.584754880875004,0.585360382221836,
0.585965883568667,0.586268634242083,0.586571384915499,0.586874135588915,
0.58717688626233,0.587782387609162,0.588387888955994,0.588993390302825,
0.589598891649657,0.59080989434332,0.591415395690152,0.592020897036983,
0.593231899730646,0.593837401077478,0.59444290242431,0.595653905117973,
0.596864907811636,0.598075910505299,0.598681411852131,0.599286913198962,
0.599892414545794,0.600497915892626,0.601103417239457,0.601708918586289,
0.60231441993312,0.602919921279952,0.603525422626783,0.604130923973615,
0.605341926667278,0.606552929360942,0.607763932054605,0.608974934748268,
0.610185937441931,0.611396940135594,0.613818945522921,0.616240950910247),
 .UNSPECIFIED.);
#446=EDGE_LOOP('',(#72,#73,#74,#75));
#447=EDGE_LOOP('',(#76,#77,#78,#79));
#448=EDGE_LOOP('',(#80,#81,#82,#83));
#449=EDGE_LOOP('',(#84,#85,#86,#87));
#450=EDGE_LOOP('',(#88,#89,#90,#91));
#451=EDGE_LOOP('',(#92,#93,#94,#95));
#452=EDGE_LOOP('',(#96,#97,#98,#99));
#453=EDGE_LOOP('',(#100,#101,#102,#103));
#454=EDGE_LOOP('',(#104,#105,#106,#107));
#455=EDGE_LOOP('',(#108));
#456=EDGE_LOOP('',(#109));
#457=EDGE_LOOP('',(#110,#111,#112,#113,#114,#115,#116,#117,#118));
#458=EDGE_LOOP('',(#119));
#459=EDGE_LOOP('',(#120,#121,#122,#123,#124,#125,#126,#127,#128,#129,#130));
#460=EDGE_LOOP('',(#131,#132,#133,#134,#135,#136,#137,#138,#139));
#461=EDGE_LOOP('',(#140,#141,#142,#143));
#462=EDGE_LOOP('',(#144,#145,#146,#147));
#463=EDGE_LOOP('',(#148,#149,#150,#151));
#464=EDGE_LOOP('',(#152,#153,#154,#155));
#465=EDGE_LOOP('',(#156,#157,#158,#159));
#466=EDGE_LOOP('',(#160,#161,#162,#163));
#467=EDGE_LOOP('',(#164,#165,#166,#167));
#468=EDGE_LOOP('',(#168,#169,#170,#171));
#469=EDGE_LOOP('',(#172,#173,#174,#175,#176,#177,#178,#179));
#470=EDGE_LOOP('',(#180,#181,#182,#183,#184,#185,#186,#187,#188,#189,#190));
#471=EDGE_LOOP('',(#191));
#472=EDGE_LOOP('',(#192,#193,#194,#195,#196,#197,#198,#199));
#473=EDGE_LOOP('',(#200,#201,#202,#203));
#474=EDGE_LOOP('',(#204,#205,#206,#207));
#475=EDGE_LOOP('',(#208,#209,#210,#211));
#476=EDGE_LOOP('',(#212,#213,#214,#215));
#477=EDGE_LOOP('',(#216,#217,#218,#219));
#478=EDGE_LOOP('',(#220,#221,#222,#223));
#479=EDGE_LOOP('',(#224,#225,#226,#227));
#480=EDGE_LOOP('',(#228,#229,#230,#231));
#481=EDGE_LOOP('',(#232,#233,#234,#235));
#482=EDGE_LOOP('',(#236,#237,#238,#239));
#483=EDGE_LOOP('',(#240,#241,#242,#243));
#484=FACE_BOUND('',#446,.T.);
#485=FACE_BOUND('',#447,.T.);
#486=FACE_BOUND('',#448,.T.);
#487=FACE_BOUND('',#449,.T.);
#488=FACE_BOUND('',#450,.T.);
#489=FACE_BOUND('',#451,.T.);
#490=FACE_BOUND('',#452,.T.);
#491=FACE_BOUND('',#453,.T.);
#492=FACE_BOUND('',#454,.T.);
#493=FACE_BOUND('',#455,.T.);
#494=FACE_BOUND('',#456,.T.);
#495=FACE_BOUND('',#457,.T.);
#496=FACE_BOUND('',#458,.T.);
#497=FACE_BOUND('',#459,.T.);
#498=FACE_BOUND('',#460,.T.);
#499=FACE_BOUND('',#461,.T.);
#500=FACE_BOUND('',#462,.T.);
#501=FACE_BOUND('',#463,.T.);
#502=FACE_BOUND('',#464,.T.);
#503=FACE_BOUND('',#465,.T.);
#504=FACE_BOUND('',#466,.T.);
#505=FACE_BOUND('',#467,.T.);
#506=FACE_BOUND('',#468,.T.);
#507=FACE_BOUND('',#469,.T.);
#508=FACE_BOUND('',#470,.T.);
#509=FACE_BOUND('',#471,.T.);
#510=FACE_BOUND('',#472,.T.);
#511=FACE_BOUND('',#473,.T.);
#512=FACE_BOUND('',#474,.T.);
#513=FACE_BOUND('',#475,.T.);
#514=FACE_BOUND('',#476,.T.);
#515=FACE_BOUND('',#477,.T.);
#516=FACE_BOUND('',#478,.T.);
#517=FACE_BOUND('',#479,.T.);
#518=FACE_BOUND('',#480,.T.);
#519=FACE_BOUND('',#481,.T.);
#520=FACE_BOUND('',#482,.T.);
#521=FACE_BOUND('',#483,.T.);
#522=B_SPLINE_SURFACE_WITH_KNOTS('',3,1,((#640,#641),(#642,#643),(#644,
#645),(#646,#647),(#648,#649),(#650,#651),(#652,#653),(#654,#655),(#656,
#657),(#658,#659),(#660,#661),(#662,#663),(#664,#665),(#666,#667),(#668,
#669),(#670,#671),(#672,#673),(#674,#675),(#676,#677),(#678,#679),(#680,
#681),(#682,#683),(#684,#685),(#686,#687),(#688,#689),(#690,#691),(#692,
#693),(#694,#695),(#696,#697),(#698,#699),(#700,#701),(#702,#703),(#704,
#705),(#706,#707),(#708,#709)),.SURF_OF_LINEAR_EXTRUSION.,.F.,.F.,.F.,(4,
1,1,1,1,1,1,1,1,1,1,1,1,1,1,1,1,1,1,1,1,1,1,1,1,1,1,1,1,1,1,1,4),(2,2),
(0.32916304509491,0.334863514010142,0.340563982925375,0.351964920755839,
0.357665389671072,0.363365858586304,0.374766796416769,0.380467265332001,
0.386167734247233,0.391868203162465,0.397568672077698,0.400418906535314,
0.40326914099293,0.408969609908162,0.411819844365779,0.414670078823395,
0.417520313281011,0.420370547738627,0.426071016653859,0.431771485569092,
0.437471954484324,0.443172423399556,0.446022657857172,0.448872892314789,
0.454573361230021,0.460273830145253,0.465974299060486,0.471674767975718,
0.47737523689095,0.488776174721415,0.500177112551879,0.505877581467112,
0.511578050382344),(0.,1.),.UNSPECIFIED.);
#523=B_SPLINE_SURFACE_WITH_KNOTS('',3,1,((#840,#841),(#842,#843),(#844,
#845),(#846,#847),(#848,#849),(#850,#851),(#852,#853),(#854,#855),(#856,
#857),(#858,#859),(#860,#861),(#862,#863),(#864,#865),(#866,#867),(#868,
#869),(#870,#871),(#872,#873),(#874,#875),(#876,#877),(#878,#879),(#880,
#881),(#882,#883),(#884,#885),(#886,#887),(#888,#889),(#890,#891),(#892,
#893)),.SURF_OF_LINEAR_EXTRUSION.,.F.,.F.,.F.,(4,1,1,1,1,1,1,1,1,1,1,1,
1,1,1,1,1,1,1,1,1,1,1,1,4),(2,2),(0.529438798547175,0.532676875226452,0.535914951905729,
0.542391105264283,0.548867258622837,0.555343411981392,0.561819565339946,
0.5682957186985,0.574771872057054,0.578009948736331,0.581248025415608,0.584486102094885,
0.586105140434524,0.587724178774162,0.590962255453439,0.594200332132716,
0.597438408811993,0.60067648549127,0.603914562170548,0.607152638849825,
0.610390715529102,0.613628792208379,0.620104945566933,0.626581098925487,
0.633057252284041),(0.,1.),.UNSPECIFIED.);
#524=B_SPLINE_SURFACE_WITH_KNOTS('',3,1,((#995,#996),(#997,#998),(#999,
#1000),(#1001,#1002),(#1003,#1004),(#1005,#1006),(#1007,#1008),(#1009,#1010),
(#1011,#1012),(#1013,#1014),(#1015,#1016),(#1017,#1018),(#1019,#1020),(#1021,
#1022),(#1023,#1024),(#1025,#1026),(#1027,#1028),(#1029,#1030),(#1031,#1032),
(#1033,#1034),(#1035,#1036),(#1037,#1038),(#1039,#1040),(#1041,#1042),(#1043,
#1044),(#1045,#1046),(#1047,#1048),(#1049,#1050),(#1051,#1052)),
 .SURF_OF_LINEAR_EXTRUSION.,.F.,.F.,.F.,(4,1,1,1,1,1,1,1,1,1,1,1,1,1,1,
1,1,1,1,1,1,1,1,1,1,1,4),(2,2),(0.650522880550698,0.657487995101418,0.664453109652138,
0.671418224202858,0.674900781478218,0.678383338753578,0.681865896028938,
0.685348453304298,0.688831010579658,0.692313567855018,0.699278682405738,
0.706243796956459,0.713208911507179,0.720174026057899,0.723656583333259,
0.727139140608619,0.730621697883979,0.734104255159339,0.737586812434699,
0.741069369710059,0.744551926985419,0.748034484260779,0.751517041536139,
0.753258320173819,0.754999598811499,0.758482156086859,0.761964713362219),
(0.,1.),.UNSPECIFIED.);
#525=B_SPLINE_SURFACE_WITH_KNOTS('',3,1,((#1162,#1163),(#1164,#1165),(#1166,
#1167),(#1168,#1169),(#1170,#1171),(#1172,#1173),(#1174,#1175),(#1176,#1177),
(#1178,#1179),(#1180,#1181),(#1182,#1183),(#1184,#1185),(#1186,#1187)),
 .SURF_OF_LINEAR_EXTRUSION.,.F.,.F.,.F.,(4,1,1,1,1,1,1,1,1,1,4),(2,2),(0.793868673821843,
0.800816337509456,0.807764001197069,0.814711664884682,0.818185496728488,
0.821659328572295,0.828606992259907,0.83555465594752,0.839028487791327,
0.842502319635133,0.849449983322746),(0.,1.),.UNSPECIFIED.);
#526=B_SPLINE_SURFACE_WITH_KNOTS('',3,1,((#1241,#1242),(#1243,#1244),(#1245,
#1246),(#1247,#1248),(#1249,#1250),(#1251,#1252),(#1253,#1254),(#1255,#1256),
(#1257,#1258),(#1259,#1260),(#1261,#1262),(#1263,#1264),(#1265,#1266),(#1267,
#1268),(#1269,#1270),(#1271,#1272),(#1273,#1274),(#1275,#1276),(#1277,#1278),
(#1279,#1280),(#1281,#1282),(#1283,#1284),(#1285,#1286),(#1287,#1288),(#1289,
#1290),(#1291,#1292),(#1293,#1294),(#1295,#1296),(#1297,#1298)),
 .SURF_OF_LINEAR_EXTRUSION.,.F.,.F.,.F.,(4,1,1,1,1,1,1,1,1,1,1,1,1,1,1,
1,1,1,1,1,1,1,1,1,1,1,4),(2,2),(0.857439041610251,0.861531429394088,0.865623817177924,
0.869716204961761,0.873808592745597,0.881993368313271,0.890178143880944,
0.898362919448617,0.906547695016291,0.914732470583964,0.9188248583678,0.922917246151637,
0.927009633935474,0.93110202171931,0.935194409503147,0.937240603395065,
0.939286797286983,0.94337918507082,0.947471572854657,0.951563960638493,
0.95565634842233,0.959748736206167,0.963841123990003,0.96793351177384,0.972025899557676,
0.98021067512535,0.988395450693023),(0.,1.),.UNSPECIFIED.);
#527=B_SPLINE_SURFACE_WITH_KNOTS('',3,1,((#1406,#1407),(#1408,#1409),(#1410,
#1411),(#1412,#1413),(#1414,#1415),(#1416,#1417),(#1418,#1419),(#1420,#1421),
(#1422,#1423),(#1424,#1425),(#1426,#1427),(#1428,#1429),(#1430,#1431),(#1432,
#1433),(#1434,#1435),(#1436,#1437),(#1438,#1439),(#1440,#1441),(#1442,#1443),
(#1444,#1445),(#1446,#1447),(#1448,#1449),(#1450,#1451),(#1452,#1453)),
 .SURF_OF_LINEAR_EXTRUSION.,.F.,.F.,.F.,(4,1,1,1,1,1,1,1,1,1,1,1,1,1,1,
1,1,1,1,1,1,4),(2,2),(0.999967609705901,1.00578020911947,1.01159280853305,
1.01740540794662,1.02321800736019,1.02903060677377,1.03193690648055,1.03484320618734,
1.03774950589413,1.04065580560091,1.0435621053077,1.04646840501449,1.04937470472127,
1.05228100442806,1.05809360384163,1.0639062032552,1.06971880266878,1.07553140208235,
1.08134400149592,1.0871566009095,1.09006290061628,1.09296920032307),(0.,
1.),.UNSPECIFIED.);
#528=B_SPLINE_SURFACE_WITH_KNOTS('',3,1,((#1535,#1536),(#1537,#1538),(#1539,
#1540),(#1541,#1542),(#1543,#1544),(#1545,#1546),(#1547,#1548),(#1549,#1550),
(#1551,#1552),(#1553,#1554),(#1555,#1556)),.SURF_OF_LINEAR_EXTRUSION.,.F.,
 .F.,.F.,(4,1,1,1,1,1,1,1,4),(2,2),(0.0982974922942025,0.100250176843558,
0.102202861392914,0.10415554594227,0.106108230491626,0.110013599590338,
0.11391896868905,0.121729706886474,0.129540445083898),(0.,1.),
 .UNSPECIFIED.);
#529=B_SPLINE_SURFACE_WITH_KNOTS('',3,1,((#1602,#1603),(#1604,#1605),(#1606,
#1607),(#1608,#1609),(#1610,#1611),(#1612,#1613),(#1614,#1615),(#1616,#1617),
(#1618,#1619),(#1620,#1621),(#1622,#1623),(#1624,#1625),(#1626,#1627),(#1628,
#1629),(#1630,#1631),(#1632,#1633),(#1634,#1635),(#1636,#1637),(#1638,#1639),
(#1640,#1641),(#1642,#1643),(#1644,#1645),(#1646,#1647),(#1648,#1649),(#1650,
#1651)),.SURF_OF_LINEAR_EXTRUSION.,.F.,.F.,.F.,(4,1,1,1,1,1,1,1,1,1,1,1,
1,1,1,1,1,1,1,1,1,1,4),(2,2),(0.13619544497656,0.140795841332173,0.14309603950998,
0.145396237687787,0.147696435865593,0.1499966340434,0.152296832221206,0.154597030399013,
0.159197426754626,0.161497624932433,0.16379782311024,0.166098021288046,
0.168398219465853,0.172998615821466,0.175298813999273,0.17759901217708,
0.182199408532693,0.186799804888306,0.191400201243919,0.196000597599533,
0.200600993955146,0.205201390310759,0.209801786666373),(0.,1.),
 .UNSPECIFIED.);
#530=B_SPLINE_SURFACE_WITH_KNOTS('',3,1,((#1741,#1742),(#1743,#1744),(#1745,
#1746),(#1747,#1748),(#1749,#1750),(#1751,#1752),(#1753,#1754),(#1755,#1756),
(#1757,#1758),(#1759,#1760),(#1761,#1762),(#1763,#1764),(#1765,#1766),(#1767,
#1768),(#1769,#1770),(#1771,#1772),(#1773,#1774),(#1775,#1776),(#1777,#1778),
(#1779,#1780),(#1781,#1782),(#1783,#1784),(#1785,#1786),(#1787,#1788),(#1789,
#1790),(#1791,#1792),(#1793,#1794),(#1795,#1796),(#1797,#1798)),
 .SURF_OF_LINEAR_EXTRUSION.,.F.,.F.,.F.,(4,1,1,1,1,1,1,1,1,1,1,1,1,1,1,
1,1,1,1,1,1,1,1,1,1,1,4),(2,2),(0.21699614644575,0.223193071793688,0.229389997141627,
0.235586922489565,0.238685385163535,0.241783847837504,0.244882310511473,
0.247980773185442,0.251079235859412,0.254177698533381,0.25727616120735,
0.260374623881319,0.263473086555289,0.266571549229258,0.269670011903227,
0.272768474577196,0.275866937251166,0.278965399925135,0.282063862599104,
0.285162325273074,0.291359250621012,0.29755617596895,0.303753101316889,
0.309950026664828,0.313048489338797,0.314597720675781,0.316146952012766),
(0.,1.),.UNSPECIFIED.);
#531=B_SPLINE_SURFACE_WITH_KNOTS('',3,1,((#1899,#1900),(#1901,#1902),(#1903,
#1904),(#1905,#1906),(#1907,#1908),(#1909,#1910),(#1911,#1912),(#1913,#1914),
(#1915,#1916),(#1917,#1918),(#1919,#1920),(#1921,#1922),(#1923,#1924),(#1925,
#1926),(#1927,#1928),(#1929,#1930),(#1931,#1932),(#1933,#1934),(#1935,#1936),
(#1937,#1938),(#1939,#1940),(#1941,#1942),(#1943,#1944),(#1945,#1946),(#1947,
#1948),(#1949,#1950),(#1951,#1952),(#1953,#1954),(#1955,#1956),(#1957,#1958),
(#1959,#1960),(#1961,#1962),(#1963,#1964),(#1965,#1966),(#1967,#1968),(#1969,
#1970),(#1971,#1972),(#1973,#1974),(#1975,#1976),(#1977,#1978),(#1979,#1980),
(#1981,#1982),(#1983,#1984),(#1985,#1986),(#1987,#1988),(#1989,#1990),(#1991,
#1992),(#1993,#1994),(#1995,#1996),(#1997,#1998),(#1999,#2000),(#2001,#2002),
(#2003,#2004),(#2005,#2006),(#2007,#2008),(#2009,#2010),(#2011,#2012),(#2013,
#2014),(#2015,#2016),(#2017,#2018),(#2019,#2020),(#2021,#2022)),
 .SURF_OF_LINEAR_EXTRUSION.,.T.,.F.,.F.,(1,1,1,1,1,1,1,1,1,1,1,1,1,1,1,
1,1,1,1,1,1,1,1,1,1,1,1,1,1,1,1,1,1,1,1,1,1,1,1,1,1,1,1,1,1,1,1,1,1,1,1,
1,1,1,1,1,1,1,1,1,1,1,1,1,1,1),(2,2),(-0.0489744131760741,-0.0330800563512426,
-0.0110696046081203,0.,0.0367542526740734,0.0546359173055955,0.0908838712947368,
0.102201666952943,0.117242614344587,0.133295119286492,0.147658731710743,
0.161251435152788,0.174120751941755,0.203959167908615,0.217885598452368,
0.236110956776115,0.254068726421552,0.267358320611234,0.282065109162022,
0.31569761610596,0.323925305440374,0.358432174497651,0.389766465371659,
0.402732691205072,0.41458770445453,0.42659055732516,0.443267679094429,0.459335228570845,
0.485969621830261,0.5107883647945,0.521092454432936,0.531586059017062,0.554310338988121,
0.574214818715347,0.586622400836735,0.597384231980854,0.607981217020052,
0.630318313037448,0.642619328709871,0.656291250896298,0.681795492192931,
0.696325593906043,0.715338514726096,0.732714289170238,0.744334118366683,
0.754145204965456,0.765416477720038,0.776990643529701,0.78681506141166,
0.800832032153901,0.81915560303169,0.831634774752758,0.842525115669354,
0.854184756180967,0.868275491370862,0.886879292605386,0.907224457217411,
0.925030350591364,0.937284021959503,0.951025586823926,0.966919943648757,
0.98893039539188,1.,1.03675425267407,1.0546359173056,1.09088387129474),
(0.,1.),.UNSPECIFIED.);
#532=B_SPLINE_SURFACE_WITH_KNOTS('',3,1,((#2573,#2574),(#2575,#2576),(#2577,
#2578),(#2579,#2580),(#2581,#2582),(#2583,#2584),(#2585,#2586),(#2587,#2588),
(#2589,#2590),(#2591,#2592),(#2593,#2594),(#2595,#2596),(#2597,#2598),(#2599,
#2600),(#2601,#2602),(#2603,#2604),(#2605,#2606),(#2607,#2608),(#2609,#2610),
(#2611,#2612),(#2613,#2614),(#2615,#2616),(#2617,#2618),(#2619,#2620),(#2621,
#2622),(#2623,#2624),(#2625,#2626),(#2627,#2628),(#2629,#2630),(#2631,#2632),
(#2633,#2634),(#2635,#2636),(#2637,#2638),(#2639,#2640)),
 .SURF_OF_LINEAR_EXTRUSION.,.F.,.F.,.F.,(4,1,1,1,1,1,1,1,1,1,1,1,1,1,1,
1,1,1,1,1,1,1,1,1,1,1,1,1,1,1,1,4),(2,2),(0.603159379360068,0.607356021823052,
0.611552664286035,0.619945949212002,0.624142591674986,0.628339234137969,
0.632535876600953,0.636732519063936,0.64092916152692,0.643027482758411,
0.645125803989903,0.649322446452887,0.65351908891587,0.657715731378854,
0.661912373841837,0.666109016304821,0.670305658767804,0.674502301230788,
0.678698943693772,0.682895586156755,0.687092228619739,0.691288871082722,
0.695485513545706,0.699682156008689,0.703878798471673,0.708075440934656,
0.71227208339764,0.720665368323607,0.72486201078659,0.729058653249574,0.733255295712558,
0.737451938175541),(0.,1.),.UNSPECIFIED.);
#533=B_SPLINE_SURFACE_WITH_KNOTS('',3,1,((#2765,#2766),(#2767,#2768),(#2769,
#2770),(#2771,#2772),(#2773,#2774),(#2775,#2776),(#2777,#2778),(#2779,#2780),
(#2781,#2782),(#2783,#2784),(#2785,#2786),(#2787,#2788),(#2789,#2790),(#2791,
#2792),(#2793,#2794),(#2795,#2796),(#2797,#2798),(#2799,#2800),(#2801,#2802),
(#2803,#2804),(#2805,#2806),(#2807,#2808),(#2809,#2810),(#2811,#2812),(#2813,
#2814),(#2815,#2816),(#2817,#2818),(#2819,#2820),(#2821,#2822),(#2823,#2824),
(#2825,#2826),(#2827,#2828),(#2829,#2830),(#2831,#2832),(#2833,#2834),(#2835,
#2836),(#2837,#2838),(#2839,#2840),(#2841,#2842),(#2843,#2844),(#2845,#2846),
(#2847,#2848),(#2849,#2850),(#2851,#2852),(#2853,#2854),(#2855,#2856),(#2857,
#2858),(#2859,#2860),(#2861,#2862),(#2863,#2864),(#2865,#2866),(#2867,#2868),
(#2869,#2870),(#2871,#2872),(#2873,#2874),(#2875,#2876),(#2877,#2878),(#2879,
#2880),(#2881,#2882),(#2883,#2884),(#2885,#2886),(#2887,#2888),(#2889,#2890)),
 .SURF_OF_LINEAR_EXTRUSION.,.F.,.F.,.F.,(4,1,1,1,1,1,1,1,1,1,1,1,1,1,1,
1,1,1,1,1,1,1,1,1,1,1,1,1,1,1,1,1,1,1,1,1,1,1,1,1,1,1,1,1,1,1,1,1,1,1,1,
1,1,1,1,1,1,1,1,1,4),(2,2),(0.31864298875483,0.320663111026008,0.321673172161596,
0.322683233297185,0.323693294432774,0.324703355568363,0.32672347783954,
0.328743600110718,0.330763722381895,0.334803966924251,0.338844211466606,
0.342884456008961,0.346924700551316,0.350964945093671,0.359045434178382,
0.367125923263092,0.375206412347802,0.383286901432513,0.391367390517223,
0.395407635059578,0.399447879601933,0.403488124144288,0.407528368686643,
0.411568613228999,0.415608857771354,0.419649102313709,0.423689346856064,
0.427729591398419,0.431769835940774,0.439850325025485,0.44389056956784,
0.447930814110195,0.456011303194905,0.46005154773726,0.464091792279616,
0.472172281364326,0.480252770449036,0.488333259533747,0.496413748618457,
0.500453993160812,0.504494237703167,0.508534482245522,0.512574726787878,
0.514594849059055,0.516614971330233,0.51863509360141,0.520655215872588,
0.522675338143765,0.524695460414943,0.526715582686121,0.528735704957298,
0.532775949499653,0.536816194042008,0.540856438584364,0.544896683126719,
0.548936927669074,0.552977172211429,0.561057661296139,0.56913815038085,
0.573178394923205,0.57721863946556),(0.,1.),.UNSPECIFIED.);
#534=B_SPLINE_SURFACE_WITH_KNOTS('',3,1,((#3102,#3103),(#3104,#3105),(#3106,
#3107),(#3108,#3109),(#3110,#3111),(#3112,#3113),(#3114,#3115),(#3116,#3117),
(#3118,#3119),(#3120,#3121),(#3122,#3123),(#3124,#3125)),
 .SURF_OF_LINEAR_EXTRUSION.,.F.,.F.,.F.,(4,1,1,1,1,1,1,1,1,4),(2,2),(0.275763915799378,
0.280705894091412,0.285647872383446,0.290589850675479,0.295531828967514,
0.300473807259548,0.305415785551581,0.310357763843615,0.312828752989632,
0.315299742135649),(0.,1.),.UNSPECIFIED.);
#535=B_SPLINE_SURFACE_WITH_KNOTS('',3,1,((#3161,#3162),(#3163,#3164),(#3165,
#3166),(#3167,#3168),(#3169,#3170)),.SURF_OF_LINEAR_EXTRUSION.,.F.,.F.,
 .F.,(4,1,4),(2,2),(0.254714029773262,0.260631304237597,0.266548578701931),
(0.,1.),.UNSPECIFIED.);
#536=B_SPLINE_SURFACE_WITH_KNOTS('',3,1,((#3188,#3189),(#3190,#3191),(#3192,
#3193),(#3194,#3195),(#3196,#3197),(#3198,#3199),(#3200,#3201),(#3202,#3203),
(#3204,#3205),(#3206,#3207),(#3208,#3209),(#3210,#3211),(#3212,#3213),(#3214,
#3215),(#3216,#3217),(#3218,#3219),(#3220,#3221),(#3222,#3223),(#3224,#3225),
(#3226,#3227),(#3228,#3229),(#3230,#3231),(#3232,#3233),(#3234,#3235),(#3236,
#3237),(#3238,#3239),(#3240,#3241),(#3242,#3243)),
 .SURF_OF_LINEAR_EXTRUSION.,.F.,.F.,.F.,(4,1,1,1,1,1,1,1,1,1,1,1,1,1,1,
1,1,1,1,1,1,1,1,1,1,4),(2,2),(0.150892153224956,0.154106407569257,0.157320661913559,
0.16053491625786,0.163749170602162,0.166963424946463,0.170177679290764,
0.173391933635066,0.176606187979367,0.179820442323669,0.18303469666797,
0.189463205356573,0.195891714045175,0.202320222733778,0.20553447707808,
0.208748731422381,0.211962985766682,0.215177240110984,0.218391494455285,
0.221605748799587,0.228034257488189,0.234462766176792,0.237677020521094,
0.240891274865395,0.247319783553998,0.2537482922426),(0.,1.),
 .UNSPECIFIED.);
#537=B_SPLINE_SURFACE_WITH_KNOTS('',3,1,((#3339,#3340),(#3341,#3342),(#3343,
#3344),(#3345,#3346),(#3347,#3348),(#3349,#3350),(#3351,#3352),(#3353,#3354),
(#3355,#3356),(#3357,#3358),(#3359,#3360),(#3361,#3362),(#3363,#3364),(#3365,
#3366),(#3367,#3368),(#3369,#3370),(#3371,#3372),(#3373,#3374),(#3375,#3376),
(#3377,#3378),(#3379,#3380),(#3381,#3382),(#3383,#3384),(#3385,#3386),(#3387,
#3388),(#3389,#3390),(#3391,#3392),(#3393,#3394),(#3395,#3396),(#3397,#3398),
(#3399,#3400),(#3401,#3402)),.SURF_OF_LINEAR_EXTRUSION.,.F.,.F.,.F.,(4,
1,1,1,1,1,1,1,1,1,1,1,1,1,1,1,1,1,1,1,1,1,1,1,1,1,1,1,1,4),(2,2),(0.0472215272481536,
0.0533621948653916,0.0595028624826295,0.0656435300998675,0.0717841977171055,
0.0779248653343434,0.0840655329515814,0.0871358667602004,0.0902062005688193,
0.0932765343774383,0.0963468681860573,0.0994172019946763,0.100952368898986,
0.102487535803295,0.105557869611914,0.108628203420533,0.111698537229152,
0.114768871037771,0.11783920484639,0.120909538655009,0.123979872463628,
0.127050206272247,0.130120540080866,0.131655706985176,0.133190873889485,
0.134726040793795,0.136261207698104,0.139331541506723,0.142401875315342,
0.145472209123961),(0.,1.),.UNSPECIFIED.);
#538=B_SPLINE_SURFACE_WITH_KNOTS('',3,1,((#3506,#3507),(#3508,#3509),(#3510,
#3511),(#3512,#3513),(#3514,#3515),(#3516,#3517),(#3518,#3519),(#3520,#3521),
(#3522,#3523),(#3524,#3525),(#3526,#3527),(#3528,#3529),(#3530,#3531),(#3532,
#3533),(#3534,#3535),(#3536,#3537),(#3538,#3539),(#3540,#3541),(#3542,#3543),
(#3544,#3545),(#3546,#3547),(#3548,#3549),(#3550,#3551),(#3552,#3553),(#3554,
#3555),(#3556,#3557),(#3558,#3559),(#3560,#3561)),
 .SURF_OF_LINEAR_EXTRUSION.,.F.,.F.,.F.,(4,1,1,1,1,1,1,1,1,1,1,1,1,1,1,
1,1,1,1,1,1,1,1,1,1,4),(2,2),(0.944441066741671,0.950401994505604,0.956362922269538,
0.962323850033471,0.968284777797405,0.974245705561338,0.980206633325271,
0.983187097207238,0.986167561089205,0.989148024971172,0.992128488853138,
0.993618720794122,0.995108952735105,0.996599184676089,0.998089416617072,
1.00106988049904,1.00405034438101,1.00703080826297,1.01001127214494,1.01597219990887,
1.02193312767281,1.02789405543674,1.03087451931871,1.03385498320067,1.03683544708264,
1.03981591096461),(0.,1.),.UNSPECIFIED.);
#539=B_SPLINE_SURFACE_WITH_KNOTS('',3,1,((#3657,#3658),(#3659,#3660),(#3661,
#3662),(#3663,#3664),(#3665,#3666),(#3667,#3668),(#3669,#3670),(#3671,#3672),
(#3673,#3674),(#3675,#3676),(#3677,#3678),(#3679,#3680),(#3681,#3682),(#3683,
#3684),(#3685,#3686),(#3687,#3688),(#3689,#3690),(#3691,#3692),(#3693,#3694),
(#3695,#3696),(#3697,#3698),(#3699,#3700),(#3701,#3702),(#3703,#3704),(#3705,
#3706),(#3707,#3708),(#3709,#3710),(#3711,#3712),(#3713,#3714),(#3715,#3716),
(#3717,#3718),(#3719,#3720),(#3721,#3722),(#3723,#3724),(#3725,#3726),(#3727,
#3728),(#3729,#3730),(#3731,#3732),(#3733,#3734),(#3735,#3736),(#3737,#3738)),
 .SURF_OF_LINEAR_EXTRUSION.,.F.,.F.,.F.,(4,1,1,1,1,1,1,1,1,1,1,1,1,1,1,
1,1,1,1,1,1,1,1,1,1,1,1,1,1,1,1,1,1,1,1,1,1,1,4),(2,2),(0.761065193060421,
0.763656666437196,0.766248139813971,0.768839613190746,0.771431086567522,
0.774022559944297,0.776614033321072,0.779205506697847,0.781796980074622,
0.784388453451397,0.786979926828173,0.792162873581723,0.797345820335273,
0.802528767088824,0.807711713842374,0.812894660595924,0.818077607349475,
0.823260554103025,0.828443500856575,0.833626447610126,0.838809394363676,
0.843992341117227,0.849175287870777,0.851766761247552,0.854358234624327,
0.856949708001102,0.859541181377878,0.862132654754653,0.864724128131428,
0.869907074884978,0.875090021638529,0.880272968392079,0.885455915145629,
0.89582180865273,0.906187702159831,0.911370648913381,0.916553595666931,
0.921736542420482,0.926919489174032),(0.,1.),.UNSPECIFIED.);
#540=B_SPLINE_SURFACE_WITH_KNOTS('',3,1,((#4309,#4310),(#4311,#4312),(#4313,
#4314),(#4315,#4316),(#4317,#4318),(#4319,#4320),(#4321,#4322),(#4323,#4324),
(#4325,#4326),(#4327,#4328),(#4329,#4330),(#4331,#4332),(#4333,#4334),(#4335,
#4336),(#4337,#4338),(#4339,#4340),(#4341,#4342),(#4343,#4344),(#4345,#4346),
(#4347,#4348),(#4349,#4350),(#4351,#4352),(#4353,#4354),(#4355,#4356),(#4357,
#4358),(#4359,#4360),(#4361,#4362),(#4363,#4364),(#4365,#4366),(#4367,#4368),
(#4369,#4370),(#4371,#4372),(#4373,#4374),(#4375,#4376),(#4377,#4378),(#4379,
#4380),(#4381,#4382),(#4383,#4384),(#4385,#4386),(#4387,#4388),(#4389,#4390)),
 .SURF_OF_LINEAR_EXTRUSION.,.F.,.F.,.F.,(4,1,1,1,1,1,1,1,1,1,1,1,1,1,1,
1,1,1,1,1,1,1,1,1,1,1,1,1,1,1,1,1,1,1,1,1,1,1,4),(2,2),(0.335738459940911,
0.346066707108745,0.356394954276579,0.361559077860496,0.366723201444413,
0.37188732502833,0.377051448612247,0.382215572196164,0.387379695780082,
0.392543819363999,0.395125881155957,0.397707942947916,0.400290004739874,
0.402872066531833,0.405454128323792,0.40803619011575,0.410618251907709,
0.413200313699667,0.415782375491626,0.418364437283584,0.420946499075543,
0.423528560867501,0.428692684451419,0.433856808035336,0.436438869827294,
0.439020931619253,0.441602993411211,0.44418505520317,0.446767116995128,
0.449349178787087,0.454513302371004,0.457095364162963,0.459677425954921,
0.46225948774688,0.464841549538838,0.470005673122755,0.48033392029059,0.490662167458424,
0.500990414626258),(0.,1.),.UNSPECIFIED.);
#541=B_SPLINE_SURFACE_WITH_KNOTS('',3,1,((#4393,#4394),(#4395,#4396),(#4397,
#4398),(#4399,#4400),(#4401,#4402),(#4403,#4404),(#4405,#4406),(#4407,#4408),
(#4409,#4410),(#4411,#4412),(#4413,#4414),(#4415,#4416),(#4417,#4418),(#4419,
#4420),(#4421,#4422),(#4423,#4424),(#4425,#4426),(#4427,#4428),(#4429,#4430),
(#4431,#4432),(#4433,#4434),(#4435,#4436),(#4437,#4438),(#4439,#4440),(#4441,
#4442),(#4443,#4444),(#4445,#4446),(#4447,#4448)),
 .SURF_OF_LINEAR_EXTRUSION.,.F.,.F.,.F.,(4,1,1,1,1,1,1,1,1,1,1,1,1,1,1,
1,1,1,1,1,1,1,1,1,1,4),(2,2),(0.538736778515803,0.548424800065108,0.553268810839761,
0.558112821614414,0.562956832389067,0.567800843163719,0.572644853938372,
0.575066859325699,0.577488864713025,0.579910870100351,0.582332875487678,
0.584754880875004,0.585965883568667,0.58717688626233,0.589598891649657,
0.592020897036983,0.59444290242431,0.596864907811636,0.598075910505299,
0.599286913198962,0.601708918586289,0.604130923973615,0.606552929360942,
0.608974934748268,0.611396940135594,0.616240950910247),(0.,1.),
 .UNSPECIFIED.);
#542=B_SPLINE_SURFACE_WITH_KNOTS('',3,1,((#4450,#4451),(#4452,#4453),(#4454,
#4455),(#4456,#4457),(#4458,#4459)),.SURF_OF_LINEAR_EXTRUSION.,.F.,.F.,
 .F.,(4,1,4),(2,2),(0.665955127823827,0.672638428720896,0.679321729617964),
(0.,1.),.UNSPECIFIED.);
#543=B_SPLINE_SURFACE_WITH_KNOTS('',3,1,((#4461,#4462),(#4463,#4464),(#4465,
#4466),(#4467,#4468),(#4469,#4470),(#4471,#4472),(#4473,#4474),(#4475,#4476),
(#4477,#4478),(#4479,#4480),(#4481,#4482),(#4483,#4484),(#4485,#4486),(#4487,
#4488),(#4489,#4490),(#4491,#4492),(#4493,#4494),(#4495,#4496),(#4497,#4498),
(#4499,#4500)),.SURF_OF_LINEAR_EXTRUSION.,.F.,.F.,.F.,(4,1,1,1,1,1,1,1,
1,1,1,1,1,1,1,1,1,4),(2,2),(0.693124553393792,0.696587649028362,0.700050744662933,
0.703513840297503,0.706976935932074,0.710440031566644,0.713903127201215,
0.717366222835785,0.720829318470355,0.724292414104926,0.727755509739496,
0.731218605374067,0.734681701008637,0.738144796643208,0.741607892277778,
0.743339440095063,0.745070987912348,0.748534083546919),(0.,1.),
 .UNSPECIFIED.);
#544=B_SPLINE_SURFACE_WITH_KNOTS('',3,1,((#4502,#4503),(#4504,#4505),(#4506,
#4507),(#4508,#4509),(#4510,#4511),(#4512,#4513),(#4514,#4515)),
 .SURF_OF_LINEAR_EXTRUSION.,.F.,.F.,.F.,(4,1,1,1,4),(2,2),(0.814421491394174,
0.8170902242902,0.819758957186226,0.822427690082251,0.825096422978277),
(0.,1.),.UNSPECIFIED.);
#545=B_SPLINE_SURFACE_WITH_KNOTS('',3,1,((#4517,#4518),(#4519,#4520),(#4521,
#4522),(#4523,#4524),(#4525,#4526),(#4527,#4528),(#4529,#4530),(#4531,#4532),
(#4533,#4534),(#4535,#4536),(#4537,#4538),(#4539,#4540),(#4541,#4542),(#4543,
#4544),(#4545,#4546),(#4547,#4548),(#4549,#4550),(#4551,#4552),(#4553,#4554),
(#4555,#4556),(#4557,#4558),(#4559,#4560),(#4561,#4562),(#4563,#4564),(#4565,
#4566),(#4567,#4568),(#4569,#4570),(#4571,#4572),(#4573,#4574),(#4575,#4576),
(#4577,#4578)),.SURF_OF_LINEAR_EXTRUSION.,.F.,.F.,.F.,(4,1,1,1,1,1,1,1,
1,1,1,1,1,1,1,1,1,1,1,1,1,1,1,1,1,1,1,1,4),(2,2),(0.876035601310702,0.882428656578937,
0.888821711847171,0.895214767115406,0.90160782238364,0.904804350017757,
0.908000877651874,0.911197405285992,0.914393932920109,0.917590460554226,
0.920786988188343,0.923983515822461,0.927180043456578,0.930376571090695,
0.933573098724813,0.935171362541871,0.93676962635893,0.938367890175988,
0.939966153993047,0.941564417810106,0.943162681627164,0.946359209261282,
0.949555736895399,0.952752264529516,0.95914531979775,0.965538375065985,
0.968734902700102,0.971931430334219,0.978324485602454),(0.,1.),
 .UNSPECIFIED.);
#546=B_SPLINE_SURFACE_WITH_KNOTS('',3,1,((#4580,#4581),(#4582,#4583),(#4584,
#4585),(#4586,#4587),(#4588,#4589),(#4590,#4591),(#4592,#4593),(#4594,#4595),
(#4596,#4597),(#4598,#4599),(#4600,#4601),(#4602,#4603),(#4604,#4605),(#4606,
#4607),(#4608,#4609),(#4610,#4611),(#4612,#4613),(#4614,#4615),(#4616,#4617),
(#4618,#4619),(#4620,#4621),(#4622,#4623),(#4624,#4625),(#4626,#4627)),
 .SURF_OF_LINEAR_EXTRUSION.,.F.,.F.,.F.,(4,1,1,1,1,1,1,1,1,1,1,1,1,1,1,
1,1,1,1,1,1,4),(2,2),(1.0077988910631,1.01261573000206,1.01743256894103,
1.02224940787999,1.02706624681895,1.03188308575792,1.0342915052274,1.03669992469688,
1.03910834416636,1.04151676363584,1.04392518310533,1.04633360257481,1.04874202204429,
1.05115044151377,1.05355886098325,1.05596728045273,1.0607841193917,1.06560095833066,
1.07041779726962,1.07523463620859,1.08005147514755,1.08486831408651),(0.,
1.),.UNSPECIFIED.);
#547=B_SPLINE_SURFACE_WITH_KNOTS('',3,1,((#4629,#4630),(#4631,#4632),(#4633,
#4634),(#4635,#4636)),.SURF_OF_LINEAR_EXTRUSION.,.F.,.F.,.F.,(4,4),(2,2),
(0.105215404728262,0.111132079221991),(0.,1.),.PIECEWISE_BEZIER_KNOTS.);
#548=B_SPLINE_SURFACE_WITH_KNOTS('',3,1,((#4638,#4639),(#4640,#4641),(#4642,
#4643),(#4644,#4645),(#4646,#4647),(#4648,#4649),(#4650,#4651),(#4652,#4653),
(#4654,#4655),(#4656,#4657),(#4658,#4659)),.SURF_OF_LINEAR_EXTRUSION.,.F.,
 .F.,.F.,(4,1,1,1,1,1,1,1,4),(2,2),(0.146304554172785,0.148395989213838,
0.15048742425489,0.152578859295943,0.154670294336995,0.156761729378048,
0.1588531644191,0.160944599460153,0.163036034501206),(0.,1.),
 .UNSPECIFIED.);
#549=B_SPLINE_SURFACE_WITH_KNOTS('',3,1,((#4661,#4662),(#4663,#4664),(#4665,
#4666),(#4667,#4668),(#4669,#4670)),.SURF_OF_LINEAR_EXTRUSION.,.F.,.F.,
 .F.,(4,1,4),(2,2),(0.179625358250495,0.187001061779248,0.194376765308),
(0.,1.),.UNSPECIFIED.);
#550=B_SPLINE_SURFACE_WITH_KNOTS('',3,1,((#4672,#4673),(#4674,#4675),(#4676,
#4677),(#4678,#4679),(#4680,#4681),(#4682,#4683),(#4684,#4685),(#4686,#4687),
(#4688,#4689),(#4690,#4691),(#4692,#4693),(#4694,#4695),(#4696,#4697),(#4698,
#4699),(#4700,#4701),(#4702,#4703),(#4704,#4705),(#4706,#4707),(#4708,#4709),
(#4710,#4711),(#4712,#4713),(#4714,#4715),(#4716,#4717),(#4718,#4719),(#4720,
#4721),(#4722,#4723),(#4724,#4725)),.SURF_OF_LINEAR_EXTRUSION.,.F.,.F.,
 .F.,(4,1,1,1,1,1,1,1,1,1,1,1,1,1,1,1,1,1,1,1,1,1,1,1,4),(2,2),(0.241450988826897,
0.245826917655527,0.248014882069842,0.250202846484158,0.252390810898473,
0.25348479310563,0.254578775312788,0.256766739727103,0.258954704141418,
0.261142668555733,0.263330632970048,0.265518597384363,0.267706561798679,
0.269894526212994,0.272082490627309,0.274270455041624,0.276458419455939,
0.278646383870254,0.280834348284569,0.2852102771132,0.28958620594183,0.29396213477046,
0.302713992427721,0.307089921256351,0.311465850084981),(0.,1.),
 .UNSPECIFIED.);
#551=ADVANCED_FACE('',(#484),#522,.F.);
#552=ADVANCED_FACE('',(#485),#523,.F.);
#553=ADVANCED_FACE('',(#486),#524,.F.);
#554=ADVANCED_FACE('',(#487),#525,.F.);
#555=ADVANCED_FACE('',(#488),#526,.F.);
#556=ADVANCED_FACE('',(#489),#527,.F.);
#557=ADVANCED_FACE('',(#490),#528,.F.);
#558=ADVANCED_FACE('',(#491),#529,.F.);
#559=ADVANCED_FACE('',(#492),#530,.F.);
#560=ADVANCED_FACE('',(#493,#494),#531,.T.);
#561=ADVANCED_FACE('',(#495,#496),#12,.T.);
#562=ADVANCED_FACE('',(#497,#498),#13,.T.);
#563=ADVANCED_FACE('',(#499),#532,.F.);
#564=ADVANCED_FACE('',(#500),#533,.F.);
#565=ADVANCED_FACE('',(#501),#534,.F.);
#566=ADVANCED_FACE('',(#502),#535,.F.);
#567=ADVANCED_FACE('',(#503),#536,.F.);
#568=ADVANCED_FACE('',(#504),#537,.F.);
#569=ADVANCED_FACE('',(#505),#538,.F.);
#570=ADVANCED_FACE('',(#506),#539,.F.);
#571=ADVANCED_FACE('',(#507,#508),#14,.F.);
#572=ADVANCED_FACE('',(#509,#510),#15,.T.);
#573=ADVANCED_FACE('',(#511),#540,.T.);
#574=ADVANCED_FACE('',(#512),#541,.T.);
#575=ADVANCED_FACE('',(#513),#542,.T.);
#576=ADVANCED_FACE('',(#514),#543,.T.);
#577=ADVANCED_FACE('',(#515),#544,.T.);
#578=ADVANCED_FACE('',(#516),#545,.T.);
#579=ADVANCED_FACE('',(#517),#546,.T.);
#580=ADVANCED_FACE('',(#518),#547,.T.);
#581=ADVANCED_FACE('',(#519),#548,.T.);
#582=ADVANCED_FACE('',(#520),#549,.T.);
#583=ADVANCED_FACE('',(#521),#550,.T.);
#584=CLOSED_SHELL('',(#551,#552,#553,#554,#555,#556,#557,#558,#559,#560,
#561,#562,#563,#564,#565,#566,#567,#568,#569,#570,#571,#572,#573,#574,#575,
#576,#577,#578,#579,#580,#581,#582,#583));
#585=STYLED_ITEM('',(#586),#593);
#586=PRESENTATION_STYLE_ASSIGNMENT((#587));
#587=SURFACE_STYLE_USAGE(.BOTH.,#588);
#588=SURFACE_SIDE_STYLE('',(#589));
#589=SURFACE_STYLE_FILL_AREA(#590);
#590=FILL_AREA_STYLE('',(#591));
#591=FILL_AREA_STYLE_COLOUR('',#592);
#592=COLOUR_RGB('',0.615686274509804,0.811764705882353,0.929411764705882);
#593=MANIFOLD_SOLID_BREP('Part 1',#584);
#594=SHAPE_DEFINITION_REPRESENTATION(#4732,#595);
#595=SHAPE_REPRESENTATION('Part 1',(#596),#4727);
#596=AXIS2_PLACEMENT_3D('',#639,#601,#602);
#597=AXIS2_PLACEMENT_3D('',#2149,#612,#613);
#598=AXIS2_PLACEMENT_3D('',#2150,#614,#615);
#599=AXIS2_PLACEMENT_3D('',#3885,#624,#625);
#600=AXIS2_PLACEMENT_3D('',#4308,#626,#627);
#601=DIRECTION('',(0.,0.,1.));
#602=DIRECTION('',(1.,0.,0.));
#603=DIRECTION('',(0.,0.,-1.));
#604=DIRECTION('',(0.,0.,-1.));
#605=DIRECTION('',(0.,0.,-1.));
#606=DIRECTION('',(0.,0.,-1.));
#607=DIRECTION('',(0.,0.,-1.));
#608=DIRECTION('',(0.,0.,-1.));
#609=DIRECTION('',(0.,0.,-1.));
#610=DIRECTION('',(0.,0.,-1.));
#611=DIRECTION('',(0.,0.,-1.));
#612=DIRECTION('',(0.,0.,1.));
#613=DIRECTION('',(1.,0.,0.));
#614=DIRECTION('',(0.,0.,1.));
#615=DIRECTION('',(1.,0.,0.));
#616=DIRECTION('',(0.,0.,1.));
#617=DIRECTION('',(0.,0.,1.));
#618=DIRECTION('',(0.,0.,1.));
#619=DIRECTION('',(0.,0.,1.));
#620=DIRECTION('',(0.,0.,1.));
#621=DIRECTION('',(0.,0.,1.));
#622=DIRECTION('',(0.,0.,1.));
#623=DIRECTION('',(0.,0.,1.));
#624=DIRECTION('',(0.,0.,1.));
#625=DIRECTION('',(1.,0.,0.));
#626=DIRECTION('',(0.,0.,1.));
#627=DIRECTION('',(1.,0.,0.));
#628=DIRECTION('',(0.,0.,1.));
#629=DIRECTION('',(0.,0.,1.));
#630=DIRECTION('',(0.,0.,1.));
#631=DIRECTION('',(0.,0.,1.));
#632=DIRECTION('',(0.,0.,1.));
#633=DIRECTION('',(0.,0.,1.));
#634=DIRECTION('',(0.,0.,1.));
#635=DIRECTION('',(0.,0.,1.));
#636=DIRECTION('',(0.,0.,1.));
#637=DIRECTION('',(0.,0.,1.));
#638=DIRECTION('',(0.,0.,1.));
#639=CARTESIAN_POINT('',(0.,0.,0.));
#640=CARTESIAN_POINT('',(-0.0119457276903683,0.011759484285607,0.0127));
#641=CARTESIAN_POINT('',(-0.0119457276903683,0.011759484285607,-1.38777878078145E-17));
#642=CARTESIAN_POINT('',(-0.012376560821636,0.0116579786856194,0.0127));
#643=CARTESIAN_POINT('',(-0.012376560821636,0.0116579786856194,-1.21430643318376E-17));
#644=CARTESIAN_POINT('',(-0.013665207368996,0.011422932475957,0.0127));
#645=CARTESIAN_POINT('',(-0.013665207368996,0.011422932475957,-1.73472347597681E-17));
#646=CARTESIAN_POINT('',(-0.017290316956942,0.0109111782410576,0.0127));
#647=CARTESIAN_POINT('',(-0.017290316956942,0.0109111782410576,-1.56125112837913E-17));
#648=CARTESIAN_POINT('',(-0.0219368940753778,0.0102930295785121,0.0127));
#649=CARTESIAN_POINT('',(-0.0219368940753778,0.0102930295785121,-1.04083408558608E-17));
#650=CARTESIAN_POINT('',(-0.0266447429053197,0.00946853517371395,0.0127));
#651=CARTESIAN_POINT('',(-0.0266447429053197,0.00946853517371395,-1.38777878078145E-17));
#652=CARTESIAN_POINT('',(-0.0310616584598849,0.00845922487896408,0.0127));
#653=CARTESIAN_POINT('',(-0.0310616584598849,0.00845922487896408,-2.08166817117217E-17));
#654=CARTESIAN_POINT('',(-0.0348283714520697,0.00725683209878569,0.0127));
#655=CARTESIAN_POINT('',(-0.0348283714520697,0.00725683209878569,-8.67361737988404E-18));
#656=CARTESIAN_POINT('',(-0.0378253232500824,0.00600626210865543,0.0127));
#657=CARTESIAN_POINT('',(-0.0378253232500824,0.00600626210865543,-1.90819582357449E-17));
#658=CARTESIAN_POINT('',(-0.0396614887675891,0.00506548321875883,0.0127));
#659=CARTESIAN_POINT('',(-0.0396614887675891,0.00506548321875883,-1.38777878078145E-17));
#660=CARTESIAN_POINT('',(-0.0410771611191428,0.0041386577420733,0.0127));
#661=CARTESIAN_POINT('',(-0.0410771611191428,0.0041386577420733,-1.90819582357449E-17));
#662=CARTESIAN_POINT('',(-0.041999024513638,0.00322118389634978,0.0127));
#663=CARTESIAN_POINT('',(-0.041999024513638,0.00322118389634978,-1.38777878078145E-17));
#664=CARTESIAN_POINT('',(-0.0425356073549905,0.00237030481587521,0.0127));
#665=CARTESIAN_POINT('',(-0.0425356073549905,0.00237030481587521,-1.56125112837913E-17));
#666=CARTESIAN_POINT('',(-0.0429156479650038,0.00154138393166497,0.0127));
#667=CARTESIAN_POINT('',(-0.0429156479650038,0.00154138393166497,-1.56125112837913E-17));
#668=CARTESIAN_POINT('',(-0.0431790666383534,0.000635645961742048,0.0127));
#669=CARTESIAN_POINT('',(-0.0431790666383534,0.000635645961742048,-1.38777878078145E-17));
#670=CARTESIAN_POINT('',(-0.0432661387401827,-0.000389803829564905,0.0127));
#671=CARTESIAN_POINT('',(-0.0432661387401827,-0.000389803829564905,-1.38777878078145E-17));
#672=CARTESIAN_POINT('',(-0.043193637569831,-0.00124122833994605,0.0127));
#673=CARTESIAN_POINT('',(-0.043193637569831,-0.00124122833994605,-1.38777878078145E-17));
#674=CARTESIAN_POINT('',(-0.0429215913091634,-0.00209369153911878,0.0127));
#675=CARTESIAN_POINT('',(-0.0429215913091634,-0.00209369153911878,-1.38777878078145E-17));
#676=CARTESIAN_POINT('',(-0.0423631323440467,-0.00305761452782559,0.0127));
#677=CARTESIAN_POINT('',(-0.0423631323440467,-0.00305761452782559,-1.56125112837913E-17));
#678=CARTESIAN_POINT('',(-0.0414797041824701,-0.00394986574074377,0.0127));
#679=CARTESIAN_POINT('',(-0.0414797041824701,-0.00394986574074377,-1.56125112837913E-17));
#680=CARTESIAN_POINT('',(-0.040326791363492,-0.00479706736859004,0.0127));
#681=CARTESIAN_POINT('',(-0.040326791363492,-0.00479706736859004,-1.38777878078145E-17));
#682=CARTESIAN_POINT('',(-0.0391668214011518,-0.00557721896948018,0.0127));
#683=CARTESIAN_POINT('',(-0.0391668214011518,-0.00557721896948018,-2.25514051876985E-17));
#684=CARTESIAN_POINT('',(-0.0383628699006152,-0.00615821162274901,0.0127));
#685=CARTESIAN_POINT('',(-0.0383628699006152,-0.00615821162274901,-6.93889390390723E-18));
#686=CARTESIAN_POINT('',(-0.0378756267357276,-0.00658348369628615,0.0127));
#687=CARTESIAN_POINT('',(-0.0378756267357276,-0.00658348369628615,-2.08166817117217E-17));
#688=CARTESIAN_POINT('',(-0.0373433839301373,-0.00708313256790654,0.0127));
#689=CARTESIAN_POINT('',(-0.0373433839301373,-0.00708313256790654,-5.20417042793042E-18));
#690=CARTESIAN_POINT('',(-0.0365600898794543,-0.00784105145511535,0.0127));
#691=CARTESIAN_POINT('',(-0.0365600898794543,-0.00784105145511535,-2.08166817117217E-17));
#692=CARTESIAN_POINT('',(-0.0351846191081852,-0.00887967556199756,0.0127));
#693=CARTESIAN_POINT('',(-0.0351846191081852,-0.00887967556199756,-1.38777878078145E-17));
#694=CARTESIAN_POINT('',(-0.0334426435134635,-0.00982434646619245,0.0127));
#695=CARTESIAN_POINT('',(-0.0334426435134635,-0.00982434646619245,-1.90819582357449E-17));
#696=CARTESIAN_POINT('',(-0.0314266869745936,-0.010704088086177,0.0127));
#697=CARTESIAN_POINT('',(-0.0314266869745936,-0.010704088086177,-1.56125112837913E-17));
#698=CARTESIAN_POINT('',(-0.028450448169308,-0.0117735324778743,0.0127));
#699=CARTESIAN_POINT('',(-0.028450448169308,-0.0117735324778743,-1.04083408558608E-17));
#700=CARTESIAN_POINT('',(-0.0243487662955004,-0.0128354867325691,0.0127));
#701=CARTESIAN_POINT('',(-0.0243487662955004,-0.0128354867325691,-2.25514051876985E-17));
#702=CARTESIAN_POINT('',(-0.0205072651910035,-0.0133740347188948,0.0127));
#703=CARTESIAN_POINT('',(-0.0205072651910035,-0.0133740347188948,-3.46944695195361E-18));
#704=CARTESIAN_POINT('',(-0.018085422481569,-0.013639093007331,0.0127));
#705=CARTESIAN_POINT('',(-0.018085422481569,-0.013639093007331,-2.08166817117217E-17));
#706=CARTESIAN_POINT('',(-0.0171522742851887,-0.0137337475291415,0.0127));
#707=CARTESIAN_POINT('',(-0.0171522742851887,-0.0137337475291415,-1.38777878078145E-17));
#708=CARTESIAN_POINT('',(-0.0168109690254396,-0.0137730985665491,0.0127));
#709=CARTESIAN_POINT('',(-0.0168109690254396,-0.0137730985665491,-1.38777878078145E-17));
#710=CARTESIAN_POINT('',(-0.0119457276903683,0.011759484285607,0.));
#711=CARTESIAN_POINT('',(-0.0121611442560021,0.0117087314856132,0.));
#712=CARTESIAN_POINT('',(-0.0127023064155032,0.0115975784684494,0.));
#713=CARTESIAN_POINT('',(-0.0141163719107685,0.0113598903816328,0.));
#714=CARTESIAN_POINT('',(-0.0163838871853047,0.0110389654582112,0.));
#715=CARTESIAN_POINT('',(-0.0196165535278983,0.0106015663857098,0.));
#716=CARTESIAN_POINT('',(-0.0225312602471677,0.0101728789769412,0.));
#717=CARTESIAN_POINT('',(-0.0248773076259847,0.00977763606073845,0.));
#718=CARTESIAN_POINT('',(-0.0266169381804729,0.00945125680651065,0.));
#719=CARTESIAN_POINT('',(-0.0283051971275088,0.00908993583803895,0.));
#720=CARTESIAN_POINT('',(-0.0304532605091203,0.00856937697579178,0.));
#721=CARTESIAN_POINT('',(-0.0329433601460533,0.00785786171066619,0.));
#722=CARTESIAN_POINT('',(-0.035578004486015,0.00694435284489641,0.));
#723=CARTESIAN_POINT('',(-0.0374508321828682,0.0061622054010583,0.));
#724=CARTESIAN_POINT('',(-0.0387430967583799,0.00553652033643267,0.));
#725=CARTESIAN_POINT('',(-0.039608478978096,0.00506805094820762,0.));
#726=CARTESIAN_POINT('',(-0.0403714267688181,0.00459812859650071,0.));
#727=CARTESIAN_POINT('',(-0.0410385729479471,0.00411669429132972,0.));
#728=CARTESIAN_POINT('',(-0.0416278118760905,0.00359289755243766,0.));
#729=CARTESIAN_POINT('',(-0.0421341044754316,0.00300641749390897,0.));
#730=CARTESIAN_POINT('',(-0.0424676321033371,0.00247920893845611,0.));
#731=CARTESIAN_POINT('',(-0.0426795600471265,0.0020552891832218,0.));
#732=CARTESIAN_POINT('',(-0.0428578476986355,0.00164059212980482,0.));
#733=CARTESIAN_POINT('',(-0.043045360243325,0.00109141584927028,0.));
#734=CARTESIAN_POINT('',(-0.0432014565929327,0.000379316601847359,0.));
#735=CARTESIAN_POINT('',(-0.0432549495005292,-0.000264144802908814,0.));
#736=CARTESIAN_POINT('',(-0.0432303131776472,-0.000810982747278883,0.));
#737=CARTESIAN_POINT('',(-0.0431686278179286,-0.00124159401084719,0.));
#738=CARTESIAN_POINT('',(-0.0430574558793086,-0.00167104993779987,0.));
#739=CARTESIAN_POINT('',(-0.0428517829492662,-0.00221214133314226,0.));
#740=CARTESIAN_POINT('',(-0.0425035487895868,-0.00281704900539646,0.));
#741=CARTESIAN_POINT('',(-0.0420067157903336,-0.00341538585442976,0.));
#742=CARTESIAN_POINT('',(-0.0414689672345055,-0.00392188566901585,0.));
#743=CARTESIAN_POINT('',(-0.0409028413413791,-0.00437276608631382,0.));
#744=CARTESIAN_POINT('',(-0.0403255370451875,-0.00478919684921226,0.));
#745=CARTESIAN_POINT('',(-0.0397487015154604,-0.0051858007014214,0.));
#746=CARTESIAN_POINT('',(-0.039192039509221,-0.00556632717497407,0.));
#747=CARTESIAN_POINT('',(-0.0387647540984226,-0.00586875786132547,0.));
#748=CARTESIAN_POINT('',(-0.0384577098357786,-0.00609893279513029,0.));
#749=CARTESIAN_POINT('',(-0.0382510761359406,-0.00626191164770521,0.));
#750=CARTESIAN_POINT('',(-0.0380622992945899,-0.00642083743630965,0.));
#751=CARTESIAN_POINT('',(-0.0378068045785517,-0.00664771870645894,0.));
#752=CARTESIAN_POINT('',(-0.037477289029682,-0.00695805640102002,0.));
#753=CARTESIAN_POINT('',(-0.0370296077646779,-0.00738478844745507,0.));
#754=CARTESIAN_POINT('',(-0.0365039080180178,-0.00785799177478758,0.));
#755=CARTESIAN_POINT('',(-0.0359838026109423,-0.00827522748439669,0.));
#756=CARTESIAN_POINT('',(-0.0355109176817478,-0.00861284409213376,0.));
#757=CARTESIAN_POINT('',(-0.0349985734811707,-0.00894939552530721,0.));
#758=CARTESIAN_POINT('',(-0.034311274824873,-0.00935147023481047,0.));
#759=CARTESIAN_POINT('',(-0.0331079249312985,-0.00997125376034951,0.));
#760=CARTESIAN_POINT('',(-0.0314270018355294,-0.0107042387651633,0.));
#761=CARTESIAN_POINT('',(-0.0291917823898978,-0.0115052583708102,0.));
#762=CARTESIAN_POINT('',(-0.026820362481775,-0.0122018155373251,0.));
#763=CARTESIAN_POINT('',(-0.024385158761113,-0.0127567681019839,0.));
#764=CARTESIAN_POINT('',(-0.022043817169948,-0.013155944928111,0.));
#765=CARTESIAN_POINT('',(-0.0202598101574776,-0.0133934450459887,0.));
#766=CARTESIAN_POINT('',(-0.018991831367026,-0.0135400627794536,0.));
#767=CARTESIAN_POINT('',(-0.0181362123168338,-0.0136320640541716,0.));
#768=CARTESIAN_POINT('',(-0.0175164637132702,-0.0136965332708909,0.));
#769=CARTESIAN_POINT('',(-0.0170875083018486,-0.0137422028479916,0.));
#770=CARTESIAN_POINT('',(-0.0168962953403769,-0.0137632608071972,0.));
#771=CARTESIAN_POINT('',(-0.0168109690254396,-0.0137730985665491,0.));
#772=CARTESIAN_POINT('',(-0.0119457276903683,0.0117594842856069,0.));
#773=CARTESIAN_POINT('',(-0.0168109690254396,-0.0137730985665491,0.));
#774=CARTESIAN_POINT('',(-0.0168109690254396,-0.0137730985665491,0.0127));
#775=CARTESIAN_POINT('',(-0.0168109690254396,-0.0137730985665491,0.0127));
#776=CARTESIAN_POINT('',(-0.0119457276903683,0.011759484285607,0.0127));
#777=CARTESIAN_POINT('',(-0.0121611442560021,0.0117087314856132,0.0127));
#778=CARTESIAN_POINT('',(-0.0127023064155032,0.0115975784684494,0.0127));
#779=CARTESIAN_POINT('',(-0.0141163719107685,0.0113598903816328,0.0127));
#780=CARTESIAN_POINT('',(-0.0163838871853047,0.0110389654582112,0.0127));
#781=CARTESIAN_POINT('',(-0.0196165535278983,0.0106015663857098,0.0127));
#782=CARTESIAN_POINT('',(-0.0225312602471677,0.0101728789769412,0.0127));
#783=CARTESIAN_POINT('',(-0.0248773076259847,0.00977763606073845,0.0127));
#784=CARTESIAN_POINT('',(-0.0266169381804729,0.00945125680651065,0.0127));
#785=CARTESIAN_POINT('',(-0.0283051971275088,0.00908993583803895,0.0127));
#786=CARTESIAN_POINT('',(-0.0304532605091203,0.00856937697579178,0.0127));
#787=CARTESIAN_POINT('',(-0.0329433601460533,0.00785786171066619,0.0127));
#788=CARTESIAN_POINT('',(-0.035578004486015,0.00694435284489641,0.0127));
#789=CARTESIAN_POINT('',(-0.0374508321828682,0.0061622054010583,0.0127));
#790=CARTESIAN_POINT('',(-0.0387430967583799,0.00553652033643267,0.0127));
#791=CARTESIAN_POINT('',(-0.039608478978096,0.00506805094820762,0.0127));
#792=CARTESIAN_POINT('',(-0.0403714267688181,0.00459812859650071,0.0127));
#793=CARTESIAN_POINT('',(-0.0410385729479471,0.00411669429132972,0.0127));
#794=CARTESIAN_POINT('',(-0.0416278118760905,0.00359289755243766,0.0127));
#795=CARTESIAN_POINT('',(-0.0421341044754316,0.00300641749390897,0.0127));
#796=CARTESIAN_POINT('',(-0.0424676321033371,0.00247920893845611,0.0127));
#797=CARTESIAN_POINT('',(-0.0426795600471265,0.0020552891832218,0.0127));
#798=CARTESIAN_POINT('',(-0.0428578476986355,0.00164059212980482,0.0127));
#799=CARTESIAN_POINT('',(-0.043045360243325,0.00109141584927028,0.0127));
#800=CARTESIAN_POINT('',(-0.0432014565929327,0.000379316601847359,0.0127));
#801=CARTESIAN_POINT('',(-0.0432549495005292,-0.000264144802908814,0.0127));
#802=CARTESIAN_POINT('',(-0.0432303131776472,-0.000810982747278883,0.0127));
#803=CARTESIAN_POINT('',(-0.0431686278179286,-0.00124159401084719,0.0127));
#804=CARTESIAN_POINT('',(-0.0430574558793086,-0.00167104993779987,0.0127));
#805=CARTESIAN_POINT('',(-0.0428517829492662,-0.00221214133314226,0.0127));
#806=CARTESIAN_POINT('',(-0.0425035487895868,-0.00281704900539646,0.0127));
#807=CARTESIAN_POINT('',(-0.0420067157903336,-0.00341538585442976,0.0127));
#808=CARTESIAN_POINT('',(-0.0414689672345055,-0.00392188566901585,0.0127));
#809=CARTESIAN_POINT('',(-0.0409028413413791,-0.00437276608631382,0.0127));
#810=CARTESIAN_POINT('',(-0.0403255370451875,-0.00478919684921226,0.0127));
#811=CARTESIAN_POINT('',(-0.0397487015154604,-0.0051858007014214,0.0127));
#812=CARTESIAN_POINT('',(-0.039192039509221,-0.00556632717497407,0.0127));
#813=CARTESIAN_POINT('',(-0.0387647540984226,-0.00586875786132547,0.0127));
#814=CARTESIAN_POINT('',(-0.0384577098357786,-0.00609893279513029,0.0127));
#815=CARTESIAN_POINT('',(-0.0382510761359406,-0.00626191164770521,0.0127));
#816=CARTESIAN_POINT('',(-0.0380622992945899,-0.00642083743630965,0.0127));
#817=CARTESIAN_POINT('',(-0.0378068045785517,-0.00664771870645894,0.0127));
#818=CARTESIAN_POINT('',(-0.037477289029682,-0.00695805640102002,0.0127));
#819=CARTESIAN_POINT('',(-0.0370296077646779,-0.00738478844745507,0.0127));
#820=CARTESIAN_POINT('',(-0.0365039080180178,-0.00785799177478758,0.0127));
#821=CARTESIAN_POINT('',(-0.0359838026109423,-0.00827522748439669,0.0127));
#822=CARTESIAN_POINT('',(-0.0355109176817478,-0.00861284409213376,0.0127));
#823=CARTESIAN_POINT('',(-0.0349985734811707,-0.00894939552530721,0.0127));
#824=CARTESIAN_POINT('',(-0.034311274824873,-0.00935147023481047,0.0127));
#825=CARTESIAN_POINT('',(-0.0331079249312985,-0.00997125376034951,0.0127));
#826=CARTESIAN_POINT('',(-0.0314270018355294,-0.0107042387651633,0.0127));
#827=CARTESIAN_POINT('',(-0.0291917823898978,-0.0115052583708102,0.0127));
#828=CARTESIAN_POINT('',(-0.026820362481775,-0.0122018155373251,0.0127));
#829=CARTESIAN_POINT('',(-0.024385158761113,-0.0127567681019839,0.0127));
#830=CARTESIAN_POINT('',(-0.022043817169948,-0.013155944928111,0.0127));
#831=CARTESIAN_POINT('',(-0.0202598101574776,-0.0133934450459887,0.0127));
#832=CARTESIAN_POINT('',(-0.018991831367026,-0.0135400627794536,0.0127));
#833=CARTESIAN_POINT('',(-0.0181362123168338,-0.0136320640541716,0.0127));
#834=CARTESIAN_POINT('',(-0.0175164637132702,-0.0136965332708909,0.0127));
#835=CARTESIAN_POINT('',(-0.0170875083018486,-0.0137422028479916,0.0127));
#836=CARTESIAN_POINT('',(-0.0168962953403769,-0.0137632608071972,0.0127));
#837=CARTESIAN_POINT('',(-0.0168109690254396,-0.0137730985665491,0.0127));
#838=CARTESIAN_POINT('',(-0.0119457276903683,0.0117594842856069,0.0127));
#839=CARTESIAN_POINT('',(-0.0119457276903683,0.0117594842856069,0.0127));
#840=CARTESIAN_POINT('',(-0.0168109690251977,-0.013773098566473,0.0127));
#841=CARTESIAN_POINT('',(-0.0168109690251977,-0.013773098566473,3.46944695195361E-18));
#842=CARTESIAN_POINT('',(-0.0167451558842108,-0.0139825771888765,0.0127));
#843=CARTESIAN_POINT('',(-0.0167451558842108,-0.0139825771888765,3.46944695195361E-18));
#844=CARTESIAN_POINT('',(-0.0165636134887931,-0.0145153749913708,0.0127));
#845=CARTESIAN_POINT('',(-0.0165636134887931,-0.0145153749913708,3.46944695195361E-18));
#846=CARTESIAN_POINT('',(-0.0160747716719148,-0.0156507079074599,0.0127));
#847=CARTESIAN_POINT('',(-0.0160747716719148,-0.0156507079074599,-1.73472347597681E-18));
#848=CARTESIAN_POINT('',(-0.0152577004906631,-0.0172573999891455,0.0127));
#849=CARTESIAN_POINT('',(-0.0152577004906631,-0.0172573999891455,5.20417042793042E-18));
#850=CARTESIAN_POINT('',(-0.014038228462578,-0.0193148841595794,0.0127));
#851=CARTESIAN_POINT('',(-0.014038228462578,-0.0193148841595794,3.46944695195361E-18));
#852=CARTESIAN_POINT('',(-0.0126748878675553,-0.0212985387497944,0.0127));
#853=CARTESIAN_POINT('',(-0.0126748878675553,-0.0212985387497944,6.93889390390723E-18));
#854=CARTESIAN_POINT('',(-0.0112734982763123,-0.0229858739812786,0.0127));
#855=CARTESIAN_POINT('',(-0.0112734982763123,-0.0229858739812786,1.73472347597681E-18));
#856=CARTESIAN_POINT('',(-0.00985033630888668,-0.024377570478048,0.0127));
#857=CARTESIAN_POINT('',(-0.00985033630888668,-0.024377570478048,1.73472347597681E-18));
#858=CARTESIAN_POINT('',(-0.00868233059047463,-0.0252702724814084,0.0127));
#859=CARTESIAN_POINT('',(-0.00868233059047463,-0.0252702724814084,8.67361737988404E-18));
#860=CARTESIAN_POINT('',(-0.007676662489935,-0.0258592344507699,0.0127));
#861=CARTESIAN_POINT('',(-0.007676662489935,-0.0258592344507699,3.46944695195361E-18));
#862=CARTESIAN_POINT('',(-0.00679710921576529,-0.0262208377189201,0.0127));
#863=CARTESIAN_POINT('',(-0.00679710921576529,-0.0262208377189201,5.20417042793042E-18));
#864=CARTESIAN_POINT('',(-0.00588576417781382,-0.0263677578304111,0.0127));
#865=CARTESIAN_POINT('',(-0.00588576417781382,-0.0263677578304111,0.));
#866=CARTESIAN_POINT('',(-0.00505607921443642,-0.0262742810214371,0.0127));
#867=CARTESIAN_POINT('',(-0.00505607921443642,-0.0262742810214371,8.67361737988404E-18));
#868=CARTESIAN_POINT('',(-0.00423760781776928,-0.0260000157860341,0.0127));
#869=CARTESIAN_POINT('',(-0.00423760781776928,-0.0260000157860341,3.46944695195361E-18));
#870=CARTESIAN_POINT('',(-0.00351067805451923,-0.0254985377817613,0.0127));
#871=CARTESIAN_POINT('',(-0.00351067805451923,-0.0254985377817613,6.93889390390723E-18));
#872=CARTESIAN_POINT('',(-0.00289511885324332,-0.0248378326851125,0.0127));
#873=CARTESIAN_POINT('',(-0.00289511885324332,-0.0248378326851125,6.93889390390723E-18));
#874=CARTESIAN_POINT('',(-0.00246520209082655,-0.024196414792751,0.0127));
#875=CARTESIAN_POINT('',(-0.00246520209082655,-0.024196414792751,3.46944695195361E-18));
#876=CARTESIAN_POINT('',(-0.00212016785168862,-0.0234297405361888,0.0127));
#877=CARTESIAN_POINT('',(-0.00212016785168862,-0.0234297405361888,5.20417042793042E-18));
#878=CARTESIAN_POINT('',(-0.00196827995658294,-0.0226020779116504,0.0127));
#879=CARTESIAN_POINT('',(-0.00196827995658294,-0.0226020779116504,5.20417042793042E-18));
#880=CARTESIAN_POINT('',(-0.00194467542018105,-0.0218963510945484,0.0127));
#881=CARTESIAN_POINT('',(-0.00194467542018105,-0.0218963510945484,5.20417042793042E-18));
#882=CARTESIAN_POINT('',(-0.00195148571557082,-0.0211061231532016,0.0127));
#883=CARTESIAN_POINT('',(-0.00195148571557082,-0.0211061231532016,1.73472347597681E-18));
#884=CARTESIAN_POINT('',(-0.00198452808547168,-0.0198337727345121,0.0127));
#885=CARTESIAN_POINT('',(-0.00198452808547168,-0.0198337727345121,6.93889390390723E-18));
#886=CARTESIAN_POINT('',(-0.00204412227575859,-0.0179893921046163,0.0127));
#887=CARTESIAN_POINT('',(-0.00204412227575859,-0.0179893921046163,5.20417042793042E-18));
#888=CARTESIAN_POINT('',(-0.00207058705074519,-0.0158089514441919,0.0127));
#889=CARTESIAN_POINT('',(-0.00207058705074519,-0.0158089514441919,1.73472347597681E-18));
#890=CARTESIAN_POINT('',(-0.002003900111325,-0.0147713719379302,0.0127));
#891=CARTESIAN_POINT('',(-0.002003900111325,-0.0147713719379302,3.46944695195361E-18));
#892=CARTESIAN_POINT('',(-0.00195899354847119,-0.0144737936619705,0.0127));
#893=CARTESIAN_POINT('',(-0.00195899354847119,-0.0144737936619705,3.46944695195361E-18));
#894=CARTESIAN_POINT('',(-0.0168109690251977,-0.013773098566473,0.));
#895=CARTESIAN_POINT('',(-0.0167780624547042,-0.0138778378776747,0.));
#896=CARTESIAN_POINT('',(-0.0167213879334121,-0.0140532284767099,0.));
#897=CARTESIAN_POINT('',(-0.01662621673105,-0.014319944440563,0.));
#898=CARTESIAN_POINT('',(-0.0165230314812482,-0.0145912841904616,0.));
#899=CARTESIAN_POINT('',(-0.016380040921582,-0.0149401024119082,0.));
#900=CARTESIAN_POINT('',(-0.0161222366220163,-0.0155218984238949,0.));
#901=CARTESIAN_POINT('',(-0.0157483787758057,-0.0162930482385419,0.));
#902=CARTESIAN_POINT('',(-0.0152278180238447,-0.0172736225047042,0.));
#903=CARTESIAN_POINT('',(-0.0146475654622109,-0.0182863153499254,0.));
#904=CARTESIAN_POINT('',(-0.0140200294724376,-0.0193058391658087,0.));
#905=CARTESIAN_POINT('',(-0.0133578188565702,-0.0203058033640957,0.));
#906=CARTESIAN_POINT('',(-0.0124407417110926,-0.0215802071237435,0.));
#907=CARTESIAN_POINT('',(-0.011506089014296,-0.022705162957482,0.));
#908=CARTESIAN_POINT('',(-0.0105637674380547,-0.0236807156199488,0.));
#909=CARTESIAN_POINT('',(-0.00985424812143735,-0.0243368813291528,0.));
#910=CARTESIAN_POINT('',(-0.00926138554927846,-0.0248200867540183,0.));
#911=CARTESIAN_POINT('',(-0.00878438410490668,-0.0251685199464885,0.));
#912=CARTESIAN_POINT('',(-0.00830853318629439,-0.025489315741355,0.));
#913=CARTESIAN_POINT('',(-0.00767590487165187,-0.0258597536599346,0.));
#914=CARTESIAN_POINT('',(-0.00694264614945384,-0.0261608303586318,0.));
#915=CARTESIAN_POINT('',(-0.00625235321826266,-0.0263084182120554,0.));
#916=CARTESIAN_POINT('',(-0.00567696437742589,-0.0263445432138312,0.));
#917=CARTESIAN_POINT('',(-0.00516244608569002,-0.0262859524127568,0.));
#918=CARTESIAN_POINT('',(-0.00474464690109895,-0.0261714244186722,0.));
#919=CARTESIAN_POINT('',(-0.00436190128391586,-0.0260239829378565,0.));
#920=CARTESIAN_POINT('',(-0.00394919842589061,-0.0257971164291864,0.));
#921=CARTESIAN_POINT('',(-0.00354204428614362,-0.0254913243667859,0.));
#922=CARTESIAN_POINT('',(-0.00320344927127434,-0.0251698813027164,0.));
#923=CARTESIAN_POINT('',(-0.00291872882231309,-0.0248414607208829,0.));
#924=CARTESIAN_POINT('',(-0.00271811396854567,-0.0245657093940756,0.));
#925=CARTESIAN_POINT('',(-0.00257585310177588,-0.0243433331913932,0.));
#926=CARTESIAN_POINT('',(-0.00247850325048993,-0.0241767935595203,0.));
#927=CARTESIAN_POINT('',(-0.00238622896450257,-0.024002724962831,0.));
#928=CARTESIAN_POINT('',(-0.00226966851410361,-0.0237548191774032,0.));
#929=CARTESIAN_POINT('',(-0.00214437950064447,-0.0234212285612686,0.));
#930=CARTESIAN_POINT('',(-0.00204190913479087,-0.0230110033034527,0.));
#931=CARTESIAN_POINT('',(-0.00196569262397472,-0.0224876722014403,0.));
#932=CARTESIAN_POINT('',(-0.00194844128941627,-0.0220110879307846,0.));
#933=CARTESIAN_POINT('',(-0.00194803826396681,-0.0215054807922897,0.));
#934=CARTESIAN_POINT('',(-0.00195564376158152,-0.0209446572118867,0.));
#935=CARTESIAN_POINT('',(-0.00197622926458427,-0.02015244124792,0.));
#936=CARTESIAN_POINT('',(-0.00200847772982503,-0.0190967195961342,0.));
#937=CARTESIAN_POINT('',(-0.0020385731845162,-0.0179928395988482,0.));
#938=CARTESIAN_POINT('',(-0.00205691493330405,-0.0169010907316202,0.));
#939=CARTESIAN_POINT('',(-0.00205432362623653,-0.0158879320758723,0.));
#940=CARTESIAN_POINT('',(-0.00202281768210411,-0.0150249610310742,0.));
#941=CARTESIAN_POINT('',(-0.00198144682989809,-0.0146225827999504,0.));
#942=CARTESIAN_POINT('',(-0.00195899354847119,-0.0144737936619705,0.));
#943=CARTESIAN_POINT('',(-0.00195899354847118,-0.0144737936619704,0.));
#944=CARTESIAN_POINT('',(-0.00195899354847118,-0.0144737936619704,0.0127));
#945=CARTESIAN_POINT('',(-0.00195899354847118,-0.0144737936619704,0.0127));
#946=CARTESIAN_POINT('',(-0.0168109690251977,-0.013773098566473,0.0127));
#947=CARTESIAN_POINT('',(-0.0167780624547042,-0.0138778378776747,0.0127));
#948=CARTESIAN_POINT('',(-0.0167213879334121,-0.0140532284767099,0.0127));
#949=CARTESIAN_POINT('',(-0.01662621673105,-0.014319944440563,0.0127));
#950=CARTESIAN_POINT('',(-0.0165230314812482,-0.0145912841904616,0.0127));
#951=CARTESIAN_POINT('',(-0.016380040921582,-0.0149401024119082,0.0127));
#952=CARTESIAN_POINT('',(-0.0161222366220163,-0.0155218984238949,0.0127));
#953=CARTESIAN_POINT('',(-0.0157483787758057,-0.0162930482385419,0.0127));
#954=CARTESIAN_POINT('',(-0.0152278180238447,-0.0172736225047042,0.0127));
#955=CARTESIAN_POINT('',(-0.0146475654622109,-0.0182863153499254,0.0127));
#956=CARTESIAN_POINT('',(-0.0140200294724376,-0.0193058391658087,0.0127));
#957=CARTESIAN_POINT('',(-0.0133578188565702,-0.0203058033640957,0.0127));
#958=CARTESIAN_POINT('',(-0.0124407417110926,-0.0215802071237435,0.0127));
#959=CARTESIAN_POINT('',(-0.011506089014296,-0.022705162957482,0.0127));
#960=CARTESIAN_POINT('',(-0.0105637674380547,-0.0236807156199488,0.0127));
#961=CARTESIAN_POINT('',(-0.00985424812143735,-0.0243368813291528,0.0127));
#962=CARTESIAN_POINT('',(-0.00926138554927846,-0.0248200867540183,0.0127));
#963=CARTESIAN_POINT('',(-0.00878438410490668,-0.0251685199464885,0.0127));
#964=CARTESIAN_POINT('',(-0.00830853318629439,-0.025489315741355,0.0127));
#965=CARTESIAN_POINT('',(-0.00767590487165187,-0.0258597536599346,0.0127));
#966=CARTESIAN_POINT('',(-0.00694264614945384,-0.0261608303586318,0.0127));
#967=CARTESIAN_POINT('',(-0.00625235321826266,-0.0263084182120554,0.0127));
#968=CARTESIAN_POINT('',(-0.00567696437742589,-0.0263445432138312,0.0127));
#969=CARTESIAN_POINT('',(-0.00516244608569002,-0.0262859524127568,0.0127));
#970=CARTESIAN_POINT('',(-0.00474464690109895,-0.0261714244186722,0.0127));
#971=CARTESIAN_POINT('',(-0.00436190128391586,-0.0260239829378565,0.0127));
#972=CARTESIAN_POINT('',(-0.00394919842589061,-0.0257971164291864,0.0127));
#973=CARTESIAN_POINT('',(-0.00354204428614362,-0.0254913243667859,0.0127));
#974=CARTESIAN_POINT('',(-0.00320344927127434,-0.0251698813027164,0.0127));
#975=CARTESIAN_POINT('',(-0.00291872882231309,-0.0248414607208829,0.0127));
#976=CARTESIAN_POINT('',(-0.00271811396854567,-0.0245657093940756,0.0127));
#977=CARTESIAN_POINT('',(-0.00257585310177588,-0.0243433331913932,0.0127));
#978=CARTESIAN_POINT('',(-0.00247850325048993,-0.0241767935595203,0.0127));
#979=CARTESIAN_POINT('',(-0.00238622896450257,-0.024002724962831,0.0127));
#980=CARTESIAN_POINT('',(-0.00226966851410361,-0.0237548191774032,0.0127));
#981=CARTESIAN_POINT('',(-0.00214437950064447,-0.0234212285612686,0.0127));
#982=CARTESIAN_POINT('',(-0.00204190913479087,-0.0230110033034527,0.0127));
#983=CARTESIAN_POINT('',(-0.00196569262397472,-0.0224876722014403,0.0127));
#984=CARTESIAN_POINT('',(-0.00194844128941627,-0.0220110879307846,0.0127));
#985=CARTESIAN_POINT('',(-0.00194803826396681,-0.0215054807922897,0.0127));
#986=CARTESIAN_POINT('',(-0.00195564376158152,-0.0209446572118867,0.0127));
#987=CARTESIAN_POINT('',(-0.00197622926458427,-0.02015244124792,0.0127));
#988=CARTESIAN_POINT('',(-0.00200847772982503,-0.0190967195961342,0.0127));
#989=CARTESIAN_POINT('',(-0.0020385731845162,-0.0179928395988482,0.0127));
#990=CARTESIAN_POINT('',(-0.00205691493330405,-0.0169010907316202,0.0127));
#991=CARTESIAN_POINT('',(-0.00205432362623653,-0.0158879320758723,0.0127));
#992=CARTESIAN_POINT('',(-0.00202281768210411,-0.0150249610310742,0.0127));
#993=CARTESIAN_POINT('',(-0.00198144682989809,-0.0146225827999504,0.0127));
#994=CARTESIAN_POINT('',(-0.00195899354847119,-0.0144737936619705,0.0127));
#995=CARTESIAN_POINT('',(-0.00195899354847123,-0.0144737936619704,0.0127));
#996=CARTESIAN_POINT('',(-0.00195899354847123,-0.0144737936619704,1.73472347597681E-18));
#997=CARTESIAN_POINT('',(-0.00161911542340772,-0.0144369672209712,0.0127));
#998=CARTESIAN_POINT('',(-0.00161911542340772,-0.0144369672209712,1.73472347597681E-18));
#999=CARTESIAN_POINT('',(-0.000425930312984527,-0.0143774913764245,0.0127));
#1000=CARTESIAN_POINT('',(-0.000425930312984527,-0.0143774913764245,-1.73472347597681E-18));
#1001=CARTESIAN_POINT('',(0.00209195078642556,-0.0141882384743955,0.0127));
#1002=CARTESIAN_POINT('',(0.00209195078642556,-0.0141882384743955,0.));
#1003=CARTESIAN_POINT('',(0.00436104274686904,-0.014061303733365,0.0127));
#1004=CARTESIAN_POINT('',(0.00436104274686904,-0.014061303733365,-1.73472347597681E-18));
#1005=CARTESIAN_POINT('',(0.00602241842450029,-0.0140313812446856,0.0127));
#1006=CARTESIAN_POINT('',(0.00602241842450029,-0.0140313812446856,1.73472347597681E-18));
#1007=CARTESIAN_POINT('',(0.0071169288555652,-0.0140573410879547,0.0127));
#1008=CARTESIAN_POINT('',(0.0071169288555652,-0.0140573410879547,0.));
#1009=CARTESIAN_POINT('',(0.00794904999669881,-0.0141378506053855,0.0127));
#1010=CARTESIAN_POINT('',(0.00794904999669881,-0.0141378506053855,1.73472347597681E-18));
#1011=CARTESIAN_POINT('',(0.00843197063111612,-0.0142516543457647,0.0127));
#1012=CARTESIAN_POINT('',(0.00843197063111612,-0.0142516543457647,-1.73472347597681E-18));
#1013=CARTESIAN_POINT('',(0.00879099491928019,-0.014386654741926,0.0127));
#1014=CARTESIAN_POINT('',(0.00879099491928019,-0.014386654741926,0.));
#1015=CARTESIAN_POINT('',(0.00933554711116012,-0.0146679930569751,0.0127));
#1016=CARTESIAN_POINT('',(0.00933554711116012,-0.0146679930569751,-3.46944695195361E-18));
#1017=CARTESIAN_POINT('',(0.010547606223192,-0.0153395691306844,0.0127));
#1018=CARTESIAN_POINT('',(0.010547606223192,-0.0153395691306844,-1.73472347597681E-18));
#1019=CARTESIAN_POINT('',(0.0123199379983126,-0.0160961232533375,0.0127));
#1020=CARTESIAN_POINT('',(0.0123199379983126,-0.0160961232533375,3.46944695195361E-18));
#1021=CARTESIAN_POINT('',(0.0142792068596997,-0.0168173510210701,0.0127));
#1022=CARTESIAN_POINT('',(0.0142792068596997,-0.0168173510210701,-5.20417042793042E-18));
#1023=CARTESIAN_POINT('',(0.0159352259667919,-0.0173340071630158,0.0127));
#1024=CARTESIAN_POINT('',(0.0159352259667919,-0.0173340071630158,6.93889390390723E-18));
#1025=CARTESIAN_POINT('',(0.0172858428714877,-0.0176426680790942,0.0127));
#1026=CARTESIAN_POINT('',(0.0172858428714877,-0.0176426680790942,0.));
#1027=CARTESIAN_POINT('',(0.0183125247544874,-0.0177855717963243,0.0127));
#1028=CARTESIAN_POINT('',(0.0183125247544874,-0.0177855717963243,-1.73472347597681E-18));
#1029=CARTESIAN_POINT('',(0.0193635391600951,-0.0178050828746451,0.0127));
#1030=CARTESIAN_POINT('',(0.0193635391600951,-0.0178050828746451,3.46944695195361E-18));
#1031=CARTESIAN_POINT('',(0.0205083735031706,-0.0175892863671677,0.0127));
#1032=CARTESIAN_POINT('',(0.0205083735031706,-0.0175892863671677,-6.93889390390723E-18));
#1033=CARTESIAN_POINT('',(0.0215053788683962,-0.0171026312636691,0.0127));
#1034=CARTESIAN_POINT('',(0.0215053788683962,-0.0171026312636691,6.93889390390723E-18));
#1035=CARTESIAN_POINT('',(0.0222973749509565,-0.016437102782208,0.0127));
#1036=CARTESIAN_POINT('',(0.0222973749509565,-0.016437102782208,-1.73472347597681E-18));
#1037=CARTESIAN_POINT('',(0.0228677400506886,-0.0156941695686938,0.0127));
#1038=CARTESIAN_POINT('',(0.0228677400506886,-0.0156941695686938,6.93889390390723E-18));
#1039=CARTESIAN_POINT('',(0.0232958614399792,-0.0148448998316393,0.0127));
#1040=CARTESIAN_POINT('',(0.0232958614399792,-0.0148448998316393,-6.93889390390723E-18));
#1041=CARTESIAN_POINT('',(0.023487789069436,-0.0139391107271372,0.0127));
#1042=CARTESIAN_POINT('',(0.023487789069436,-0.0139391107271372,5.20417042793042E-18));
#1043=CARTESIAN_POINT('',(0.02343413636052,-0.0131164274610459,0.0127));
#1044=CARTESIAN_POINT('',(0.02343413636052,-0.0131164274610459,-1.73472347597681E-18));
#1045=CARTESIAN_POINT('',(0.0231810396089665,-0.0122611973913901,0.0127));
#1046=CARTESIAN_POINT('',(0.0231810396089665,-0.0122611973913901,1.73472347597681E-18));
#1047=CARTESIAN_POINT('',(0.022738507588179,-0.011599492743252,0.0127));
#1048=CARTESIAN_POINT('',(0.022738507588179,-0.011599492743252,5.20417042793042E-18));
#1049=CARTESIAN_POINT('',(0.0224819237060669,-0.0112784575558455,0.0127));
#1050=CARTESIAN_POINT('',(0.0224819237060669,-0.0112784575558455,0.));
#1051=CARTESIAN_POINT('',(0.0223806725588861,-0.0111466709061898,0.0127));
#1052=CARTESIAN_POINT('',(0.0223806725588861,-0.0111466709061898,0.));
#1053=CARTESIAN_POINT('',(-0.00195899354847123,-0.0144737936619704,0.));
#1054=CARTESIAN_POINT('',(-0.00178905448593948,-0.0144553804414708,0.));
#1055=CARTESIAN_POINT('',(-0.00144446206281333,-0.0144304213435312,0.));
#1056=CARTESIAN_POINT('',(-0.000836053006684323,-0.0143951100237559,0.));
#1057=CARTESIAN_POINT('',(-0.000135975967970438,-0.0143505434033002,0.));
#1058=CARTESIAN_POINT('',(0.000835352634824918,-0.0142818320598646,0.));
#1059=CARTESIAN_POINT('',(0.00211735047983873,-0.0141930646378146,0.));
#1060=CARTESIAN_POINT('',(0.00345197941749492,-0.0141122714480424,0.));
#1061=CARTESIAN_POINT('',(0.00477660775121671,-0.0140537775007822,0.));
#1062=CARTESIAN_POINT('',(0.00602296062993674,-0.0140313698680722,0.));
#1063=CARTESIAN_POINT('',(0.00693260922905508,-0.0140530884820296,0.));
#1064=CARTESIAN_POINT('',(0.00753630318344295,-0.0140974648596771,0.));
#1065=CARTESIAN_POINT('',(0.00790523231089548,-0.0141420463960054,0.));
#1066=CARTESIAN_POINT('',(0.00818786704645133,-0.0141947474115626,0.));
#1067=CARTESIAN_POINT('',(0.0084935049260725,-0.0142741873250518,0.));
#1068=CARTESIAN_POINT('',(0.00878893903419929,-0.0143863838426462,0.));
#1069=CARTESIAN_POINT('',(0.0091358107808521,-0.0145632709734107,0.));
#1070=CARTESIAN_POINT('',(0.00950225375163303,-0.0147657915499494,0.));
#1071=CARTESIAN_POINT('',(0.00982762975691468,-0.0149443217279818,0.));
#1072=CARTESIAN_POINT('',(0.0102048259043588,-0.0151399163402988,0.));
#1073=CARTESIAN_POINT('',(0.0105970595005506,-0.0153312682800345,0.));
#1074=CARTESIAN_POINT('',(0.0110104342732725,-0.0155230881578713,0.));
#1075=CARTESIAN_POINT('',(0.0115849847687889,-0.0157774477263469,0.));
#1076=CARTESIAN_POINT('',(0.0123434623551296,-0.0160921832548337,0.));
#1077=CARTESIAN_POINT('',(0.013299426404104,-0.0164581795251208,0.));
#1078=CARTESIAN_POINT('',(0.0142833614849475,-0.0168050718529194,0.));
#1079=CARTESIAN_POINT('',(0.0152703228814279,-0.0171243987922245,0.));
#1080=CARTESIAN_POINT('',(0.0162734587345378,-0.0174120386760137,0.));
#1081=CARTESIAN_POINT('',(0.017286024147727,-0.0176421488571944,0.));
#1082=CARTESIAN_POINT('',(0.01814035494792,-0.0177626768094868,0.));
#1083=CARTESIAN_POINT('',(0.018839896788965,-0.017793771041003,0.));
#1084=CARTESIAN_POINT('',(0.0193766152613552,-0.0177749724664802,0.));
#1085=CARTESIAN_POINT('',(0.0198366834299366,-0.0177137693737037,0.));
#1086=CARTESIAN_POINT('',(0.0202127313033868,-0.0176278068168236,0.));
#1087=CARTESIAN_POINT('',(0.0207578432277548,-0.0174658209967617,0.));
#1088=CARTESIAN_POINT('',(0.0213394897513864,-0.0171833651763573,0.));
#1089=CARTESIAN_POINT('',(0.0219008371821207,-0.0167710250863387,0.));
#1090=CARTESIAN_POINT('',(0.0222691666435038,-0.016428157469811,0.));
#1091=CARTESIAN_POINT('',(0.0225324569128964,-0.0161226570746453,0.));
#1092=CARTESIAN_POINT('',(0.0227185573166202,-0.0158696566429324,0.));
#1093=CARTESIAN_POINT('',(0.0228875899716648,-0.0156140601990112,0.));
#1094=CARTESIAN_POINT('',(0.0230793951561403,-0.0152718772157927,0.));
#1095=CARTESIAN_POINT('',(0.0232716916633467,-0.0148142164487648,0.));
#1096=CARTESIAN_POINT('',(0.0234111985964057,-0.0143029787906362,0.));
#1097=CARTESIAN_POINT('',(0.0234748065424135,-0.0137329203171219,0.));
#1098=CARTESIAN_POINT('',(0.0234393287411869,-0.0132196145639517,0.));
#1099=CARTESIAN_POINT('',(0.0233418645229518,-0.0127951870532635,0.));
#1100=CARTESIAN_POINT('',(0.0232033988912884,-0.0123953531491854,0.));
#1101=CARTESIAN_POINT('',(0.0229986332351224,-0.0119982929620062,0.));
#1102=CARTESIAN_POINT('',(0.0227579666441144,-0.0116378636218859,0.));
#1103=CARTESIAN_POINT('',(0.0225467083192708,-0.0113597018066184,0.));
#1104=CARTESIAN_POINT('',(0.0224312981324765,-0.0112125642310177,0.));
#1105=CARTESIAN_POINT('',(0.0223806725588861,-0.0111466709061898,0.));
#1106=CARTESIAN_POINT('',(0.0223806725588861,-0.0111466709061898,0.));
#1107=CARTESIAN_POINT('',(0.0223806725588861,-0.0111466709061898,0.0127));
#1108=CARTESIAN_POINT('',(0.0223806725588861,-0.0111466709061898,0.0127));
#1109=CARTESIAN_POINT('',(-0.00195899354847123,-0.0144737936619704,0.0127));
#1110=CARTESIAN_POINT('',(-0.00178905448593948,-0.0144553804414708,0.0127));
#1111=CARTESIAN_POINT('',(-0.00144446206281333,-0.0144304213435312,0.0127));
#1112=CARTESIAN_POINT('',(-0.000836053006684323,-0.0143951100237559,0.0127));
#1113=CARTESIAN_POINT('',(-0.000135975967970438,-0.0143505434033002,0.0127));
#1114=CARTESIAN_POINT('',(0.000835352634824918,-0.0142818320598646,0.0127));
#1115=CARTESIAN_POINT('',(0.00211735047983873,-0.0141930646378146,0.0127));
#1116=CARTESIAN_POINT('',(0.00345197941749492,-0.0141122714480424,0.0127));
#1117=CARTESIAN_POINT('',(0.00477660775121671,-0.0140537775007822,0.0127));
#1118=CARTESIAN_POINT('',(0.00602296062993674,-0.0140313698680722,0.0127));
#1119=CARTESIAN_POINT('',(0.00693260922905508,-0.0140530884820296,0.0127));
#1120=CARTESIAN_POINT('',(0.00753630318344295,-0.0140974648596771,0.0127));
#1121=CARTESIAN_POINT('',(0.00790523231089548,-0.0141420463960054,0.0127));
#1122=CARTESIAN_POINT('',(0.00818786704645133,-0.0141947474115626,0.0127));
#1123=CARTESIAN_POINT('',(0.0084935049260725,-0.0142741873250518,0.0127));
#1124=CARTESIAN_POINT('',(0.00878893903419929,-0.0143863838426462,0.0127));
#1125=CARTESIAN_POINT('',(0.0091358107808521,-0.0145632709734107,0.0127));
#1126=CARTESIAN_POINT('',(0.00950225375163303,-0.0147657915499494,0.0127));
#1127=CARTESIAN_POINT('',(0.00982762975691468,-0.0149443217279818,0.0127));
#1128=CARTESIAN_POINT('',(0.0102048259043588,-0.0151399163402988,0.0127));
#1129=CARTESIAN_POINT('',(0.0105970595005506,-0.0153312682800345,0.0127));
#1130=CARTESIAN_POINT('',(0.0110104342732725,-0.0155230881578713,0.0127));
#1131=CARTESIAN_POINT('',(0.0115849847687889,-0.0157774477263469,0.0127));
#1132=CARTESIAN_POINT('',(0.0123434623551296,-0.0160921832548337,0.0127));
#1133=CARTESIAN_POINT('',(0.013299426404104,-0.0164581795251208,0.0127));
#1134=CARTESIAN_POINT('',(0.0142833614849475,-0.0168050718529194,0.0127));
#1135=CARTESIAN_POINT('',(0.0152703228814279,-0.0171243987922245,0.0127));
#1136=CARTESIAN_POINT('',(0.0162734587345378,-0.0174120386760137,0.0127));
#1137=CARTESIAN_POINT('',(0.017286024147727,-0.0176421488571944,0.0127));
#1138=CARTESIAN_POINT('',(0.01814035494792,-0.0177626768094868,0.0127));
#1139=CARTESIAN_POINT('',(0.018839896788965,-0.017793771041003,0.0127));
#1140=CARTESIAN_POINT('',(0.0193766152613552,-0.0177749724664802,0.0127));
#1141=CARTESIAN_POINT('',(0.0198366834299366,-0.0177137693737037,0.0127));
#1142=CARTESIAN_POINT('',(0.0202127313033868,-0.0176278068168236,0.0127));
#1143=CARTESIAN_POINT('',(0.0207578432277548,-0.0174658209967617,0.0127));
#1144=CARTESIAN_POINT('',(0.0213394897513864,-0.0171833651763573,0.0127));
#1145=CARTESIAN_POINT('',(0.0219008371821207,-0.0167710250863387,0.0127));
#1146=CARTESIAN_POINT('',(0.0222691666435038,-0.016428157469811,0.0127));
#1147=CARTESIAN_POINT('',(0.0225324569128964,-0.0161226570746453,0.0127));
#1148=CARTESIAN_POINT('',(0.0227185573166202,-0.0158696566429324,0.0127));
#1149=CARTESIAN_POINT('',(0.0228875899716648,-0.0156140601990112,0.0127));
#1150=CARTESIAN_POINT('',(0.0230793951561403,-0.0152718772157927,0.0127));
#1151=CARTESIAN_POINT('',(0.0232716916633467,-0.0148142164487648,0.0127));
#1152=CARTESIAN_POINT('',(0.0234111985964057,-0.0143029787906362,0.0127));
#1153=CARTESIAN_POINT('',(0.0234748065424135,-0.0137329203171219,0.0127));
#1154=CARTESIAN_POINT('',(0.0234393287411869,-0.0132196145639517,0.0127));
#1155=CARTESIAN_POINT('',(0.0233418645229518,-0.0127951870532635,0.0127));
#1156=CARTESIAN_POINT('',(0.0232033988912884,-0.0123953531491854,0.0127));
#1157=CARTESIAN_POINT('',(0.0229986332351224,-0.0119982929620062,0.0127));
#1158=CARTESIAN_POINT('',(0.0227579666441144,-0.0116378636218859,0.0127));
#1159=CARTESIAN_POINT('',(0.0225467083192708,-0.0113597018066184,0.0127));
#1160=CARTESIAN_POINT('',(0.0224312981324765,-0.0112125642310177,0.0127));
#1161=CARTESIAN_POINT('',(0.0223806725588861,-0.0111466709061898,0.0127));
#1162=CARTESIAN_POINT('',(0.022380672558888,-0.0111466709061898,0.0127));
#1163=CARTESIAN_POINT('',(0.022380672558888,-0.0111466709061898,0.));
#1164=CARTESIAN_POINT('',(0.022738116133328,-0.0111393130665642,0.0127));
#1165=CARTESIAN_POINT('',(0.022738116133328,-0.0111393130665642,0.));
#1166=CARTESIAN_POINT('',(0.023676115133087,-0.0111720578756742,0.0127));
#1167=CARTESIAN_POINT('',(0.023676115133087,-0.0111720578756742,0.));
#1168=CARTESIAN_POINT('',(0.0256103783637703,-0.0112355634653214,0.0127));
#1169=CARTESIAN_POINT('',(0.0256103783637703,-0.0112355634653214,1.73472347597681E-18));
#1170=CARTESIAN_POINT('',(0.0273307279673105,-0.01118053440164,0.0127));
#1171=CARTESIAN_POINT('',(0.0273307279673105,-0.01118053440164,3.46944695195361E-18));
#1172=CARTESIAN_POINT('',(0.0286866609135832,-0.0109773818149526,0.0127));
#1173=CARTESIAN_POINT('',(0.0286866609135832,-0.0109773818149526,-1.73472347597681E-18));
#1174=CARTESIAN_POINT('',(0.0300314982918832,-0.0105764787044316,0.0127));
#1175=CARTESIAN_POINT('',(0.0300314982918832,-0.0105764787044316,1.73472347597681E-18));
#1176=CARTESIAN_POINT('',(0.0313275553638191,-0.00975322808673986,0.0127));
#1177=CARTESIAN_POINT('',(0.0313275553638191,-0.00975322808673986,6.93889390390723E-18));
#1178=CARTESIAN_POINT('',(0.0321068919834164,-0.00890302516916822,0.0127));
#1179=CARTESIAN_POINT('',(0.0321068919834164,-0.00890302516916822,1.73472347597681E-18));
#1180=CARTESIAN_POINT('',(0.0324746645696517,-0.00852839449600318,0.0127));
#1181=CARTESIAN_POINT('',(0.0324746645696517,-0.00852839449600318,-1.73472347597681E-18));
#1182=CARTESIAN_POINT('',(0.0327084052124253,-0.00833143538041832,0.0127));
#1183=CARTESIAN_POINT('',(0.0327084052124253,-0.00833143538041832,0.));
#1184=CARTESIAN_POINT('',(0.0329190054904435,-0.00824145155235781,0.0127));
#1185=CARTESIAN_POINT('',(0.0329190054904435,-0.00824145155235781,0.));
#1186=CARTESIAN_POINT('',(0.0329829966497538,-0.00822658088238583,0.0127));
#1187=CARTESIAN_POINT('',(0.0329829966497538,-0.00822658088238583,0.));
#1188=CARTESIAN_POINT('',(0.022380672558888,-0.0111466709061898,0.));
#1189=CARTESIAN_POINT('',(0.022559394346108,-0.011142991986377,0.));
#1190=CARTESIAN_POINT('',(0.0229712355925242,-0.0111464667862427,0.));
#1191=CARTESIAN_POINT('',(0.0237417354477511,-0.0111740199574573,0.));
#1192=CARTESIAN_POINT('',(0.0246457781460388,-0.0112041890139556,0.));
#1193=CARTESIAN_POINT('',(0.0256256647431575,-0.0112194254432687,0.));
#1194=CARTESIAN_POINT('',(0.0266439893575188,-0.0112019495388331,0.));
#1195=CARTESIAN_POINT('',(0.0276702456390485,-0.011129929743315,0.));
#1196=CARTESIAN_POINT('',(0.0285143092242413,-0.011002691915423,0.));
#1197=CARTESIAN_POINT('',(0.0291960161713162,-0.0108271576019958,0.));
#1198=CARTESIAN_POINT('',(0.0296752378496437,-0.0106603052707466,0.));
#1199=CARTESIAN_POINT('',(0.0301207702535821,-0.0104629995155731,0.));
#1200=CARTESIAN_POINT('',(0.0306659605847337,-0.0101659616410187,0.));
#1201=CARTESIAN_POINT('',(0.0311332515490761,-0.00983208100022901,0.));
#1202=CARTESIAN_POINT('',(0.0315229534629876,-0.00949588071963612,0.));
#1203=CARTESIAN_POINT('',(0.0317814648295017,-0.00924839530282176,0.));
#1204=CARTESIAN_POINT('',(0.0319998584173173,-0.00902313032878989,0.));
#1205=CARTESIAN_POINT('',(0.0322434990325223,-0.00876417306881688,0.));
#1206=CARTESIAN_POINT('',(0.0324263979533354,-0.00857620887453791,0.));
#1207=CARTESIAN_POINT('',(0.0325666605536894,-0.00845240152445666,0.));
#1208=CARTESIAN_POINT('',(0.0326533593884307,-0.00838563641903985,0.));
#1209=CARTESIAN_POINT('',(0.0327432520669381,-0.00832759409435657,0.));
#1210=CARTESIAN_POINT('',(0.0328703442205393,-0.00826035891917784,0.));
#1211=CARTESIAN_POINT('',(0.0329510010700986,-0.00823401621737182,0.));
#1212=CARTESIAN_POINT('',(0.0329829966497538,-0.00822658088238583,0.));
#1213=CARTESIAN_POINT('',(0.0329829966497538,-0.00822658088238583,0.));
#1214=CARTESIAN_POINT('',(0.0329829966497538,-0.00822658088238583,0.0127));
#1215=CARTESIAN_POINT('',(0.0329829966497538,-0.00822658088238583,0.0127));
#1216=CARTESIAN_POINT('',(0.022380672558888,-0.0111466709061898,0.0127));
#1217=CARTESIAN_POINT('',(0.022559394346108,-0.011142991986377,0.0127));
#1218=CARTESIAN_POINT('',(0.0229712355925242,-0.0111464667862427,0.0127));
#1219=CARTESIAN_POINT('',(0.0237417354477511,-0.0111740199574573,0.0127));
#1220=CARTESIAN_POINT('',(0.0246457781460388,-0.0112041890139556,0.0127));
#1221=CARTESIAN_POINT('',(0.0256256647431575,-0.0112194254432687,0.0127));
#1222=CARTESIAN_POINT('',(0.0266439893575188,-0.0112019495388331,0.0127));
#1223=CARTESIAN_POINT('',(0.0276702456390485,-0.011129929743315,0.0127));
#1224=CARTESIAN_POINT('',(0.0285143092242413,-0.011002691915423,0.0127));
#1225=CARTESIAN_POINT('',(0.0291960161713162,-0.0108271576019958,0.0127));
#1226=CARTESIAN_POINT('',(0.0296752378496437,-0.0106603052707466,0.0127));
#1227=CARTESIAN_POINT('',(0.0301207702535821,-0.0104629995155731,0.0127));
#1228=CARTESIAN_POINT('',(0.0306659605847337,-0.0101659616410187,0.0127));
#1229=CARTESIAN_POINT('',(0.0311332515490761,-0.00983208100022901,0.0127));
#1230=CARTESIAN_POINT('',(0.0315229534629876,-0.00949588071963612,0.0127));
#1231=CARTESIAN_POINT('',(0.0317814648295017,-0.00924839530282176,0.0127));
#1232=CARTESIAN_POINT('',(0.0319998584173173,-0.00902313032878989,0.0127));
#1233=CARTESIAN_POINT('',(0.0322434990325223,-0.00876417306881688,0.0127));
#1234=CARTESIAN_POINT('',(0.0324263979533354,-0.00857620887453791,0.0127));
#1235=CARTESIAN_POINT('',(0.0325666605536894,-0.00845240152445666,0.0127));
#1236=CARTESIAN_POINT('',(0.0326533593884307,-0.00838563641903985,0.0127));
#1237=CARTESIAN_POINT('',(0.0327432520669381,-0.00832759409435657,0.0127));
#1238=CARTESIAN_POINT('',(0.0328703442205393,-0.00826035891917784,0.0127));
#1239=CARTESIAN_POINT('',(0.0329510010700986,-0.00823401621737182,0.0127));
#1240=CARTESIAN_POINT('',(0.0329829966497538,-0.00822658088238583,0.0127));
#1241=CARTESIAN_POINT('',(0.0329829966497538,-0.00822658088238583,0.0127));
#1242=CARTESIAN_POINT('',(0.0329829966497538,-0.00822658088238583,3.46944695195361E-17));
#1243=CARTESIAN_POINT('',(0.0330378706783679,-0.00825212729587859,0.0127));
#1244=CARTESIAN_POINT('',(0.0330378706783679,-0.00825212729587859,3.29597460435593E-17));
#1245=CARTESIAN_POINT('',(0.0332738550909604,-0.00838808062003803,0.0127));
#1246=CARTESIAN_POINT('',(0.0332738550909604,-0.00838808062003803,3.12250225675825E-17));
#1247=CARTESIAN_POINT('',(0.0338546108009463,-0.00885478650853916,0.0127));
#1248=CARTESIAN_POINT('',(0.0338546108009463,-0.00885478650853916,3.81639164714898E-17));
#1249=CARTESIAN_POINT('',(0.034642777077186,-0.00949974221021379,0.0127));
#1250=CARTESIAN_POINT('',(0.034642777077186,-0.00949974221021379,3.46944695195361E-17));
#1251=CARTESIAN_POINT('',(0.0357618889972253,-0.0103346055929688,0.0127));
#1252=CARTESIAN_POINT('',(0.0357618889972253,-0.0103346055929688,3.29597460435593E-17));
#1253=CARTESIAN_POINT('',(0.037261187476967,-0.011369291495507,0.0127));
#1254=CARTESIAN_POINT('',(0.037261187476967,-0.011369291495507,2.94902990916057E-17));
#1255=CARTESIAN_POINT('',(0.0391225146955437,-0.0126365411241669,0.0127));
#1256=CARTESIAN_POINT('',(0.0391225146955437,-0.0126365411241669,3.81639164714898E-17));
#1257=CARTESIAN_POINT('',(0.0411967589147826,-0.0139950758018139,0.0127));
#1258=CARTESIAN_POINT('',(0.0411967589147826,-0.0139950758018139,3.64291929955129E-17));
#1259=CARTESIAN_POINT('',(0.0435440850037431,-0.0151842164598686,0.0127));
#1260=CARTESIAN_POINT('',(0.0435440850037431,-0.0151842164598686,3.12250225675825E-17));
#1261=CARTESIAN_POINT('',(0.0456962476216542,-0.0157376338807233,0.0127));
#1262=CARTESIAN_POINT('',(0.0456962476216542,-0.0157376338807233,3.46944695195361E-17));
#1263=CARTESIAN_POINT('',(0.0473330238005498,-0.015889568817907,0.0127));
#1264=CARTESIAN_POINT('',(0.0473330238005498,-0.015889568817907,3.81639164714898E-17));
#1265=CARTESIAN_POINT('',(0.0485241102239439,-0.0158662867362222,0.0127));
#1266=CARTESIAN_POINT('',(0.0485241102239439,-0.0158662867362222,3.12250225675825E-17));
#1267=CARTESIAN_POINT('',(0.049649910798448,-0.015704171362379,0.0127));
#1268=CARTESIAN_POINT('',(0.049649910798448,-0.015704171362379,3.46944695195361E-17));
#1269=CARTESIAN_POINT('',(0.0508283344881275,-0.0153260751201235,0.0127));
#1270=CARTESIAN_POINT('',(0.0508283344881275,-0.0153260751201235,3.46944695195361E-17));
#1271=CARTESIAN_POINT('',(0.0518486046023072,-0.0145990584748631,0.0127));
#1272=CARTESIAN_POINT('',(0.0518486046023072,-0.0145990584748631,3.64291929955129E-17));
#1273=CARTESIAN_POINT('',(0.0524584706240646,-0.0136333372399659,0.0127));
#1274=CARTESIAN_POINT('',(0.0524584706240646,-0.0136333372399659,3.29597460435593E-17));
#1275=CARTESIAN_POINT('',(0.0527694060345606,-0.0126072974789748,0.0127));
#1276=CARTESIAN_POINT('',(0.0527694060345606,-0.0126072974789748,3.64291929955129E-17));
#1277=CARTESIAN_POINT('',(0.0527690249662696,-0.0115257406625097,0.0127));
#1278=CARTESIAN_POINT('',(0.0527690249662696,-0.0115257406625097,3.12250225675825E-17));
#1279=CARTESIAN_POINT('',(0.052553478642176,-0.0103840734668805,0.0127));
#1280=CARTESIAN_POINT('',(0.052553478642176,-0.0103840734668805,3.81639164714898E-17));
#1281=CARTESIAN_POINT('',(0.0522336957019632,-0.00938460136192562,0.0127));
#1282=CARTESIAN_POINT('',(0.0522336957019632,-0.00938460136192562,3.46944695195361E-17));
#1283=CARTESIAN_POINT('',(0.0518492804515843,-0.00847311621692036,0.0127));
#1284=CARTESIAN_POINT('',(0.0518492804515843,-0.00847311621692036,3.29597460435593E-17));
#1285=CARTESIAN_POINT('',(0.0513795219323688,-0.00760194972622017,0.0127));
#1286=CARTESIAN_POINT('',(0.0513795219323688,-0.00760194972622017,3.81639164714898E-17));
#1287=CARTESIAN_POINT('',(0.0508341961480548,-0.00673754173737915,0.0127));
#1288=CARTESIAN_POINT('',(0.0508341961480548,-0.00673754173737915,3.12250225675825E-17));
#1289=CARTESIAN_POINT('',(0.050189811441966,-0.00579198649434864,0.0127));
#1290=CARTESIAN_POINT('',(0.050189811441966,-0.00579198649434864,3.64291929955129E-17));
#1291=CARTESIAN_POINT('',(0.0491647594803622,-0.0043280402189952,0.0127));
#1292=CARTESIAN_POINT('',(0.0491647594803622,-0.0043280402189952,3.46944695195361E-17));
#1293=CARTESIAN_POINT('',(0.0477543783577203,-0.00235107103800414,0.0127));
#1294=CARTESIAN_POINT('',(0.0477543783577203,-0.00235107103800414,3.29597460435593E-17));
#1295=CARTESIAN_POINT('',(0.0468564718569186,-0.00107063214493287,0.0127));
#1296=CARTESIAN_POINT('',(0.0468564718569186,-0.00107063214493287,3.46944695195361E-17));
#1297=CARTESIAN_POINT('',(0.0465792470703674,-0.000655557162430013,0.0127));
#1298=CARTESIAN_POINT('',(0.0465792470703674,-0.000655557162430013,3.46944695195361E-17));
#1299=CARTESIAN_POINT('',(0.0329829966497538,-0.00822658088238583,0.));
#1300=CARTESIAN_POINT('',(0.0330378706783679,-0.00825212729587859,0.));
#1301=CARTESIAN_POINT('',(0.0332135868340929,-0.00835353719125848,0.));
#1302=CARTESIAN_POINT('',(0.0335663532021523,-0.00862235872718806,0.));
#1303=CARTESIAN_POINT('',(0.0338815592834833,-0.00887761551543516,0.));
#1304=CARTESIAN_POINT('',(0.0341823307437861,-0.00912472598213936,0.));
#1305=CARTESIAN_POINT('',(0.0344483571699613,-0.00933797181355946,0.));
#1306=CARTESIAN_POINT('',(0.0347183112885466,-0.00954965189957077,0.));
#1307=CARTESIAN_POINT('',(0.0350629878705387,-0.00981238657775161,0.));
#1308=CARTESIAN_POINT('',(0.0356285963860525,-0.0102298675513841,0.));
#1309=CARTESIAN_POINT('',(0.0363597670107614,-0.0107487120320819,0.));
#1310=CARTESIAN_POINT('',(0.0372678280432594,-0.0113725945869449,0.));
#1311=CARTESIAN_POINT('',(0.0380431502746185,-0.0118973367134867,0.));
#1312=CARTESIAN_POINT('',(0.0386699050611932,-0.0123225802570152,0.));
#1313=CARTESIAN_POINT('',(0.0393176685465467,-0.0127605787078305,0.));
#1314=CARTESIAN_POINT('',(0.0401614707099266,-0.0133182198294232,0.));
#1315=CARTESIAN_POINT('',(0.0412318142823421,-0.0139743910792654,0.));
#1316=CARTESIAN_POINT('',(0.0423649075191231,-0.014585276644807,0.));
#1317=CARTESIAN_POINT('',(0.043369148399524,-0.0150285508763868,0.));
#1318=CARTESIAN_POINT('',(0.0442124409145284,-0.0153216825966339,0.));
#1319=CARTESIAN_POINT('',(0.0450539423970169,-0.0155629096487868,0.));
#1320=CARTESIAN_POINT('',(0.0461030549963365,-0.0157745309363472,0.));
#1321=CARTESIAN_POINT('',(0.0473338331780539,-0.0158895970537019,0.));
#1322=CARTESIAN_POINT('',(0.0483250216829832,-0.0158709832353791,0.));
#1323=CARTESIAN_POINT('',(0.0490878820824063,-0.0157837543281645,0.));
#1324=CARTESIAN_POINT('',(0.0496561882813435,-0.0156780000727172,0.));
#1325=CARTESIAN_POINT('',(0.0502394526980831,-0.0155132926868281,0.));
#1326=CARTESIAN_POINT('',(0.0508351232821459,-0.0152641075408851,0.));
#1327=CARTESIAN_POINT('',(0.0514359615494353,-0.014892404138315,0.));
#1328=CARTESIAN_POINT('',(0.0519087064055523,-0.0144436225580421,0.));
#1329=CARTESIAN_POINT('',(0.0522287619659617,-0.0139998560866056,0.));
#1330=CARTESIAN_POINT('',(0.0524300983517537,-0.0136279938677252,0.));
#1331=CARTESIAN_POINT('',(0.0525774704129656,-0.0132429529877179,0.));
#1332=CARTESIAN_POINT('',(0.0526722527270077,-0.0128747751415589,0.));
#1333=CARTESIAN_POINT('',(0.0527279316380592,-0.01252118811529,0.));
#1334=CARTESIAN_POINT('',(0.0527609319750924,-0.0120712171453042,0.));
#1335=CARTESIAN_POINT('',(0.0527431119828572,-0.0115445273610487,0.));
#1336=CARTESIAN_POINT('',(0.0526621168505049,-0.0109559804128375,0.));
#1337=CARTESIAN_POINT('',(0.052540789515665,-0.0104025602919842,0.));
#1338=CARTESIAN_POINT('',(0.0523913603237717,-0.00988041431118201,0.));
#1339=CARTESIAN_POINT('',(0.0522258816213662,-0.00939614753664791,0.));
#1340=CARTESIAN_POINT('',(0.0520426550923763,-0.00893059067372921,0.));
#1341=CARTESIAN_POINT('',(0.0517703135654693,-0.00832692186340612,0.));
#1342=CARTESIAN_POINT('',(0.0513797510505661,-0.00760228975026477,0.));
#1343=CARTESIAN_POINT('',(0.0508341340583998,-0.00673744957208679,0.));
#1344=CARTESIAN_POINT('',(0.0501898306823881,-0.00579201513147274,0.));
#1345=CARTESIAN_POINT('',(0.0494210075987297,-0.00469400440462927,0.));
#1346=CARTESIAN_POINT('',(0.0486006472790163,-0.00353731344229052,0.));
#1347=CARTESIAN_POINT('',(0.0477969887038283,-0.002406560603094,0.));
#1348=CARTESIAN_POINT('',(0.0470832656479595,-0.00139457505093977,0.));
#1349=CARTESIAN_POINT('',(0.046717859463643,-0.000863094653681427,0.));
#1350=CARTESIAN_POINT('',(0.0465792470703674,-0.000655557162430013,0.));
#1351=CARTESIAN_POINT('',(0.0465792470703674,-0.000655557162430063,0.));
#1352=CARTESIAN_POINT('',(0.0465792470703674,-0.000655557162430063,0.0127));
#1353=CARTESIAN_POINT('',(0.0465792470703674,-0.000655557162430063,0.0127));
#1354=CARTESIAN_POINT('',(0.0329829966497538,-0.00822658088238583,0.0127));
#1355=CARTESIAN_POINT('',(0.0330378706783679,-0.00825212729587859,0.0127));
#1356=CARTESIAN_POINT('',(0.0332135868340929,-0.00835353719125848,0.0127));
#1357=CARTESIAN_POINT('',(0.0335663532021523,-0.00862235872718806,0.0127));
#1358=CARTESIAN_POINT('',(0.0338815592834833,-0.00887761551543516,0.0127));
#1359=CARTESIAN_POINT('',(0.0341823307437861,-0.00912472598213936,0.0127));
#1360=CARTESIAN_POINT('',(0.0344483571699613,-0.00933797181355946,0.0127));
#1361=CARTESIAN_POINT('',(0.0347183112885466,-0.00954965189957077,0.0127));
#1362=CARTESIAN_POINT('',(0.0350629878705387,-0.00981238657775161,0.0127));
#1363=CARTESIAN_POINT('',(0.0356285963860525,-0.0102298675513841,0.0127));
#1364=CARTESIAN_POINT('',(0.0363597670107614,-0.0107487120320819,0.0127));
#1365=CARTESIAN_POINT('',(0.0372678280432594,-0.0113725945869449,0.0127));
#1366=CARTESIAN_POINT('',(0.0380431502746185,-0.0118973367134867,0.0127));
#1367=CARTESIAN_POINT('',(0.0386699050611932,-0.0123225802570152,0.0127));
#1368=CARTESIAN_POINT('',(0.0393176685465467,-0.0127605787078305,0.0127));
#1369=CARTESIAN_POINT('',(0.0401614707099266,-0.0133182198294232,0.0127));
#1370=CARTESIAN_POINT('',(0.0412318142823421,-0.0139743910792654,0.0127));
#1371=CARTESIAN_POINT('',(0.0423649075191231,-0.014585276644807,0.0127));
#1372=CARTESIAN_POINT('',(0.043369148399524,-0.0150285508763868,0.0127));
#1373=CARTESIAN_POINT('',(0.0442124409145284,-0.0153216825966339,0.0127));
#1374=CARTESIAN_POINT('',(0.0450539423970169,-0.0155629096487868,0.0127));
#1375=CARTESIAN_POINT('',(0.0461030549963365,-0.0157745309363472,0.0127));
#1376=CARTESIAN_POINT('',(0.0473338331780539,-0.0158895970537019,0.0127));
#1377=CARTESIAN_POINT('',(0.0483250216829832,-0.0158709832353791,0.0127));
#1378=CARTESIAN_POINT('',(0.0490878820824063,-0.0157837543281645,0.0127));
#1379=CARTESIAN_POINT('',(0.0496561882813435,-0.0156780000727172,0.0127));
#1380=CARTESIAN_POINT('',(0.0502394526980831,-0.0155132926868281,0.0127));
#1381=CARTESIAN_POINT('',(0.0508351232821459,-0.0152641075408851,0.0127));
#1382=CARTESIAN_POINT('',(0.0514359615494353,-0.014892404138315,0.0127));
#1383=CARTESIAN_POINT('',(0.0519087064055523,-0.0144436225580421,0.0127));
#1384=CARTESIAN_POINT('',(0.0522287619659617,-0.0139998560866056,0.0127));
#1385=CARTESIAN_POINT('',(0.0524300983517537,-0.0136279938677252,0.0127));
#1386=CARTESIAN_POINT('',(0.0525774704129656,-0.0132429529877179,0.0127));
#1387=CARTESIAN_POINT('',(0.0526722527270077,-0.0128747751415589,0.0127));
#1388=CARTESIAN_POINT('',(0.0527279316380592,-0.01252118811529,0.0127));
#1389=CARTESIAN_POINT('',(0.0527609319750924,-0.0120712171453042,0.0127));
#1390=CARTESIAN_POINT('',(0.0527431119828572,-0.0115445273610487,0.0127));
#1391=CARTESIAN_POINT('',(0.0526621168505049,-0.0109559804128375,0.0127));
#1392=CARTESIAN_POINT('',(0.052540789515665,-0.0104025602919842,0.0127));
#1393=CARTESIAN_POINT('',(0.0523913603237717,-0.00988041431118201,0.0127));
#1394=CARTESIAN_POINT('',(0.0522258816213662,-0.00939614753664791,0.0127));
#1395=CARTESIAN_POINT('',(0.0520426550923763,-0.00893059067372921,0.0127));
#1396=CARTESIAN_POINT('',(0.0517703135654693,-0.00832692186340612,0.0127));
#1397=CARTESIAN_POINT('',(0.0513797510505661,-0.00760228975026477,0.0127));
#1398=CARTESIAN_POINT('',(0.0508341340583998,-0.00673744957208679,0.0127));
#1399=CARTESIAN_POINT('',(0.0501898306823881,-0.00579201513147274,0.0127));
#1400=CARTESIAN_POINT('',(0.0494210075987297,-0.00469400440462927,0.0127));
#1401=CARTESIAN_POINT('',(0.0486006472790163,-0.00353731344229052,0.0127));
#1402=CARTESIAN_POINT('',(0.0477969887038283,-0.002406560603094,0.0127));
#1403=CARTESIAN_POINT('',(0.0470832656479595,-0.00139457505093977,0.0127));
#1404=CARTESIAN_POINT('',(0.046717859463643,-0.000863094653681427,0.0127));
#1405=CARTESIAN_POINT('',(0.0465792470703674,-0.000655557162430013,0.0127));
#1406=CARTESIAN_POINT('',(0.0465792470703897,-0.000655557162437618,0.0127));
#1407=CARTESIAN_POINT('',(0.0465792470703897,-0.000655557162437618,5.20417042793042E-18));
#1408=CARTESIAN_POINT('',(0.0467006981607797,-0.000300767189507095,0.0127));
#1409=CARTESIAN_POINT('',(0.0467006981607797,-0.000300767189507095,5.20417042793042E-18));
#1410=CARTESIAN_POINT('',(0.0472193988341607,0.000969535617182816,0.0127));
#1411=CARTESIAN_POINT('',(0.0472193988341607,0.000969535617182816,0.));
#1412=CARTESIAN_POINT('',(0.0484465394833907,0.00372881317988543,0.0127));
#1413=CARTESIAN_POINT('',(0.0484465394833907,0.00372881317988543,5.20417042793042E-18));
#1414=CARTESIAN_POINT('',(0.0498656271173322,0.00701588785719617,0.0127));
#1415=CARTESIAN_POINT('',(0.0498656271173322,0.00701588785719617,5.20417042793042E-18));
#1416=CARTESIAN_POINT('',(0.0512259408375671,0.010496552971179,0.0127));
#1417=CARTESIAN_POINT('',(0.0512259408375671,0.010496552971179,5.20417042793042E-18));
#1418=CARTESIAN_POINT('',(0.0521104526101306,0.013313669544278,0.0127));
#1419=CARTESIAN_POINT('',(0.0521104526101306,0.013313669544278,5.20417042793042E-18));
#1420=CARTESIAN_POINT('',(0.052541582406949,0.0154215002298785,0.0127));
#1421=CARTESIAN_POINT('',(0.052541582406949,0.0154215002298785,1.73472347597681E-18));
#1422=CARTESIAN_POINT('',(0.0526881849546219,0.0169254091573085,0.0127));
#1423=CARTESIAN_POINT('',(0.0526881849546219,0.0169254091573085,5.20417042793042E-18));
#1424=CARTESIAN_POINT('',(0.0525718643068463,0.0184246612598147,0.0127));
#1425=CARTESIAN_POINT('',(0.0525718643068463,0.0184246612598147,5.20417042793042E-18));
#1426=CARTESIAN_POINT('',(0.0520423938124634,0.0198455092540623,0.0127));
#1427=CARTESIAN_POINT('',(0.0520423938124634,0.0198455092540623,5.20417042793042E-18));
#1428=CARTESIAN_POINT('',(0.0509949889849225,0.0210240018648509,0.0127));
#1429=CARTESIAN_POINT('',(0.0509949889849225,0.0210240018648509,1.04083408558608E-17));
#1430=CARTESIAN_POINT('',(0.0495865151204836,0.0216688198990865,0.0127));
#1431=CARTESIAN_POINT('',(0.0495865151204836,0.0216688198990865,3.46944695195361E-18));
#1432=CARTESIAN_POINT('',(0.0481419785167986,0.0217766379315839,0.0127));
#1433=CARTESIAN_POINT('',(0.0481419785167986,0.0217766379315839,6.93889390390723E-18));
#1434=CARTESIAN_POINT('',(0.0462857656214483,0.0214256072611187,0.0127));
#1435=CARTESIAN_POINT('',(0.0462857656214483,0.0214256072611187,-1.73472347597681E-18));
#1436=CARTESIAN_POINT('',(0.0440564316593351,0.0202552590435814,0.0127));
#1437=CARTESIAN_POINT('',(0.0440564316593351,0.0202552590435814,1.04083408558608E-17));
#1438=CARTESIAN_POINT('',(0.0414840367747648,0.0181823179409902,0.0127));
#1439=CARTESIAN_POINT('',(0.0414840367747648,0.0181823179409902,0.));
#1440=CARTESIAN_POINT('',(0.0389193813244905,0.0157058169941856,0.0127));
#1441=CARTESIAN_POINT('',(0.0389193813244905,0.0157058169941856,8.67361737988404E-18));
#1442=CARTESIAN_POINT('',(0.0364838462354437,0.0131289571884791,0.0127));
#1443=CARTESIAN_POINT('',(0.0364838462354437,0.0131289571884791,5.20417042793042E-18));
#1444=CARTESIAN_POINT('',(0.0343115401379798,0.0107710698789674,0.0127));
#1445=CARTESIAN_POINT('',(0.0343115401379798,0.0107710698789674,5.20417042793042E-18));
#1446=CARTESIAN_POINT('',(0.0328632862587738,0.00927671374114627,0.0127));
#1447=CARTESIAN_POINT('',(0.0328632862587738,0.00927671374114627,1.04083408558608E-17));
#1448=CARTESIAN_POINT('',(0.0320643279130989,0.00857914787280811,0.0127));
#1449=CARTESIAN_POINT('',(0.0320643279130989,0.00857914787280811,1.73472347597681E-18));
#1450=CARTESIAN_POINT('',(0.0318970465086288,0.00847857686103112,0.0127));
#1451=CARTESIAN_POINT('',(0.0318970465086288,0.00847857686103112,5.20417042793042E-18));
#1452=CARTESIAN_POINT('',(0.0318636502522407,0.00846067755977478,0.0127));
#1453=CARTESIAN_POINT('',(0.0318636502522407,0.00846067755977478,5.20417042793042E-18));
#1454=CARTESIAN_POINT('',(0.0465792470703897,-0.000655557162437618,0.));
#1455=CARTESIAN_POINT('',(0.0466399726155847,-0.000478162175972319,0.));
#1456=CARTESIAN_POINT('',(0.0468322709030743,2.68955753363988E-5,0.));
#1457=CARTESIAN_POINT('',(0.0472751164715836,0.00107418700833283,0.));
#1458=CARTESIAN_POINT('',(0.0478327458547136,0.00234739344709569,0.));
#1459=CARTESIAN_POINT('',(0.0486831909110392,0.00427765458011012,0.));
#1460=CARTESIAN_POINT('',(0.0498655122397186,0.00701583202833242,0.));
#1461=CARTESIAN_POINT('',(0.0509994296950421,0.00991561398476286,0.));
#1462=CARTESIAN_POINT('',(0.0517562968171021,0.012188324722164,0.));
#1463=CARTESIAN_POINT('',(0.0522181850902703,0.0138405490684553,0.));
#1464=CARTESIAN_POINT('',(0.052488141987721,0.0151570173544437,0.));
#1465=CARTESIAN_POINT('',(0.0526140822249245,0.0161752775945594,0.));
#1466=CARTESIAN_POINT('',(0.052655181554271,0.0169256461374891,0.));
#1467=CARTESIAN_POINT('',(0.0526313780902745,0.0176699359744133,0.));
#1468=CARTESIAN_POINT('',(0.0525200089007003,0.0184164873532868,0.));
#1469=CARTESIAN_POINT('',(0.0523066223013948,0.019133678063069,0.));
#1470=CARTESIAN_POINT('',(0.0519769767523813,0.0198155163394612,0.));
#1471=CARTESIAN_POINT('',(0.0515218992307031,0.0204349567200001,0.));
#1472=CARTESIAN_POINT('',(0.0509493628187914,0.0209565807699905,0.));
#1473=CARTESIAN_POINT('',(0.0502895143667676,0.0213490568125906,0.));
#1474=CARTESIAN_POINT('',(0.0493464898401662,0.0216852317381136,0.));
#1475=CARTESIAN_POINT('',(0.0481415895638076,0.0217774287759762,0.));
#1476=CARTESIAN_POINT('',(0.0469822814958802,0.0215564290624222,0.));
#1477=CARTESIAN_POINT('',(0.0460712183619267,0.0212367247427587,0.));
#1478=CARTESIAN_POINT('',(0.0451646883234736,0.0208244760459515,0.));
#1479=CARTESIAN_POINT('',(0.0440707979601735,0.0201721285122061,0.));
#1480=CARTESIAN_POINT('',(0.042774737589147,0.0192195714184161,0.));
#1481=CARTESIAN_POINT('',(0.0410539909270539,0.0177691125618627,0.));
#1482=CARTESIAN_POINT('',(0.0389202939179972,0.015705999355479,0.));
#1483=CARTESIAN_POINT('',(0.0368896342424315,0.0135583419602116,0.));
#1484=CARTESIAN_POINT('',(0.0353977527821469,0.0119501424140587,0.));
#1485=CARTESIAN_POINT('',(0.0343655492717385,0.0108414343861822,0.));
#1486=CARTESIAN_POINT('',(0.0334436924011966,0.00987519925914529,0.));
#1487=CARTESIAN_POINT('',(0.0327916427655963,0.0092299874780759,0.));
#1488=CARTESIAN_POINT('',(0.0323668557481757,0.00884242927029981,0.));
#1489=CARTESIAN_POINT('',(0.0321073219228512,0.008625481063533,0.));
#1490=CARTESIAN_POINT('',(0.0319381206915646,0.00850285159600541,0.));
#1491=CARTESIAN_POINT('',(0.0318803483804347,0.00846962721040295,0.));
#1492=CARTESIAN_POINT('',(0.0318636502522407,0.00846067755977478,0.));
#1493=CARTESIAN_POINT('',(0.0318636502522407,0.00846067755977475,0.));
#1494=CARTESIAN_POINT('',(0.0318636502522407,0.00846067755977475,0.0127));
#1495=CARTESIAN_POINT('',(0.0318636502522407,0.00846067755977475,0.0127));
#1496=CARTESIAN_POINT('',(0.0465792470703897,-0.000655557162437618,0.0127));
#1497=CARTESIAN_POINT('',(0.0466399726155847,-0.000478162175972319,0.0127));
#1498=CARTESIAN_POINT('',(0.0468322709030743,2.68955753363988E-5,0.0127));
#1499=CARTESIAN_POINT('',(0.0472751164715836,0.00107418700833283,0.0127));
#1500=CARTESIAN_POINT('',(0.0478327458547136,0.00234739344709569,0.0127));
#1501=CARTESIAN_POINT('',(0.0486831909110392,0.00427765458011012,0.0127));
#1502=CARTESIAN_POINT('',(0.0498655122397186,0.00701583202833242,0.0127));
#1503=CARTESIAN_POINT('',(0.0509994296950421,0.00991561398476286,0.0127));
#1504=CARTESIAN_POINT('',(0.0517562968171021,0.012188324722164,0.0127));
#1505=CARTESIAN_POINT('',(0.0522181850902703,0.0138405490684553,0.0127));
#1506=CARTESIAN_POINT('',(0.052488141987721,0.0151570173544437,0.0127));
#1507=CARTESIAN_POINT('',(0.0526140822249245,0.0161752775945594,0.0127));
#1508=CARTESIAN_POINT('',(0.052655181554271,0.0169256461374891,0.0127));
#1509=CARTESIAN_POINT('',(0.0526313780902745,0.0176699359744133,0.0127));
#1510=CARTESIAN_POINT('',(0.0525200089007003,0.0184164873532868,0.0127));
#1511=CARTESIAN_POINT('',(0.0523066223013948,0.019133678063069,0.0127));
#1512=CARTESIAN_POINT('',(0.0519769767523813,0.0198155163394612,0.0127));
#1513=CARTESIAN_POINT('',(0.0515218992307031,0.0204349567200001,0.0127));
#1514=CARTESIAN_POINT('',(0.0509493628187914,0.0209565807699905,0.0127));
#1515=CARTESIAN_POINT('',(0.0502895143667676,0.0213490568125906,0.0127));
#1516=CARTESIAN_POINT('',(0.0493464898401662,0.0216852317381136,0.0127));
#1517=CARTESIAN_POINT('',(0.0481415895638076,0.0217774287759762,0.0127));
#1518=CARTESIAN_POINT('',(0.0469822814958802,0.0215564290624222,0.0127));
#1519=CARTESIAN_POINT('',(0.0460712183619267,0.0212367247427587,0.0127));
#1520=CARTESIAN_POINT('',(0.0451646883234736,0.0208244760459515,0.0127));
#1521=CARTESIAN_POINT('',(0.0440707979601735,0.0201721285122061,0.0127));
#1522=CARTESIAN_POINT('',(0.042774737589147,0.0192195714184161,0.0127));
#1523=CARTESIAN_POINT('',(0.0410539909270539,0.0177691125618627,0.0127));
#1524=CARTESIAN_POINT('',(0.0389202939179972,0.015705999355479,0.0127));
#1525=CARTESIAN_POINT('',(0.0368896342424315,0.0135583419602116,0.0127));
#1526=CARTESIAN_POINT('',(0.0353977527821469,0.0119501424140587,0.0127));
#1527=CARTESIAN_POINT('',(0.0343655492717385,0.0108414343861822,0.0127));
#1528=CARTESIAN_POINT('',(0.0334436924011966,0.00987519925914529,0.0127));
#1529=CARTESIAN_POINT('',(0.0327916427655963,0.0092299874780759,0.0127));
#1530=CARTESIAN_POINT('',(0.0323668557481757,0.00884242927029981,0.0127));
#1531=CARTESIAN_POINT('',(0.0321073219228512,0.008625481063533,0.0127));
#1532=CARTESIAN_POINT('',(0.0319381206915646,0.00850285159600541,0.0127));
#1533=CARTESIAN_POINT('',(0.0318803483804347,0.00846962721040295,0.0127));
#1534=CARTESIAN_POINT('',(0.0318636502522407,0.00846067755977478,0.0127));
#1535=CARTESIAN_POINT('',(0.0318636502522407,0.00846067755977466,0.0127));
#1536=CARTESIAN_POINT('',(0.0318636502522407,0.00846067755977466,0.));
#1537=CARTESIAN_POINT('',(0.0318351727834569,0.00845818043854107,0.0127));
#1538=CARTESIAN_POINT('',(0.0318351727834569,0.00845818043854107,1.73472347597681E-18));
#1539=CARTESIAN_POINT('',(0.0317230556272176,0.00845239182033469,0.0127));
#1540=CARTESIAN_POINT('',(0.0317230556272176,0.00845239182033469,0.));
#1541=CARTESIAN_POINT('',(0.031327664976589,0.00843375504373892,0.0127));
#1542=CARTESIAN_POINT('',(0.031327664976589,0.00843375504373892,3.46944695195361E-18));
#1543=CARTESIAN_POINT('',(0.0308735330696277,0.00837410450134075,0.0127));
#1544=CARTESIAN_POINT('',(0.0308735330696277,0.00837410450134075,-3.46944695195361E-18));
#1545=CARTESIAN_POINT('',(0.0303178130487552,0.00827034580498792,0.0127));
#1546=CARTESIAN_POINT('',(0.0303178130487552,0.00827034580498792,3.46944695195361E-18));
#1547=CARTESIAN_POINT('',(0.0296155834945506,0.00810420494623074,0.0127));
#1548=CARTESIAN_POINT('',(0.0296155834945506,0.00810420494623074,-3.46944695195361E-18));
#1549=CARTESIAN_POINT('',(0.0284757592409418,0.00781455017375761,0.0127));
#1550=CARTESIAN_POINT('',(0.0284757592409418,0.00781455017375761,0.));
#1551=CARTESIAN_POINT('',(0.0269730519908309,0.00744719940066296,0.0127));
#1552=CARTESIAN_POINT('',(0.0269730519908309,0.00744719940066296,-5.20417042793042E-18));
#1553=CARTESIAN_POINT('',(0.0261428709224602,0.00746091240157951,0.0127));
#1554=CARTESIAN_POINT('',(0.0261428709224602,0.00746091240157951,1.73472347597681E-18));
#1555=CARTESIAN_POINT('',(0.0260207239706021,0.00748809265773441,0.0127));
#1556=CARTESIAN_POINT('',(0.0260207239706021,0.00748809265773441,0.));
#1557=CARTESIAN_POINT('',(0.0318636502522407,0.00846067755977466,0.));
#1558=CARTESIAN_POINT('',(0.0318351727834569,0.00845818043854107,0.));
#1559=CARTESIAN_POINT('',(0.0317477843456793,0.00845356552758712,0.));
#1560=CARTESIAN_POINT('',(0.0315579766394976,0.00844478372129187,0.));
#1561=CARTESIAN_POINT('',(0.0314278750236013,0.00843629350508834,0.));
#1562=CARTESIAN_POINT('',(0.0313184669197004,0.00842735545766015,0.));
#1563=CARTESIAN_POINT('',(0.0312055059007985,0.00841580116090215,0.));
#1564=CARTESIAN_POINT('',(0.0310592043579581,0.00839813485443718,0.));
#1565=CARTESIAN_POINT('',(0.030879141590091,0.00837193812831833,0.));
#1566=CARTESIAN_POINT('',(0.0306667570371774,0.00833533181524375,0.));
#1567=CARTESIAN_POINT('',(0.0303859208381424,0.00828081303226557,0.));
#1568=CARTESIAN_POINT('',(0.0300364935523176,0.00820386333121681,0.));
#1569=CARTESIAN_POINT('',(0.0296143256106572,0.00810212549454353,0.));
#1570=CARTESIAN_POINT('',(0.0291875122471964,0.00799499231914727,0.));
#1571=CARTESIAN_POINT('',(0.0287559584470202,0.0078862238200158,0.));
#1572=CARTESIAN_POINT('',(0.0283217750175473,0.00777978267904359,0.));
#1573=CARTESIAN_POINT('',(0.0277390772655326,0.00764485350597967,0.));
#1574=CARTESIAN_POINT('',(0.0270419550572964,0.00750745100437384,0.));
#1575=CARTESIAN_POINT('',(0.026349967106197,0.00744244880926996,0.));
#1576=CARTESIAN_POINT('',(0.0260817974465312,0.00747450252965696,0.));
#1577=CARTESIAN_POINT('',(0.0260207239706021,0.00748809265773441,0.));
#1578=CARTESIAN_POINT('',(0.0260207239706021,0.00748809265773441,0.));
#1579=CARTESIAN_POINT('',(0.0260207239706021,0.00748809265773441,0.0127));
#1580=CARTESIAN_POINT('',(0.0260207239706021,0.00748809265773441,0.0127));
#1581=CARTESIAN_POINT('',(0.0318636502522407,0.00846067755977466,0.0127));
#1582=CARTESIAN_POINT('',(0.0318351727834569,0.00845818043854107,0.0127));
#1583=CARTESIAN_POINT('',(0.0317477843456793,0.00845356552758712,0.0127));
#1584=CARTESIAN_POINT('',(0.0315579766394976,0.00844478372129187,0.0127));
#1585=CARTESIAN_POINT('',(0.0314278750236013,0.00843629350508834,0.0127));
#1586=CARTESIAN_POINT('',(0.0313184669197004,0.00842735545766015,0.0127));
#1587=CARTESIAN_POINT('',(0.0312055059007985,0.00841580116090215,0.0127));
#1588=CARTESIAN_POINT('',(0.0310592043579581,0.00839813485443718,0.0127));
#1589=CARTESIAN_POINT('',(0.030879141590091,0.00837193812831833,0.0127));
#1590=CARTESIAN_POINT('',(0.0306667570371774,0.00833533181524375,0.0127));
#1591=CARTESIAN_POINT('',(0.0303859208381424,0.00828081303226557,0.0127));
#1592=CARTESIAN_POINT('',(0.0300364935523176,0.00820386333121681,0.0127));
#1593=CARTESIAN_POINT('',(0.0296143256106572,0.00810212549454353,0.0127));
#1594=CARTESIAN_POINT('',(0.0291875122471964,0.00799499231914727,0.0127));
#1595=CARTESIAN_POINT('',(0.0287559584470202,0.0078862238200158,0.0127));
#1596=CARTESIAN_POINT('',(0.0283217750175473,0.00777978267904359,0.0127));
#1597=CARTESIAN_POINT('',(0.0277390772655326,0.00764485350597967,0.0127));
#1598=CARTESIAN_POINT('',(0.0270419550572964,0.00750745100437384,0.0127));
#1599=CARTESIAN_POINT('',(0.026349967106197,0.00744244880926996,0.0127));
#1600=CARTESIAN_POINT('',(0.0260817974465312,0.00747450252965696,0.0127));
#1601=CARTESIAN_POINT('',(0.0260207239706021,0.00748809265773441,0.0127));
#1602=CARTESIAN_POINT('',(0.0260207239706021,0.00748809265773442,0.0127));
#1603=CARTESIAN_POINT('',(0.0260207239706021,0.00748809265773442,1.04083408558608E-17));
#1604=CARTESIAN_POINT('',(0.0259603509776084,0.00755907961169655,0.0127));
#1605=CARTESIAN_POINT('',(0.0259603509776084,0.00755907961169655,1.04083408558608E-17));
#1606=CARTESIAN_POINT('',(0.0257706474431266,0.00784460394018249,0.0127));
#1607=CARTESIAN_POINT('',(0.0257706474431266,0.00784460394018249,5.20417042793042E-18));
#1608=CARTESIAN_POINT('',(0.0253728475123565,0.00847795273888897,0.0127));
#1609=CARTESIAN_POINT('',(0.0253728475123565,0.00847795273888897,1.73472347597681E-17));
#1610=CARTESIAN_POINT('',(0.0249579457280027,0.0090404746684371,0.0127));
#1611=CARTESIAN_POINT('',(0.0249579457280027,0.0090404746684371,5.20417042793042E-18));
#1612=CARTESIAN_POINT('',(0.0242946185102498,0.00967228138742921,0.0127));
#1613=CARTESIAN_POINT('',(0.0242946185102498,0.00967228138742921,1.56125112837913E-17));
#1614=CARTESIAN_POINT('',(0.0234572251918998,0.0101197957072211,0.0127));
#1615=CARTESIAN_POINT('',(0.0234572251918998,0.0101197957072211,6.93889390390723E-18));
#1616=CARTESIAN_POINT('',(0.022663860597222,0.0103443191350527,0.0127));
#1617=CARTESIAN_POINT('',(0.022663860597222,0.0103443191350527,1.04083408558608E-17));
#1618=CARTESIAN_POINT('',(0.0216409997289112,0.0104593130356471,0.0127));
#1619=CARTESIAN_POINT('',(0.0216409997289112,0.0104593130356471,1.04083408558608E-17));
#1620=CARTESIAN_POINT('',(0.0207132231632053,0.0103714263208496,0.0127));
#1621=CARTESIAN_POINT('',(0.0207132231632053,0.0103714263208496,8.67361737988404E-18));
#1622=CARTESIAN_POINT('',(0.0198138409901871,0.0101107154506964,0.0127));
#1623=CARTESIAN_POINT('',(0.0198138409901871,0.0101107154506964,8.67361737988404E-18));
#1624=CARTESIAN_POINT('',(0.0192534981196779,0.00984901827788758,0.0127));
#1625=CARTESIAN_POINT('',(0.0192534981196779,0.00984901827788758,5.20417042793042E-18));
#1626=CARTESIAN_POINT('',(0.0188997216181483,0.00964976846999261,0.0127));
#1627=CARTESIAN_POINT('',(0.0188997216181483,0.00964976846999261,1.90819582357449E-17));
#1628=CARTESIAN_POINT('',(0.0186315880598047,0.00951579098466853,0.0127));
#1629=CARTESIAN_POINT('',(0.0186315880598047,0.00951579098466853,3.46944695195361E-18));
#1630=CARTESIAN_POINT('',(0.0185213968971662,0.00947121494959328,0.0127));
#1631=CARTESIAN_POINT('',(0.0185213968971662,0.00947121494959328,1.04083408558608E-17));
#1632=CARTESIAN_POINT('',(0.018083873792199,0.0094226181353015,0.0127));
#1633=CARTESIAN_POINT('',(0.018083873792199,0.0094226181353015,8.67361737988404E-18));
#1634=CARTESIAN_POINT('',(0.0173042205010371,0.00943144616392503,0.0127));
#1635=CARTESIAN_POINT('',(0.0173042205010371,0.00943144616392503,1.21430643318376E-17));
#1636=CARTESIAN_POINT('',(0.015941667676597,0.00957278568799138,0.0127));
#1637=CARTESIAN_POINT('',(0.015941667676597,0.00957278568799138,6.93889390390723E-18));
#1638=CARTESIAN_POINT('',(0.0139662840697988,0.00991967081805429,0.0127));
#1639=CARTESIAN_POINT('',(0.0139662840697988,0.00991967081805429,1.38777878078145E-17));
#1640=CARTESIAN_POINT('',(0.0118664191232332,0.0103904007452978,0.0127));
#1641=CARTESIAN_POINT('',(0.0118664191232332,0.0103904007452978,1.04083408558608E-17));
#1642=CARTESIAN_POINT('',(0.0098359393335762,0.0109312255291241,0.0127));
#1643=CARTESIAN_POINT('',(0.0098359393335762,0.0109312255291241,1.38777878078145E-17));
#1644=CARTESIAN_POINT('',(0.00806969048231374,0.0114848213982047,0.0127));
#1645=CARTESIAN_POINT('',(0.00806969048231374,0.0114848213982047,1.38777878078145E-17));
#1646=CARTESIAN_POINT('',(0.0067797740796929,0.0119826797769492,0.0127));
#1647=CARTESIAN_POINT('',(0.0067797740796929,0.0119826797769492,1.73472347597681E-17));
#1648=CARTESIAN_POINT('',(0.00645587834611148,0.012186828322156,0.0127));
#1649=CARTESIAN_POINT('',(0.00645587834611148,0.012186828322156,1.04083408558608E-17));
#1650=CARTESIAN_POINT('',(0.00640239921672626,0.0122278991231452,0.0127));
#1651=CARTESIAN_POINT('',(0.00640239921672626,0.0122278991231452,1.04083408558608E-17));
#1652=CARTESIAN_POINT('',(0.0260207239706021,0.00748809265773442,0.));
#1653=CARTESIAN_POINT('',(0.0259905374741053,0.00752358613471548,0.));
#1654=CARTESIAN_POINT('',(0.0258925194741361,0.00765290593769533,0.));
#1655=CARTESIAN_POINT('',(0.0256719943916746,0.00800352407283219,0.));
#1656=CARTESIAN_POINT('',(0.0254238797147568,0.00839806189310529,0.));
#1657=CARTESIAN_POINT('',(0.0251628842540344,0.00876039715977012,0.));
#1658=CARTESIAN_POINT('',(0.0249255597070756,0.00905030018007603,0.));
#1659=CARTESIAN_POINT('',(0.0246826981614131,0.00930049579667289,0.));
#1660=CARTESIAN_POINT('',(0.0244564298307215,0.00949787245745921,0.));
#1661=CARTESIAN_POINT('',(0.0242672170668394,0.00964364814038629,0.));
#1662=CARTESIAN_POINT('',(0.0240683468628227,0.0097769309063706,0.));
#1663=CARTESIAN_POINT('',(0.0238014738926424,0.00993263971472641,0.));
#1664=CARTESIAN_POINT('',(0.0234640785750851,0.0100910835783034,0.));
#1665=CARTESIAN_POINT('',(0.023062112618577,0.0102304980961416,0.));
#1666=CARTESIAN_POINT('',(0.0225349768764711,0.0103594848875136,0.));
#1667=CARTESIAN_POINT('',(0.0218981013358179,0.0104312375514954,0.));
#1668=CARTESIAN_POINT('',(0.0212939123054386,0.0104150916707459,0.));
#1669=CARTESIAN_POINT('',(0.0208292041664931,0.0103586562746643,0.));
#1670=CARTESIAN_POINT('',(0.020489488631992,0.0102953757389675,0.));
#1671=CARTESIAN_POINT('',(0.0202126682899878,0.0102249962162075,0.));
#1672=CARTESIAN_POINT('',(0.0199946701651919,0.0101574839870001,0.));
#1673=CARTESIAN_POINT('',(0.0197766357990401,0.0100810406266054,0.));
#1674=CARTESIAN_POINT('',(0.0195300262336214,0.00997853613551125,0.));
#1675=CARTESIAN_POINT('',(0.0191966333448425,0.00981652355505488,0.));
#1676=CARTESIAN_POINT('',(0.0188990564459275,0.00964999990754807,0.));
#1677=CARTESIAN_POINT('',(0.0186986315333257,0.00954754959910901,0.));
#1678=CARTESIAN_POINT('',(0.0185771173149655,0.00950021455713764,0.));
#1679=CARTESIAN_POINT('',(0.0184373032513763,0.00946436598459845,0.));
#1680=CARTESIAN_POINT('',(0.0182516460617204,0.00944029035955212,0.));
#1681=CARTESIAN_POINT('',(0.0180513597128142,0.00942814846763106,0.));
#1682=CARTESIAN_POINT('',(0.0177895602005704,0.0094258932139191,0.));
#1683=CARTESIAN_POINT('',(0.0173769113730788,0.0094390943484162,0.));
#1684=CARTESIAN_POINT('',(0.0167590177863649,0.00948757663448282,0.));
#1685=CARTESIAN_POINT('',(0.0158992379403773,0.00959503086805768,0.));
#1686=CARTESIAN_POINT('',(0.0149537162942378,0.00974629172241806,0.));
#1687=CARTESIAN_POINT('',(0.0136164611413052,0.00999809056782145,0.));
#1688=CARTESIAN_POINT('',(0.0118663259546282,0.0103904005412825,0.));
#1689=CARTESIAN_POINT('',(0.00983610789915434,0.0109312685901105,0.));
#1690=CARTESIAN_POINT('',(0.00806910938860587,0.0114846493582745,0.));
#1691=CARTESIAN_POINT('',(0.00699645980555599,0.011900212289449,0.));
#1692=CARTESIAN_POINT('',(0.00653390911248105,0.0121349095577174,0.));
#1693=CARTESIAN_POINT('',(0.00642913878141887,0.0122073637226506,0.));
#1694=CARTESIAN_POINT('',(0.00640239921672626,0.0122278991231452,0.));
#1695=CARTESIAN_POINT('',(0.00640239921672626,0.0122278991231452,0.));
#1696=CARTESIAN_POINT('',(0.00640239921672626,0.0122278991231452,0.0127));
#1697=CARTESIAN_POINT('',(0.00640239921672626,0.0122278991231452,0.0127));
#1698=CARTESIAN_POINT('',(0.0260207239706021,0.00748809265773442,0.0127));
#1699=CARTESIAN_POINT('',(0.0259905374741053,0.00752358613471548,0.0127));
#1700=CARTESIAN_POINT('',(0.0258925194741361,0.00765290593769533,0.0127));
#1701=CARTESIAN_POINT('',(0.0256719943916746,0.00800352407283219,0.0127));
#1702=CARTESIAN_POINT('',(0.0254238797147568,0.00839806189310529,0.0127));
#1703=CARTESIAN_POINT('',(0.0251628842540344,0.00876039715977012,0.0127));
#1704=CARTESIAN_POINT('',(0.0249255597070756,0.00905030018007603,0.0127));
#1705=CARTESIAN_POINT('',(0.0246826981614131,0.00930049579667289,0.0127));
#1706=CARTESIAN_POINT('',(0.0244564298307215,0.00949787245745921,0.0127));
#1707=CARTESIAN_POINT('',(0.0242672170668394,0.00964364814038629,0.0127));
#1708=CARTESIAN_POINT('',(0.0240683468628227,0.0097769309063706,0.0127));
#1709=CARTESIAN_POINT('',(0.0238014738926424,0.00993263971472641,0.0127));
#1710=CARTESIAN_POINT('',(0.0234640785750851,0.0100910835783034,0.0127));
#1711=CARTESIAN_POINT('',(0.023062112618577,0.0102304980961416,0.0127));
#1712=CARTESIAN_POINT('',(0.0225349768764711,0.0103594848875136,0.0127));
#1713=CARTESIAN_POINT('',(0.0218981013358179,0.0104312375514954,0.0127));
#1714=CARTESIAN_POINT('',(0.0212939123054386,0.0104150916707459,0.0127));
#1715=CARTESIAN_POINT('',(0.0208292041664931,0.0103586562746643,0.0127));
#1716=CARTESIAN_POINT('',(0.020489488631992,0.0102953757389675,0.0127));
#1717=CARTESIAN_POINT('',(0.0202126682899878,0.0102249962162075,0.0127));
#1718=CARTESIAN_POINT('',(0.0199946701651919,0.0101574839870001,0.0127));
#1719=CARTESIAN_POINT('',(0.0197766357990401,0.0100810406266054,0.0127));
#1720=CARTESIAN_POINT('',(0.0195300262336214,0.00997853613551125,0.0127));
#1721=CARTESIAN_POINT('',(0.0191966333448425,0.00981652355505488,0.0127));
#1722=CARTESIAN_POINT('',(0.0188990564459275,0.00964999990754807,0.0127));
#1723=CARTESIAN_POINT('',(0.0186986315333257,0.00954754959910901,0.0127));
#1724=CARTESIAN_POINT('',(0.0185771173149655,0.00950021455713764,0.0127));
#1725=CARTESIAN_POINT('',(0.0184373032513763,0.00946436598459845,0.0127));
#1726=CARTESIAN_POINT('',(0.0182516460617204,0.00944029035955212,0.0127));
#1727=CARTESIAN_POINT('',(0.0180513597128142,0.00942814846763106,0.0127));
#1728=CARTESIAN_POINT('',(0.0177895602005704,0.0094258932139191,0.0127));
#1729=CARTESIAN_POINT('',(0.0173769113730788,0.0094390943484162,0.0127));
#1730=CARTESIAN_POINT('',(0.0167590177863649,0.00948757663448282,0.0127));
#1731=CARTESIAN_POINT('',(0.0158992379403773,0.00959503086805768,0.0127));
#1732=CARTESIAN_POINT('',(0.0149537162942378,0.00974629172241806,0.0127));
#1733=CARTESIAN_POINT('',(0.0136164611413052,0.00999809056782145,0.0127));
#1734=CARTESIAN_POINT('',(0.0118663259546282,0.0103904005412825,0.0127));
#1735=CARTESIAN_POINT('',(0.00983610789915434,0.0109312685901105,0.0127));
#1736=CARTESIAN_POINT('',(0.00806910938860587,0.0114846493582745,0.0127));
#1737=CARTESIAN_POINT('',(0.00699645980555599,0.011900212289449,0.0127));
#1738=CARTESIAN_POINT('',(0.00653390911248105,0.0121349095577174,0.0127));
#1739=CARTESIAN_POINT('',(0.00642913878141887,0.0122073637226506,0.0127));
#1740=CARTESIAN_POINT('',(0.00640239921672626,0.0122278991231452,0.0127));
#1741=CARTESIAN_POINT('',(0.00640239921672624,0.0122278991231452,0.0127));
#1742=CARTESIAN_POINT('',(0.00640239921672624,0.0122278991231452,1.38777878078145E-17));
#1743=CARTESIAN_POINT('',(0.00637555807870542,0.0123141533162834,0.0127));
#1744=CARTESIAN_POINT('',(0.00637555807870542,0.0123141533162834,1.38777878078145E-17));
#1745=CARTESIAN_POINT('',(0.00627383975078342,0.0128756826031991,0.0127));
#1746=CARTESIAN_POINT('',(0.00627383975078342,0.0128756826031991,1.73472347597681E-17));
#1747=CARTESIAN_POINT('',(0.00635550467248417,0.0142062051973997,0.0127));
#1748=CARTESIAN_POINT('',(0.00635550467248417,0.0142062051973997,1.21430643318376E-17));
#1749=CARTESIAN_POINT('',(0.00659862069026394,0.0154535611979527,0.0127));
#1750=CARTESIAN_POINT('',(0.00659862069026394,0.0154535611979527,1.73472347597681E-17));
#1751=CARTESIAN_POINT('',(0.00689463182717885,0.0164324964704569,0.0127));
#1752=CARTESIAN_POINT('',(0.00689463182717885,0.0164324964704569,1.21430643318376E-17));
#1753=CARTESIAN_POINT('',(0.00716565883738509,0.0172331342651203,0.0127));
#1754=CARTESIAN_POINT('',(0.00716565883738509,0.0172331342651203,1.04083408558608E-17));
#1755=CARTESIAN_POINT('',(0.00744317615314633,0.0180747397303706,0.0127));
#1756=CARTESIAN_POINT('',(0.00744317615314633,0.0180747397303706,8.67361737988404E-18));
#1757=CARTESIAN_POINT('',(0.00768508684804746,0.0189833405660584,0.0127));
#1758=CARTESIAN_POINT('',(0.00768508684804746,0.0189833405660584,1.90819582357449E-17));
#1759=CARTESIAN_POINT('',(0.00783404145280618,0.0199828320544813,0.0127));
#1760=CARTESIAN_POINT('',(0.00783404145280618,0.0199828320544813,1.38777878078145E-17));
#1761=CARTESIAN_POINT('',(0.00775066202440599,0.0211866569332705,0.0127));
#1762=CARTESIAN_POINT('',(0.00775066202440599,0.0211866569332705,1.73472347597681E-17));
#1763=CARTESIAN_POINT('',(0.00728671978788001,0.0223119085470378,0.0127));
#1764=CARTESIAN_POINT('',(0.00728671978788001,0.0223119085470378,1.38777878078145E-17));
#1765=CARTESIAN_POINT('',(0.00664365130173912,0.0231543848775058,0.0127));
#1766=CARTESIAN_POINT('',(0.00664365130173912,0.0231543848775058,1.38777878078145E-17));
#1767=CARTESIAN_POINT('',(0.0059003168637518,0.0238033531712431,0.0127));
#1768=CARTESIAN_POINT('',(0.0059003168637518,0.0238033531712431,1.38777878078145E-17));
#1769=CARTESIAN_POINT('',(0.0051071743572129,0.0242714316649113,0.0127));
#1770=CARTESIAN_POINT('',(0.0051071743572129,0.0242714316649113,1.21430643318376E-17));
#1771=CARTESIAN_POINT('',(0.00422012260550238,0.0246077007588592,0.0127));
#1772=CARTESIAN_POINT('',(0.00422012260550238,0.0246077007588592,1.90819582357449E-17));
#1773=CARTESIAN_POINT('',(0.00307944494615697,0.0246952792776812,0.0127));
#1774=CARTESIAN_POINT('',(0.00307944494615697,0.0246952792776812,1.04083408558608E-17));
#1775=CARTESIAN_POINT('',(0.00201705701450738,0.0244352944033689,0.0127));
#1776=CARTESIAN_POINT('',(0.00201705701450738,0.0244352944033689,1.90819582357449E-17));
#1777=CARTESIAN_POINT('',(0.00108006915573319,0.0239895281238962,0.0127));
#1778=CARTESIAN_POINT('',(0.00108006915573319,0.0239895281238962,1.04083408558608E-17));
#1779=CARTESIAN_POINT('',(0.000131462592038674,0.0233916955272394,0.0127));
#1780=CARTESIAN_POINT('',(0.000131462592038674,0.0233916955272394,1.56125112837913E-17));
#1781=CARTESIAN_POINT('',(-0.00129797368608633,0.0223529512942864,0.0127));
#1782=CARTESIAN_POINT('',(-0.00129797368608633,0.0223529512942864,1.38777878078145E-17));
#1783=CARTESIAN_POINT('',(-0.00339434764489165,0.0206464476173958,0.0127));
#1784=CARTESIAN_POINT('',(-0.00339434764489165,0.0206464476173958,1.38777878078145E-17));
#1785=CARTESIAN_POINT('',(-0.00611172952034707,0.0182329916452116,0.0127));
#1786=CARTESIAN_POINT('',(-0.00611172952034707,0.0182329916452116,6.93889390390723E-18));
#1787=CARTESIAN_POINT('',(-0.00868074541393066,0.0157695708249036,0.0127));
#1788=CARTESIAN_POINT('',(-0.00868074541393066,0.0157695708249036,1.56125112837913E-17));
#1789=CARTESIAN_POINT('',(-0.0104051122713332,0.0139398835232982,0.0127));
#1790=CARTESIAN_POINT('',(-0.0104051122713332,0.0139398835232982,1.21430643318376E-17));
#1791=CARTESIAN_POINT('',(-0.0112781148883019,0.012854480955177,0.0127));
#1792=CARTESIAN_POINT('',(-0.0112781148883019,0.012854480955177,1.21430643318376E-17));
#1793=CARTESIAN_POINT('',(-0.0116815801290275,0.0122649213208862,0.0127));
#1794=CARTESIAN_POINT('',(-0.0116815801290275,0.0122649213208862,1.38777878078145E-17));
#1795=CARTESIAN_POINT('',(-0.0118678563853528,0.0119292888177057,0.0127));
#1796=CARTESIAN_POINT('',(-0.0118678563853528,0.0119292888177057,1.21430643318376E-17));
#1797=CARTESIAN_POINT('',(-0.0119457276903683,0.0117594842856069,0.0127));
#1798=CARTESIAN_POINT('',(-0.0119457276903683,0.0117594842856069,1.38777878078145E-17));
#1799=CARTESIAN_POINT('',(0.00640239921672624,0.0122278991231452,0.));
#1800=CARTESIAN_POINT('',(0.00638897864771583,0.0122710262197143,0.));
#1801=CARTESIAN_POINT('',(0.00634314797812149,0.012461878496097,0.));
#1802=CARTESIAN_POINT('',(0.00630469835057872,0.012935219598554,0.));
#1803=CARTESIAN_POINT('',(0.00631533953784788,0.0135395673927084,0.));
#1804=CARTESIAN_POINT('',(0.00638143355988739,0.0142264574132197,0.));
#1805=CARTESIAN_POINT('',(0.00648192939093334,0.0148361918565984,0.));
#1806=CARTESIAN_POINT('',(0.00658781413649331,0.015329309382633,0.));
#1807=CARTESIAN_POINT('',(0.00667913344529012,0.0156975182013641,0.));
#1808=CARTESIAN_POINT('',(0.00678215209064777,0.0160609131444142,0.));
#1809=CARTESIAN_POINT('',(0.00694064689996381,0.0165685412730764,0.));
#1810=CARTESIAN_POINT('',(0.00716544149856968,0.0172321007278077,0.));
#1811=CARTESIAN_POINT('',(0.00744298935534418,0.0180755409679479,0.));
#1812=CARTESIAN_POINT('',(0.00764554104095025,0.0188302311222097,0.));
#1813=CARTESIAN_POINT('',(0.00775821075429186,0.0194859428109754,0.));
#1814=CARTESIAN_POINT('',(0.00780471221387745,0.020010480139616,0.));
#1815=CARTESIAN_POINT('',(0.00779649793054335,0.0204796319797815,0.));
#1816=CARTESIAN_POINT('',(0.00775003553285358,0.0208713388690805,0.));
#1817=CARTESIAN_POINT('',(0.0076910789006288,0.0211748879350856,0.));
#1818=CARTESIAN_POINT('',(0.00760905820294144,0.0214704777251781,0.));
#1819=CARTESIAN_POINT('',(0.00747459452687081,0.0218442842601614,0.));
#1820=CARTESIAN_POINT('',(0.00726486814447678,0.0222748727692678,0.));
#1821=CARTESIAN_POINT('',(0.00696518009640866,0.0227310183635158,0.));
#1822=CARTESIAN_POINT('',(0.0065196074382438,0.0232638991401589,0.));
#1823=CARTESIAN_POINT('',(0.00602531126383483,0.023694235021433,0.));
#1824=CARTESIAN_POINT('',(0.00550184998570783,0.0240387285411472,0.));
#1825=CARTESIAN_POINT('',(0.00509367941719283,0.0242561756512512,0.));
#1826=CARTESIAN_POINT('',(0.00467256924362663,0.0244333494435951,0.));
#1827=CARTESIAN_POINT('',(0.00418644079069124,0.0245770749387902,0.));
#1828=CARTESIAN_POINT('',(0.00364877731898819,0.0246558647792734,0.));
#1829=CARTESIAN_POINT('',(0.0030900739638587,0.0246509904146172,0.));
#1830=CARTESIAN_POINT('',(0.00254588623021438,0.0245642858352109,0.));
#1831=CARTESIAN_POINT('',(0.00186225943073283,0.0243615789676133,0.));
#1832=CARTESIAN_POINT('',(0.00107958937213282,0.0239893226530582,0.));
#1833=CARTESIAN_POINT('',(0.000131645298495213,0.0233917815834364,0.));
#1834=CARTESIAN_POINT('',(-0.00094086565878038,0.0226124985985749,0.));
#1835=CARTESIAN_POINT('',(-0.00213570180716392,0.0216708187831321,0.));
#1836=CARTESIAN_POINT('',(-0.00341973170967192,0.0206006646110742,0.));
#1837=CARTESIAN_POINT('',(-0.00475319034838737,0.0194395569170305,0.));
#1838=CARTESIAN_POINT('',(-0.00653994039565358,0.0178223009223457,0.));
#1839=CARTESIAN_POINT('',(-0.00825167811729684,0.0161816359217491,0.));
#1840=CARTESIAN_POINT('',(-0.00971692660525857,0.0146691724102544,0.));
#1841=CARTESIAN_POINT('',(-0.0104979784873832,0.0138036018279275,0.));
#1842=CARTESIAN_POINT('',(-0.0110284341207133,0.0131648101800425,0.));
#1843=CARTESIAN_POINT('',(-0.0113201607979838,0.0127843928072354,0.));
#1844=CARTESIAN_POINT('',(-0.0115311189855507,0.0124840716519399,0.));
#1845=CARTESIAN_POINT('',(-0.0116792530055373,0.0122560710051861,0.));
#1846=CARTESIAN_POINT('',(-0.0118181652204091,0.0120198932235805,0.));
#1847=CARTESIAN_POINT('',(-0.0119067920378605,0.0118443865516564,0.));
#1848=CARTESIAN_POINT('',(-0.0119457276903683,0.0117594842856069,0.));
#1849=CARTESIAN_POINT('',(0.00640239921672624,0.0122278991231452,0.0127));
#1850=CARTESIAN_POINT('',(0.00638897864771583,0.0122710262197143,0.0127));
#1851=CARTESIAN_POINT('',(0.00634314797812149,0.012461878496097,0.0127));
#1852=CARTESIAN_POINT('',(0.00630469835057872,0.012935219598554,0.0127));
#1853=CARTESIAN_POINT('',(0.00631533953784788,0.0135395673927084,0.0127));
#1854=CARTESIAN_POINT('',(0.00638143355988739,0.0142264574132197,0.0127));
#1855=CARTESIAN_POINT('',(0.00648192939093334,0.0148361918565984,0.0127));
#1856=CARTESIAN_POINT('',(0.00658781413649331,0.015329309382633,0.0127));
#1857=CARTESIAN_POINT('',(0.00667913344529012,0.0156975182013641,0.0127));
#1858=CARTESIAN_POINT('',(0.00678215209064777,0.0160609131444142,0.0127));
#1859=CARTESIAN_POINT('',(0.00694064689996381,0.0165685412730764,0.0127));
#1860=CARTESIAN_POINT('',(0.00716544149856968,0.0172321007278077,0.0127));
#1861=CARTESIAN_POINT('',(0.00744298935534418,0.0180755409679479,0.0127));
#1862=CARTESIAN_POINT('',(0.00764554104095025,0.0188302311222097,0.0127));
#1863=CARTESIAN_POINT('',(0.00775821075429186,0.0194859428109754,0.0127));
#1864=CARTESIAN_POINT('',(0.00780471221387745,0.020010480139616,0.0127));
#1865=CARTESIAN_POINT('',(0.00779649793054335,0.0204796319797815,0.0127));
#1866=CARTESIAN_POINT('',(0.00775003553285358,0.0208713388690805,0.0127));
#1867=CARTESIAN_POINT('',(0.0076910789006288,0.0211748879350856,0.0127));
#1868=CARTESIAN_POINT('',(0.00760905820294144,0.0214704777251781,0.0127));
#1869=CARTESIAN_POINT('',(0.00747459452687081,0.0218442842601614,0.0127));
#1870=CARTESIAN_POINT('',(0.00726486814447678,0.0222748727692678,0.0127));
#1871=CARTESIAN_POINT('',(0.00696518009640866,0.0227310183635158,0.0127));
#1872=CARTESIAN_POINT('',(0.0065196074382438,0.0232638991401589,0.0127));
#1873=CARTESIAN_POINT('',(0.00602531126383483,0.023694235021433,0.0127));
#1874=CARTESIAN_POINT('',(0.00550184998570783,0.0240387285411472,0.0127));
#1875=CARTESIAN_POINT('',(0.00509367941719283,0.0242561756512512,0.0127));
#1876=CARTESIAN_POINT('',(0.00467256924362663,0.0244333494435951,0.0127));
#1877=CARTESIAN_POINT('',(0.00418644079069124,0.0245770749387902,0.0127));
#1878=CARTESIAN_POINT('',(0.00364877731898819,0.0246558647792734,0.0127));
#1879=CARTESIAN_POINT('',(0.0030900739638587,0.0246509904146172,0.0127));
#1880=CARTESIAN_POINT('',(0.00254588623021438,0.0245642858352109,0.0127));
#1881=CARTESIAN_POINT('',(0.00186225943073283,0.0243615789676133,0.0127));
#1882=CARTESIAN_POINT('',(0.00107958937213282,0.0239893226530582,0.0127));
#1883=CARTESIAN_POINT('',(0.000131645298495213,0.0233917815834364,0.0127));
#1884=CARTESIAN_POINT('',(-0.00094086565878038,0.0226124985985749,0.0127));
#1885=CARTESIAN_POINT('',(-0.00213570180716392,0.0216708187831321,0.0127));
#1886=CARTESIAN_POINT('',(-0.00341973170967192,0.0206006646110742,0.0127));
#1887=CARTESIAN_POINT('',(-0.00475319034838737,0.0194395569170305,0.0127));
#1888=CARTESIAN_POINT('',(-0.00653994039565358,0.0178223009223457,0.0127));
#1889=CARTESIAN_POINT('',(-0.00825167811729684,0.0161816359217491,0.0127));
#1890=CARTESIAN_POINT('',(-0.00971692660525857,0.0146691724102544,0.0127));
#1891=CARTESIAN_POINT('',(-0.0104979784873832,0.0138036018279275,0.0127));
#1892=CARTESIAN_POINT('',(-0.0110284341207133,0.0131648101800425,0.0127));
#1893=CARTESIAN_POINT('',(-0.0113201607979838,0.0127843928072354,0.0127));
#1894=CARTESIAN_POINT('',(-0.0115311189855507,0.0124840716519399,0.0127));
#1895=CARTESIAN_POINT('',(-0.0116792530055373,0.0122560710051861,0.0127));
#1896=CARTESIAN_POINT('',(-0.0118181652204091,0.0120198932235805,0.0127));
#1897=CARTESIAN_POINT('',(-0.0119067920378605,0.0118443865516564,0.0127));
#1898=CARTESIAN_POINT('',(-0.0119457276903683,0.0117594842856069,0.0127));
#1899=CARTESIAN_POINT('',(0.0446648499405316,-0.00152094104411432,0.0127));
#1900=CARTESIAN_POINT('',(0.0446648499405316,-0.00152094104411432,1.73472347597681E-17));
#1901=CARTESIAN_POINT('',(0.0440699908973491,-0.000195216266995487,0.0127));
#1902=CARTESIAN_POINT('',(0.0440699908973491,-0.000195216266995487,1.73472347597681E-17));
#1903=CARTESIAN_POINT('',(0.0537921184225757,0.0185619671939304,0.0127));
#1904=CARTESIAN_POINT('',(0.0537921184225757,0.0185619671939304,1.73472347597681E-17));
#1905=CARTESIAN_POINT('',(0.0452691038463957,0.0213532157616184,0.0127));
#1906=CARTESIAN_POINT('',(0.0452691038463957,0.0213532157616184,1.73472347597681E-17));
#1907=CARTESIAN_POINT('',(0.0336112394264257,0.00607388081098827,0.0127));
#1908=CARTESIAN_POINT('',(0.0336112394264257,0.00607388081098827,1.73472347597681E-17));
#1909=CARTESIAN_POINT('',(0.0315747670646796,0.00661787977817358,0.0127));
#1910=CARTESIAN_POINT('',(0.0315747670646796,0.00661787977817358,1.73472347597681E-17));
#1911=CARTESIAN_POINT('',(0.0284998602715552,0.00567597614116093,0.0127));
#1912=CARTESIAN_POINT('',(0.0284998602715552,0.00567597614116093,1.73472347597681E-17));
#1913=CARTESIAN_POINT('',(0.0244856841507145,0.00504528989109215,0.0127));
#1914=CARTESIAN_POINT('',(0.0244856841507145,0.00504528989109215,1.73472347597681E-17));
#1915=CARTESIAN_POINT('',(0.0235656536961841,0.00855709401769043,0.0127));
#1916=CARTESIAN_POINT('',(0.0235656536961841,0.00855709401769043,1.73472347597681E-17));
#1917=CARTESIAN_POINT('',(0.0202477736516487,0.00846683643315285,0.0127));
#1918=CARTESIAN_POINT('',(0.0202477736516487,0.00846683643315285,1.73472347597681E-17));
#1919=CARTESIAN_POINT('',(0.0187275347119126,0.0065167474241404,0.0127));
#1920=CARTESIAN_POINT('',(0.0187275347119126,0.0065167474241404,1.73472347597681E-17));
#1921=CARTESIAN_POINT('',(0.00610631505100112,0.00959805035434823,0.0127));
#1922=CARTESIAN_POINT('',(0.00610631505100112,0.00959805035434823,1.73472347597681E-17));
#1923=CARTESIAN_POINT('',(0.00405788369115765,0.0115146765073378,0.0127));
#1924=CARTESIAN_POINT('',(0.00405788369115765,0.0115146765073378,1.73472347597681E-17));
#1925=CARTESIAN_POINT('',(0.0044717167027169,0.0164500972438612,0.0127));
#1926=CARTESIAN_POINT('',(0.0044717167027169,0.0164500972438612,1.73472347597681E-17));
#1927=CARTESIAN_POINT('',(0.00656879488749761,0.0206649075962531,0.0127));
#1928=CARTESIAN_POINT('',(0.00656879488749761,0.0206649075962531,1.73472347597681E-17));
#1929=CARTESIAN_POINT('',(0.00396899402915552,0.0229383318116558,0.0127));
#1930=CARTESIAN_POINT('',(0.00396899402915552,0.0229383318116558,1.73472347597681E-17));
#1931=CARTESIAN_POINT('',(0.00108575232547045,0.0223644872199571,0.0127));
#1932=CARTESIAN_POINT('',(0.00108575232547045,0.0223644872199571,1.73472347597681E-17));
#1933=CARTESIAN_POINT('',(-0.0108474135999657,0.0113151997708485,0.0127));
#1934=CARTESIAN_POINT('',(-0.0108474135999657,0.0113151997708485,1.73472347597681E-17));
#1935=CARTESIAN_POINT('',(-0.00967567527121875,0.00953274222411253,0.0127));
#1936=CARTESIAN_POINT('',(-0.00967567527121875,0.00953274222411253,1.73472347597681E-17));
#1937=CARTESIAN_POINT('',(-0.0275827003658928,0.00821946875736583,0.0127));
#1938=CARTESIAN_POINT('',(-0.0275827003658928,0.00821946875736583,1.73472347597681E-17));
#1939=CARTESIAN_POINT('',(-0.0392779204832207,0.00346784900500795,0.0127));
#1940=CARTESIAN_POINT('',(-0.0392779204832207,0.00346784900500795,1.73472347597681E-17));
#1941=CARTESIAN_POINT('',(-0.0410105794756422,0.00126805774462258,0.0127));
#1942=CARTESIAN_POINT('',(-0.0410105794756422,0.00126805774462258,1.73472347597681E-17));
#1943=CARTESIAN_POINT('',(-0.0414693650953844,-0.000952744168852217,0.0127));
#1944=CARTESIAN_POINT('',(-0.0414693650953844,-0.000952744168852217,1.73472347597681E-17));
#1945=CARTESIAN_POINT('',(-0.0401477332979423,-0.00264709973296499,0.0127));
#1946=CARTESIAN_POINT('',(-0.0401477332979423,-0.00264709973296499,1.73472347597681E-17));
#1947=CARTESIAN_POINT('',(-0.0366820961861642,-0.00467309963763767,0.0127));
#1948=CARTESIAN_POINT('',(-0.0366820961861642,-0.00467309963763767,1.73472347597681E-17));
#1949=CARTESIAN_POINT('',(-0.0344616789163072,-0.00752094174526776,0.0127));
#1950=CARTESIAN_POINT('',(-0.0344616789163072,-0.00752094174526776,1.73472347597681E-17));
#1951=CARTESIAN_POINT('',(-0.0253814771658452,-0.0109828615561037,0.0127));
#1952=CARTESIAN_POINT('',(-0.0253814771658452,-0.0109828615561037,1.73472347597681E-17));
#1953=CARTESIAN_POINT('',(-0.0170867115963289,-0.0116964510863492,0.0127));
#1954=CARTESIAN_POINT('',(-0.0170867115963289,-0.0116964510863492,1.73472347597681E-17));
#1955=CARTESIAN_POINT('',(-0.0151341776146319,-0.0119740359648001,0.0127));
#1956=CARTESIAN_POINT('',(-0.0151341776146319,-0.0119740359648001,1.73472347597681E-17));
#1957=CARTESIAN_POINT('',(-0.0148978059078077,-0.0138575130561546,0.0127));
#1958=CARTESIAN_POINT('',(-0.0148978059078077,-0.0138575130561546,1.73472347597681E-17));
#1959=CARTESIAN_POINT('',(-0.0114884429999568,-0.0200583042421619,0.0127));
#1960=CARTESIAN_POINT('',(-0.0114884429999568,-0.0200583042421619,1.73472347597681E-17));
#1961=CARTESIAN_POINT('',(-0.00780962504921389,-0.0236821104115717,0.0127));
#1962=CARTESIAN_POINT('',(-0.00780962504921389,-0.0236821104115717,1.73472347597681E-17));
#1963=CARTESIAN_POINT('',(-0.00540203601540956,-0.0247056790215648,0.0127));
#1964=CARTESIAN_POINT('',(-0.00540203601540956,-0.0247056790215648,1.73472347597681E-17));
#1965=CARTESIAN_POINT('',(-0.00404202567349617,-0.0231445909305104,0.0127));
#1966=CARTESIAN_POINT('',(-0.00404202567349617,-0.0231445909305104,1.73472347597681E-17));
#1967=CARTESIAN_POINT('',(-0.00385251172892457,-0.021704135314207,0.0127));
#1968=CARTESIAN_POINT('',(-0.00385251172892457,-0.021704135314207,1.73472347597681E-17));
#1969=CARTESIAN_POINT('',(-0.00425386484097596,-0.0148544632231801,0.0127));
#1970=CARTESIAN_POINT('',(-0.00425386484097596,-0.0148544632231801,1.73472347597681E-17));
#1971=CARTESIAN_POINT('',(-0.0035486448918003,-0.0124921066294388,0.0127));
#1972=CARTESIAN_POINT('',(-0.0035486448918003,-0.0124921066294388,1.73472347597681E-17));
#1973=CARTESIAN_POINT('',(-0.000675327941522804,-0.0124480434821546,0.0127));
#1974=CARTESIAN_POINT('',(-0.000675327941522804,-0.0124480434821546,1.73472347597681E-17));
#1975=CARTESIAN_POINT('',(0.00843934679791509,-0.0116142399004623,0.0127));
#1976=CARTESIAN_POINT('',(0.00843934679791509,-0.0116142399004623,1.73472347597681E-17));
#1977=CARTESIAN_POINT('',(0.0107087410642645,-0.0133100780541726,0.0127));
#1978=CARTESIAN_POINT('',(0.0107087410642645,-0.0133100780541726,1.73472347597681E-17));
#1979=CARTESIAN_POINT('',(0.01539696316037,-0.0151948934543078,0.0127));
#1980=CARTESIAN_POINT('',(0.01539696316037,-0.0151948934543078,1.73472347597681E-17));
#1981=CARTESIAN_POINT('',(0.0195651371711537,-0.0161884455942883,0.0127));
#1982=CARTESIAN_POINT('',(0.0195651371711537,-0.0161884455942883,1.73472347597681E-17));
#1983=CARTESIAN_POINT('',(0.0212382621064617,-0.0147767644797357,0.0127));
#1984=CARTESIAN_POINT('',(0.0212382621064617,-0.0147767644797357,1.73472347597681E-17));
#1985=CARTESIAN_POINT('',(0.0216891473780306,-0.013231743559613,0.0127));
#1986=CARTESIAN_POINT('',(0.0216891473780306,-0.013231743559613,1.73472347597681E-17));
#1987=CARTESIAN_POINT('',(0.0203102526175174,-0.0120145584533127,0.0127));
#1988=CARTESIAN_POINT('',(0.0203102526175174,-0.0120145584533127,1.73472347597681E-17));
#1989=CARTESIAN_POINT('',(0.0197070160580223,-0.00994565882430094,0.0127));
#1990=CARTESIAN_POINT('',(0.0197070160580223,-0.00994565882430094,1.73472347597681E-17));
#1991=CARTESIAN_POINT('',(0.0212364248797643,-0.00907559974333146,0.0127));
#1992=CARTESIAN_POINT('',(0.0212364248797643,-0.00907559974333146,1.73472347597681E-17));
#1993=CARTESIAN_POINT('',(0.0238499865400418,-0.00918428856791779,0.0127));
#1994=CARTESIAN_POINT('',(0.0238499865400418,-0.00918428856791779,1.73472347597681E-17));
#1995=CARTESIAN_POINT('',(0.0284996738766282,-0.00931891458309529,0.0127));
#1996=CARTESIAN_POINT('',(0.0284996738766282,-0.00931891458309529,1.73472347597681E-17));
#1997=CARTESIAN_POINT('',(0.0303472408888411,-0.00796721406085413,0.0127));
#1998=CARTESIAN_POINT('',(0.0303472408888411,-0.00796721406085413,1.73472347597681E-17));
#1999=CARTESIAN_POINT('',(0.0313760535981032,-0.006641476626039,0.0127));
#2000=CARTESIAN_POINT('',(0.0313760535981032,-0.006641476626039,1.73472347597681E-17));
#2001=CARTESIAN_POINT('',(0.0334843647830341,-0.00582456284533726,0.0127));
#2002=CARTESIAN_POINT('',(0.0334843647830341,-0.00582456284533726,1.73472347597681E-17));
#2003=CARTESIAN_POINT('',(0.0357058137460158,-0.00791389722208966,0.0127));
#2004=CARTESIAN_POINT('',(0.0357058137460158,-0.00791389722208966,1.73472347597681E-17));
#2005=CARTESIAN_POINT('',(0.0395507630441637,-0.0104923927448637,0.0127));
#2006=CARTESIAN_POINT('',(0.0395507630441637,-0.0104923927448637,1.73472347597681E-17));
#2007=CARTESIAN_POINT('',(0.0441767986707953,-0.0136620002335897,0.0127));
#2008=CARTESIAN_POINT('',(0.0441767986707953,-0.0136620002335897,1.73472347597681E-17));
#2009=CARTESIAN_POINT('',(0.0486592941979731,-0.0140894947044556,0.0127));
#2010=CARTESIAN_POINT('',(0.0486592941979731,-0.0140894947044556,1.73472347597681E-17));
#2011=CARTESIAN_POINT('',(0.0511048401001631,-0.0130512920489882,0.0127));
#2012=CARTESIAN_POINT('',(0.0511048401001631,-0.0130512920489882,1.73472347597681E-17));
#2013=CARTESIAN_POINT('',(0.0504390862585371,-0.00985464399113744,0.0127));
#2014=CARTESIAN_POINT('',(0.0504390862585371,-0.00985464399113744,1.73472347597681E-17));
#2015=CARTESIAN_POINT('',(0.0488784589339292,-0.00730187365386148,0.0127));
#2016=CARTESIAN_POINT('',(0.0488784589339292,-0.00730187365386148,1.73472347597681E-17));
#2017=CARTESIAN_POINT('',(0.0446648499405316,-0.00152094104411432,0.0127));
#2018=CARTESIAN_POINT('',(0.0446648499405316,-0.00152094104411432,1.73472347597681E-17));
#2019=CARTESIAN_POINT('',(0.0440699908973491,-0.000195216266995487,0.0127));
#2020=CARTESIAN_POINT('',(0.0440699908973491,-0.000195216266995487,1.73472347597681E-17));
#2021=CARTESIAN_POINT('',(0.0537921184225757,0.0185619671939304,0.0127));
#2022=CARTESIAN_POINT('',(0.0537921184225757,0.0185619671939304,1.73472347597681E-17));
#2023=CARTESIAN_POINT('',(0.0446648499405316,-0.00152094104411432,0.0127));
#2024=CARTESIAN_POINT('',(0.0440699908973491,-0.000195216266995487,0.0127));
#2025=CARTESIAN_POINT('',(0.0537921184225757,0.0185619671939304,0.0127));
#2026=CARTESIAN_POINT('',(0.0452691038463957,0.0213532157616184,0.0127));
#2027=CARTESIAN_POINT('',(0.0336112394264257,0.00607388081098827,0.0127));
#2028=CARTESIAN_POINT('',(0.0315747670646796,0.00661787977817358,0.0127));
#2029=CARTESIAN_POINT('',(0.0284998602715552,0.00567597614116093,0.0127));
#2030=CARTESIAN_POINT('',(0.0244856841507145,0.00504528989109215,0.0127));
#2031=CARTESIAN_POINT('',(0.0235656536961841,0.00855709401769043,0.0127));
#2032=CARTESIAN_POINT('',(0.0202477736516487,0.00846683643315285,0.0127));
#2033=CARTESIAN_POINT('',(0.0187275347119126,0.0065167474241404,0.0127));
#2034=CARTESIAN_POINT('',(0.00610631505100112,0.00959805035434823,0.0127));
#2035=CARTESIAN_POINT('',(0.00405788369115765,0.0115146765073378,0.0127));
#2036=CARTESIAN_POINT('',(0.0044717167027169,0.0164500972438612,0.0127));
#2037=CARTESIAN_POINT('',(0.00656879488749761,0.0206649075962531,0.0127));
#2038=CARTESIAN_POINT('',(0.00396899402915552,0.0229383318116558,0.0127));
#2039=CARTESIAN_POINT('',(0.00108575232547045,0.0223644872199571,0.0127));
#2040=CARTESIAN_POINT('',(-0.0108474135999657,0.0113151997708485,0.0127));
#2041=CARTESIAN_POINT('',(-0.00967567527121875,0.00953274222411253,0.0127));
#2042=CARTESIAN_POINT('',(-0.0275827003658928,0.00821946875736583,0.0127));
#2043=CARTESIAN_POINT('',(-0.0392779204832207,0.00346784900500795,0.0127));
#2044=CARTESIAN_POINT('',(-0.0410105794756422,0.00126805774462258,0.0127));
#2045=CARTESIAN_POINT('',(-0.0414693650953844,-0.000952744168852217,0.0127));
#2046=CARTESIAN_POINT('',(-0.0401477332979423,-0.00264709973296499,0.0127));
#2047=CARTESIAN_POINT('',(-0.0366820961861642,-0.00467309963763767,0.0127));
#2048=CARTESIAN_POINT('',(-0.0344616789163072,-0.00752094174526776,0.0127));
#2049=CARTESIAN_POINT('',(-0.0253814771658452,-0.0109828615561037,0.0127));
#2050=CARTESIAN_POINT('',(-0.0170867115963289,-0.0116964510863492,0.0127));
#2051=CARTESIAN_POINT('',(-0.0151341776146319,-0.0119740359648001,0.0127));
#2052=CARTESIAN_POINT('',(-0.0148978059078077,-0.0138575130561546,0.0127));
#2053=CARTESIAN_POINT('',(-0.0114884429999568,-0.0200583042421619,0.0127));
#2054=CARTESIAN_POINT('',(-0.00780962504921389,-0.0236821104115717,0.0127));
#2055=CARTESIAN_POINT('',(-0.00540203601540956,-0.0247056790215648,0.0127));
#2056=CARTESIAN_POINT('',(-0.00404202567349617,-0.0231445909305104,0.0127));
#2057=CARTESIAN_POINT('',(-0.00385251172892457,-0.021704135314207,0.0127));
#2058=CARTESIAN_POINT('',(-0.00425386484097596,-0.0148544632231801,0.0127));
#2059=CARTESIAN_POINT('',(-0.0035486448918003,-0.0124921066294388,0.0127));
#2060=CARTESIAN_POINT('',(-0.000675327941522804,-0.0124480434821546,0.0127));
#2061=CARTESIAN_POINT('',(0.00843934679791509,-0.0116142399004623,0.0127));
#2062=CARTESIAN_POINT('',(0.0107087410642645,-0.0133100780541726,0.0127));
#2063=CARTESIAN_POINT('',(0.01539696316037,-0.0151948934543078,0.0127));
#2064=CARTESIAN_POINT('',(0.0195651371711537,-0.0161884455942883,0.0127));
#2065=CARTESIAN_POINT('',(0.0212382621064617,-0.0147767644797357,0.0127));
#2066=CARTESIAN_POINT('',(0.0216891473780306,-0.013231743559613,0.0127));
#2067=CARTESIAN_POINT('',(0.0203102526175174,-0.0120145584533127,0.0127));
#2068=CARTESIAN_POINT('',(0.0197070160580223,-0.00994565882430094,0.0127));
#2069=CARTESIAN_POINT('',(0.0212364248797643,-0.00907559974333146,0.0127));
#2070=CARTESIAN_POINT('',(0.0238499865400418,-0.00918428856791779,0.0127));
#2071=CARTESIAN_POINT('',(0.0284996738766282,-0.00931891458309529,0.0127));
#2072=CARTESIAN_POINT('',(0.0303472408888411,-0.00796721406085413,0.0127));
#2073=CARTESIAN_POINT('',(0.0313760535981032,-0.006641476626039,0.0127));
#2074=CARTESIAN_POINT('',(0.0334843647830341,-0.00582456284533726,0.0127));
#2075=CARTESIAN_POINT('',(0.0357058137460158,-0.00791389722208966,0.0127));
#2076=CARTESIAN_POINT('',(0.0395507630441637,-0.0104923927448637,0.0127));
#2077=CARTESIAN_POINT('',(0.0441767986707953,-0.0136620002335897,0.0127));
#2078=CARTESIAN_POINT('',(0.0486592941979731,-0.0140894947044556,0.0127));
#2079=CARTESIAN_POINT('',(0.0511048401001631,-0.0130512920489882,0.0127));
#2080=CARTESIAN_POINT('',(0.0504390862585371,-0.00985464399113744,0.0127));
#2081=CARTESIAN_POINT('',(0.0488784589339292,-0.00730187365386148,0.0127));
#2082=CARTESIAN_POINT('',(0.0446648499405316,-0.00152094104411432,0.0127));
#2083=CARTESIAN_POINT('',(0.0440699908973491,-0.000195216266995487,0.0127));
#2084=CARTESIAN_POINT('',(0.0537921184225757,0.0185619671939304,0.0127));
#2085=CARTESIAN_POINT('',(0.0446897241503097,4.33680868994202E-19,0.0127));
#2086=CARTESIAN_POINT('',(0.0446648499405316,-0.00152094104411432,0.));
#2087=CARTESIAN_POINT('',(0.0440699908973491,-0.000195216266995487,0.));
#2088=CARTESIAN_POINT('',(0.0537921184225757,0.0185619671939304,0.));
#2089=CARTESIAN_POINT('',(0.0452691038463957,0.0213532157616184,0.));
#2090=CARTESIAN_POINT('',(0.0336112394264257,0.00607388081098827,0.));
#2091=CARTESIAN_POINT('',(0.0315747670646796,0.00661787977817358,0.));
#2092=CARTESIAN_POINT('',(0.0284998602715552,0.00567597614116093,0.));
#2093=CARTESIAN_POINT('',(0.0244856841507145,0.00504528989109215,0.));
#2094=CARTESIAN_POINT('',(0.0235656536961841,0.00855709401769043,0.));
#2095=CARTESIAN_POINT('',(0.0202477736516487,0.00846683643315285,0.));
#2096=CARTESIAN_POINT('',(0.0187275347119126,0.0065167474241404,0.));
#2097=CARTESIAN_POINT('',(0.00610631505100112,0.00959805035434823,0.));
#2098=CARTESIAN_POINT('',(0.00405788369115765,0.0115146765073378,0.));
#2099=CARTESIAN_POINT('',(0.0044717167027169,0.0164500972438612,0.));
#2100=CARTESIAN_POINT('',(0.00656879488749761,0.0206649075962531,0.));
#2101=CARTESIAN_POINT('',(0.00396899402915552,0.0229383318116558,0.));
#2102=CARTESIAN_POINT('',(0.00108575232547045,0.0223644872199571,0.));
#2103=CARTESIAN_POINT('',(-0.0108474135999657,0.0113151997708485,0.));
#2104=CARTESIAN_POINT('',(-0.00967567527121875,0.00953274222411253,0.));
#2105=CARTESIAN_POINT('',(-0.0275827003658928,0.00821946875736583,0.));
#2106=CARTESIAN_POINT('',(-0.0392779204832207,0.00346784900500795,0.));
#2107=CARTESIAN_POINT('',(-0.0410105794756422,0.00126805774462258,0.));
#2108=CARTESIAN_POINT('',(-0.0414693650953844,-0.000952744168852217,0.));
#2109=CARTESIAN_POINT('',(-0.0401477332979423,-0.00264709973296499,0.));
#2110=CARTESIAN_POINT('',(-0.0366820961861642,-0.00467309963763767,0.));
#2111=CARTESIAN_POINT('',(-0.0344616789163072,-0.00752094174526776,0.));
#2112=CARTESIAN_POINT('',(-0.0253814771658452,-0.0109828615561037,0.));
#2113=CARTESIAN_POINT('',(-0.0170867115963289,-0.0116964510863492,0.));
#2114=CARTESIAN_POINT('',(-0.0151341776146319,-0.0119740359648001,0.));
#2115=CARTESIAN_POINT('',(-0.0148978059078077,-0.0138575130561546,0.));
#2116=CARTESIAN_POINT('',(-0.0114884429999568,-0.0200583042421619,0.));
#2117=CARTESIAN_POINT('',(-0.00780962504921389,-0.0236821104115717,0.));
#2118=CARTESIAN_POINT('',(-0.00540203601540956,-0.0247056790215648,0.));
#2119=CARTESIAN_POINT('',(-0.00404202567349617,-0.0231445909305104,0.));
#2120=CARTESIAN_POINT('',(-0.00385251172892457,-0.021704135314207,0.));
#2121=CARTESIAN_POINT('',(-0.00425386484097596,-0.0148544632231801,0.));
#2122=CARTESIAN_POINT('',(-0.0035486448918003,-0.0124921066294388,0.));
#2123=CARTESIAN_POINT('',(-0.000675327941522804,-0.0124480434821546,0.));
#2124=CARTESIAN_POINT('',(0.00843934679791509,-0.0116142399004623,0.));
#2125=CARTESIAN_POINT('',(0.0107087410642645,-0.0133100780541726,0.));
#2126=CARTESIAN_POINT('',(0.01539696316037,-0.0151948934543078,0.));
#2127=CARTESIAN_POINT('',(0.0195651371711537,-0.0161884455942883,0.));
#2128=CARTESIAN_POINT('',(0.0212382621064617,-0.0147767644797357,0.));
#2129=CARTESIAN_POINT('',(0.0216891473780306,-0.013231743559613,0.));
#2130=CARTESIAN_POINT('',(0.0203102526175174,-0.0120145584533127,0.));
#2131=CARTESIAN_POINT('',(0.0197070160580223,-0.00994565882430094,0.));
#2132=CARTESIAN_POINT('',(0.0212364248797643,-0.00907559974333146,0.));
#2133=CARTESIAN_POINT('',(0.0238499865400418,-0.00918428856791779,0.));
#2134=CARTESIAN_POINT('',(0.0284996738766282,-0.00931891458309529,0.));
#2135=CARTESIAN_POINT('',(0.0303472408888411,-0.00796721406085413,0.));
#2136=CARTESIAN_POINT('',(0.0313760535981032,-0.006641476626039,0.));
#2137=CARTESIAN_POINT('',(0.0334843647830341,-0.00582456284533726,0.));
#2138=CARTESIAN_POINT('',(0.0357058137460158,-0.00791389722208966,0.));
#2139=CARTESIAN_POINT('',(0.0395507630441637,-0.0104923927448637,0.));
#2140=CARTESIAN_POINT('',(0.0441767986707953,-0.0136620002335897,0.));
#2141=CARTESIAN_POINT('',(0.0486592941979731,-0.0140894947044556,0.));
#2142=CARTESIAN_POINT('',(0.0511048401001631,-0.0130512920489882,0.));
#2143=CARTESIAN_POINT('',(0.0504390862585371,-0.00985464399113744,0.));
#2144=CARTESIAN_POINT('',(0.0488784589339292,-0.00730187365386148,0.));
#2145=CARTESIAN_POINT('',(0.0446648499405316,-0.00152094104411432,0.));
#2146=CARTESIAN_POINT('',(0.0440699908973491,-0.000195216266995487,0.));
#2147=CARTESIAN_POINT('',(0.0537921184225757,0.0185619671939304,0.));
#2148=CARTESIAN_POINT('',(0.0446897241503097,4.33680868994202E-19,0.));
#2149=CARTESIAN_POINT('',(-0.0424903901216471,-0.00279579027911784,0.0127));
#2150=CARTESIAN_POINT('',(-0.0453142825332684,-0.00393474915222314,0.));
#2151=CARTESIAN_POINT('',(-0.0149152835569245,0.0163039652196135,0.));
#2152=CARTESIAN_POINT('',(-0.0156074428491159,0.0161984378607017,0.));
#2153=CARTESIAN_POINT('',(-0.0172490916653646,0.0159678664719251,0.));
#2154=CARTESIAN_POINT('',(-0.0201942261229004,0.0155682584280015,0.));
#2155=CARTESIAN_POINT('',(-0.0234281697553974,0.0150963048197664,0.));
#2156=CARTESIAN_POINT('',(-0.0262154641676549,0.0146248865209846,0.));
#2157=CARTESIAN_POINT('',(-0.0284405765746325,0.0141791989185352,0.));
#2158=CARTESIAN_POINT('',(-0.0300608638406506,0.0138135873916092,0.));
#2159=CARTESIAN_POINT('',(-0.0316139538706469,0.0134233729885861,0.));
#2160=CARTESIAN_POINT('',(-0.0335988642070836,0.0128737648119473,0.));
#2161=CARTESIAN_POINT('',(-0.0359113674396847,0.0121393508378183,0.));
#2162=CARTESIAN_POINT('',(-0.0384006043186498,0.0112029560917436,0.));
#2163=CARTESIAN_POINT('',(-0.0402379157773452,0.0103837525678144,0.));
#2164=CARTESIAN_POINT('',(-0.041582163478274,0.0096923914317982,0.));
#2165=CARTESIAN_POINT('',(-0.0423790032374003,0.00923616291608696,0.));
#2166=CARTESIAN_POINT('',(-0.0430014898482148,0.0088439886861787,0.));
#2167=CARTESIAN_POINT('',(-0.0434622590204823,0.00853283952690152,0.));
#2168=CARTESIAN_POINT('',(-0.0439280012137389,0.00819232881670274,0.));
#2169=CARTESIAN_POINT('',(-0.0443923688894691,0.00782081334730647,0.));
#2170=CARTESIAN_POINT('',(-0.0448580301339836,0.00740927353809433,0.));
#2171=CARTESIAN_POINT('',(-0.0453202494246663,0.00695187895406757,0.));
#2172=CARTESIAN_POINT('',(-0.0456873186584065,0.00654132241706848,0.));
#2173=CARTESIAN_POINT('',(-0.045968501175502,0.00619500440704869,0.));
#2174=CARTESIAN_POINT('',(-0.046242807903675,0.00583335495770252,0.));
#2175=CARTESIAN_POINT('',(-0.0465555533643667,0.00537452503208253,0.));
#2176=CARTESIAN_POINT('',(-0.0468301221144497,0.00491105729600937,0.));
#2177=CARTESIAN_POINT('',(-0.0470275542182972,0.00453970883419895,0.));
#2178=CARTESIAN_POINT('',(-0.0471602872630167,0.00427130027487478,0.));
#2179=CARTESIAN_POINT('',(-0.04728033556272,0.00401150193838348,0.));
#2180=CARTESIAN_POINT('',(-0.0473923252100776,0.00375165327493946,0.));
#2181=CARTESIAN_POINT('',(-0.0474936911934389,0.00349960241925572,0.));
#2182=CARTESIAN_POINT('',(-0.0476229134271761,0.00315542748417156,0.));
#2183=CARTESIAN_POINT('',(-0.0477720206063194,0.00270959169763661,0.));
#2184=CARTESIAN_POINT('',(-0.0479276944633544,0.00215317482244802,0.));
#2185=CARTESIAN_POINT('',(-0.0480382557220033,0.00165800032071146,0.));
#2186=CARTESIAN_POINT('',(-0.0481115102788631,0.0012452280874761,0.));
#2187=CARTESIAN_POINT('',(-0.0481737714219045,0.000822226306428035,0.));
#2188=CARTESIAN_POINT('',(-0.0482192507546978,0.000370631799457688,0.));
#2189=CARTESIAN_POINT('',(-0.0482414662212446,-0.000105852490746717,0.));
#2190=CARTESIAN_POINT('',(-0.0482464788781461,-0.000594406614159833,0.));
#2191=CARTESIAN_POINT('',(-0.0482222145613953,-0.00112001567899732,0.));
#2192=CARTESIAN_POINT('',(-0.0481590834113562,-0.00167340938213526,0.));
#2193=CARTESIAN_POINT('',(-0.0480901087023215,-0.00210276089319775,0.));
#2194=CARTESIAN_POINT('',(-0.0479960432848728,-0.00254547699547181,0.));
#2195=CARTESIAN_POINT('',(-0.0478822942966066,-0.00297449697747407,0.));
#2196=CARTESIAN_POINT('',(-0.0477460983582458,-0.0034019510329717,0.));
#2197=CARTESIAN_POINT('',(-0.0475407795616193,-0.00395073713156184,0.));
#2198=CARTESIAN_POINT('',(-0.0472414730567955,-0.00460086830764495,0.));
#2199=CARTESIAN_POINT('',(-0.0468420286747088,-0.00529612483387365,0.));
#2200=CARTESIAN_POINT('',(-0.0464141485554364,-0.00591835717882918,0.));
#2201=CARTESIAN_POINT('',(-0.0459751153342801,-0.00646489348469491,0.));
#2202=CARTESIAN_POINT('',(-0.0454043945489827,-0.0070896798466411,0.));
#2203=CARTESIAN_POINT('',(-0.0447144886320446,-0.00772910980981932,0.));
#2204=CARTESIAN_POINT('',(-0.0440932402195065,-0.00822450922697153,0.));
#2205=CARTESIAN_POINT('',(-0.0436416507500885,-0.00856163422505753,0.));
#2206=CARTESIAN_POINT('',(-0.0432129095548089,-0.00887021287189654,0.));
#2207=CARTESIAN_POINT('',(-0.0427256836282639,-0.00920743835224802,0.));
#2208=CARTESIAN_POINT('',(-0.0422158558062729,-0.00955540210851299,0.));
#2209=CARTESIAN_POINT('',(-0.041867593695065,-0.0097978043679714,0.));
#2210=CARTESIAN_POINT('',(-0.0416472010324554,-0.00995706383905785,0.));
#2211=CARTESIAN_POINT('',(-0.0415131951960471,-0.0100574715369712,0.));
#2212=CARTESIAN_POINT('',(-0.0414200617283794,-0.010130695330847,0.));
#2213=CARTESIAN_POINT('',(-0.0413626807941084,-0.0101782438183924,0.));
#2214=CARTESIAN_POINT('',(-0.0412754253212408,-0.0102541047363029,0.));
#2215=CARTESIAN_POINT('',(-0.0411653922473743,-0.010354063122329,0.));
#2216=CARTESIAN_POINT('',(-0.0410212887526761,-0.0104887552209003,0.));
#2217=CARTESIAN_POINT('',(-0.0407864952894499,-0.0107114114388271,0.));
#2218=CARTESIAN_POINT('',(-0.0403939979452845,-0.0110841429358536,0.));
#2219=CARTESIAN_POINT('',(-0.0398675592620873,-0.0115570773383381,0.));
#2220=CARTESIAN_POINT('',(-0.0393666488684603,-0.0119719607970442,0.));
#2221=CARTESIAN_POINT('',(-0.038954454502787,-0.0122935177388813,0.));
#2222=CARTESIAN_POINT('',(-0.0385048356391643,-0.0126216363342435,0.));
#2223=CARTESIAN_POINT('',(-0.0380207897515695,-0.0129493719911284,0.));
#2224=CARTESIAN_POINT('',(-0.0375301942409761,-0.0132581106383948,0.));
#2225=CARTESIAN_POINT('',(-0.0368711446485871,-0.0136458637066479,0.));
#2226=CARTESIAN_POINT('',(-0.0360393048258581,-0.0140921439235456,0.));
#2227=CARTESIAN_POINT('',(-0.0350078005011347,-0.014590431225585,0.));
#2228=CARTESIAN_POINT('',(-0.0335856984541184,-0.0152138224997454,0.));
#2229=CARTESIAN_POINT('',(-0.0317227876077177,-0.0159252891954908,0.));
#2230=CARTESIAN_POINT('',(-0.0293754340986137,-0.0166799025703522,0.));
#2231=CARTESIAN_POINT('',(-0.0273267866146743,-0.0172170139948268,0.));
#2232=CARTESIAN_POINT('',(-0.0257023615586333,-0.017573772411483,0.));
#2233=CARTESIAN_POINT('',(-0.0241036308616619,-0.017882815848494,0.));
#2234=CARTESIAN_POINT('',(-0.0222268110731714,-0.018180001089387,0.));
#2235=CARTESIAN_POINT('',(-0.0208825343841937,-0.0183520928412526,0.));
#2236=CARTESIAN_POINT('',(-0.0202657124594399,-0.0184252694502953,0.));
#2237=CARTESIAN_POINT('',(-0.0149152835569246,0.0163039652196134,0.));
#2238=CARTESIAN_POINT('',(-0.0202657124594399,-0.0184252694502953,0.));
#2239=CARTESIAN_POINT('',(-0.0202657124594399,-0.0184252694502954,0.));
#2240=CARTESIAN_POINT('',(-0.0199865835418103,-0.0189807295082944,0.));
#2241=CARTESIAN_POINT('',(-0.0193810676895385,-0.020109347694,0.));
#2242=CARTESIAN_POINT('',(-0.0185185276939353,-0.0215508993135875,0.));
#2243=CARTESIAN_POINT('',(-0.0177746300808581,-0.0226964418404916,0.));
#2244=CARTESIAN_POINT('',(-0.0171876495967158,-0.0235486875830582,0.));
#2245=CARTESIAN_POINT('',(-0.0165752815928971,-0.0243820160672131,0.));
#2246=CARTESIAN_POINT('',(-0.0157365250196703,-0.0254451567002001,0.));
#2247=CARTESIAN_POINT('',(-0.0146570896364572,-0.0266719235933215,0.));
#2248=CARTESIAN_POINT('',(-0.0135214227772765,-0.0277747719296302,0.));
#2249=CARTESIAN_POINT('',(-0.0125687595175893,-0.0285812195832276,0.));
#2250=CARTESIAN_POINT('',(-0.0119467985331992,-0.029055650702105,0.));
#2251=CARTESIAN_POINT('',(-0.0115002896202383,-0.0293679844928265,0.));
#2252=CARTESIAN_POINT('',(-0.0112346261618886,-0.0295450022299451,0.));
#2253=CARTESIAN_POINT('',(-0.0109644592817065,-0.0297190028466257,0.));
#2254=CARTESIAN_POINT('',(-0.0105941144311061,-0.0299449049442021,0.));
#2255=CARTESIAN_POINT('',(-0.0100982687447048,-0.0302185642178157,0.));
#2256=CARTESIAN_POINT('',(-0.0095545482449433,-0.0304854296613798,0.));
#2257=CARTESIAN_POINT('',(-0.00901451150742873,-0.0307111615019359,0.));
#2258=CARTESIAN_POINT('',(-0.00853820692105421,-0.0308780973836657,0.));
#2259=CARTESIAN_POINT('',(-0.00816077613566116,-0.0309934714632764,0.));
#2260=CARTESIAN_POINT('',(-0.00776125799419872,-0.0310974049713044,0.));
#2261=CARTESIAN_POINT('',(-0.00717837752856175,-0.0312201856480724,0.));
#2262=CARTESIAN_POINT('',(-0.0063743978319087,-0.0313269399659177,0.));
#2263=CARTESIAN_POINT('',(-0.00547385966822637,-0.0313380500372608,0.));
#2264=CARTESIAN_POINT('',(-0.00471019023202794,-0.0312681210665703,0.));
#2265=CARTESIAN_POINT('',(-0.00421722468093823,-0.0311875547251437,0.));
#2266=CARTESIAN_POINT('',(-0.00381424293388955,-0.0310977368560541,0.));
#2267=CARTESIAN_POINT('',(-0.00352255572610417,-0.0310211906812252,0.));
#2268=CARTESIAN_POINT('',(-0.00323234060595029,-0.0309337992533085,0.));
#2269=CARTESIAN_POINT('',(-0.0028491682255042,-0.0308024369681559,0.));
#2270=CARTESIAN_POINT('',(-0.00241277072712459,-0.0306253812058833,0.));
#2271=CARTESIAN_POINT('',(-0.00193244515142953,-0.0303935670559951,0.));
#2272=CARTESIAN_POINT('',(-0.00149284023474675,-0.0301469572345935,0.));
#2273=CARTESIAN_POINT('',(-0.000967979513572731,-0.0298128468494337,0.));
#2274=CARTESIAN_POINT('',(-0.000506185436440075,-0.0294643701067388,0.));
#2275=CARTESIAN_POINT('',(-0.000110310145570435,-0.0291234407775098,0.));
#2276=CARTESIAN_POINT('',(0.000258001757982394,-0.0287787608156737,0.));
#2277=CARTESIAN_POINT('',(0.000577145670958172,-0.0284423494308651,0.));
#2278=CARTESIAN_POINT('',(0.000865582785911452,-0.0281058953120194,0.));
#2279=CARTESIAN_POINT('',(0.00113039335389008,-0.0277755112523532,0.));
#2280=CARTESIAN_POINT('',(0.00143369974329074,-0.0273574488775205,0.));
#2281=CARTESIAN_POINT('',(0.00175101565017179,-0.0268591348261529,0.));
#2282=CARTESIAN_POINT('',(0.00199556097586549,-0.0264206905929296,0.));
#2283=CARTESIAN_POINT('',(0.00219185420285862,-0.02602110350102,0.));
#2284=CARTESIAN_POINT('',(0.00233693300126062,-0.0256939785589798,0.));
#2285=CARTESIAN_POINT('',(0.00246903091857618,-0.0253598579119127,0.));
#2286=CARTESIAN_POINT('',(0.00258967186356376,-0.0250148544859649,0.));
#2287=CARTESIAN_POINT('',(0.00269763045279729,-0.0246574248652902,0.));
#2288=CARTESIAN_POINT('',(0.00278582544810029,-0.0243147762481239,0.));
#2289=CARTESIAN_POINT('',(0.00285919929355796,-0.0239764145140041,0.));
#2290=CARTESIAN_POINT('',(0.00291682441248095,-0.0236522133817271,0.));
#2291=CARTESIAN_POINT('',(0.00295989505941346,-0.0233516137070851,0.));
#2292=CARTESIAN_POINT('',(0.00300170605673133,-0.0229859743071329,0.));
#2293=CARTESIAN_POINT('',(0.00303360659181346,-0.0225609416455506,0.));
#2294=CARTESIAN_POINT('',(0.00304850456488599,-0.0221190606234697,0.));
#2295=CARTESIAN_POINT('',(0.0030521341274549,-0.021759396873558,0.));
#2296=CARTESIAN_POINT('',(0.0030510093300458,-0.021405790382518,0.));
#2297=CARTESIAN_POINT('',(0.00304619386101046,-0.0210507801923283,0.));
#2298=CARTESIAN_POINT('',(0.00303637594634546,-0.0205664637952916,0.));
#2299=CARTESIAN_POINT('',(0.00301930658626025,-0.0199380578895915,0.));
#2300=CARTESIAN_POINT('',(0.00300354201194306,-0.0194139626090377,0.));
#2301=CARTESIAN_POINT('',(0.00299578037304974,-0.0191496732423956,0.));
#2302=CARTESIAN_POINT('',(0.00299578037304974,-0.0191496732423956,0.));
#2303=CARTESIAN_POINT('',(0.00299578037304975,-0.0191496732423958,0.));
#2304=CARTESIAN_POINT('',(0.00340079421589657,-0.0191252203856447,0.));
#2305=CARTESIAN_POINT('',(0.00420743019507612,-0.0190811686050518,0.));
#2306=CARTESIAN_POINT('',(0.00534290909496461,-0.0190409417595046,0.));
#2307=CARTESIAN_POINT('',(0.00631984592997636,-0.0190356180688746,0.));
#2308=CARTESIAN_POINT('',(0.00679141613168107,-0.0190567261452566,0.));
#2309=CARTESIAN_POINT('',(0.00695095237439322,-0.0190686731036778,0.));
#2310=CARTESIAN_POINT('',(0.00695095237439325,-0.0190686731036778,0.));
#2311=CARTESIAN_POINT('',(0.00695095237449828,-0.0190686731034862,0.));
#2312=CARTESIAN_POINT('',(0.00703062489628013,-0.0191124185988433,0.));
#2313=CARTESIAN_POINT('',(0.00723494310656226,-0.01922598014709,0.));
#2314=CARTESIAN_POINT('',(0.00769093575949103,-0.0194707525094981,0.));
#2315=CARTESIAN_POINT('',(0.00818337566228043,-0.0197187768249157,0.));
#2316=CARTESIAN_POINT('',(0.00866936358113148,-0.0199502383940876,0.));
#2317=CARTESIAN_POINT('',(0.00916915858259463,-0.0201773245172258,0.));
#2318=CARTESIAN_POINT('',(0.00984670103366164,-0.020471453915183,0.));
#2319=CARTESIAN_POINT('',(0.0107184023541385,-0.0208268212458706,0.));
#2320=CARTESIAN_POINT('',(0.011620292527574,-0.0211663149182318,0.));
#2321=CARTESIAN_POINT('',(0.0123526535467022,-0.0214254846495949,0.));
#2322=CARTESIAN_POINT('',(0.0129026916660825,-0.0216122916084714,0.));
#2323=CARTESIAN_POINT('',(0.0134642179687546,-0.0217945123038232,0.));
#2324=CARTESIAN_POINT('',(0.0142264575331825,-0.022028894534339,0.));
#2325=CARTESIAN_POINT('',(0.0150456052292752,-0.0222571790326585,0.));
#2326=CARTESIAN_POINT('',(0.0159361749830504,-0.0224615535626936,0.));
#2327=CARTESIAN_POINT('',(0.01663834187342,-0.0225959408945779,0.));
#2328=CARTESIAN_POINT('',(0.0174033462527401,-0.0227067706645223,0.));
#2329=CARTESIAN_POINT('',(0.0182247067624211,-0.0227790144719394,0.));
#2330=CARTESIAN_POINT('',(0.0189818794550374,-0.0227943889552527,0.));
#2331=CARTESIAN_POINT('',(0.0196394755544026,-0.0227644372791144,0.));
#2332=CARTESIAN_POINT('',(0.0201563321732766,-0.0227166044135829,0.));
#2333=CARTESIAN_POINT('',(0.0207111661633991,-0.0226355663963928,0.));
#2334=CARTESIAN_POINT('',(0.0212881901811522,-0.0225160027631388,0.));
#2335=CARTESIAN_POINT('',(0.0218725766806614,-0.022356082139724,0.));
#2336=CARTESIAN_POINT('',(0.0226277709674848,-0.0220958006759885,0.));
#2337=CARTESIAN_POINT('',(0.0233378526011126,-0.0217727528101051,0.));
#2338=CARTESIAN_POINT('',(0.0240038347808082,-0.0213929782799773,0.));
#2339=CARTESIAN_POINT('',(0.024640092564496,-0.0209761238689109,0.));
#2340=CARTESIAN_POINT('',(0.0253554537448852,-0.0204074535579657,0.));
#2341=CARTESIAN_POINT('',(0.0260965954108798,-0.0196674860621289,0.));
#2342=CARTESIAN_POINT('',(0.0266193088489032,-0.0190190164620614,0.));
#2343=CARTESIAN_POINT('',(0.0269821852043179,-0.0184928069956935,0.));
#2344=CARTESIAN_POINT('',(0.0272330678649609,-0.0180883277826213,0.));
#2345=CARTESIAN_POINT('',(0.0274764852416766,-0.0176470453054887,0.));
#2346=CARTESIAN_POINT('',(0.0277035691117518,-0.0171757852935373,0.));
#2347=CARTESIAN_POINT('',(0.027915322231941,-0.0166606307938221,0.));
#2348=CARTESIAN_POINT('',(0.0280399430975455,-0.0162924622286339,0.));
#2349=CARTESIAN_POINT('',(0.0280979053908632,-0.0160989879697542,0.));
#2350=CARTESIAN_POINT('',(0.0280979053908632,-0.0160989879697541,0.));
#2351=CARTESIAN_POINT('',(0.0280979053908633,-0.0160989879697544,0.));
#2352=CARTESIAN_POINT('',(0.0282777745745028,-0.016080358725676,0.));
#2353=CARTESIAN_POINT('',(0.0286466950163139,-0.0160369553139263,0.));
#2354=CARTESIAN_POINT('',(0.0292452291153525,-0.0159438031696633,0.));
#2355=CARTESIAN_POINT('',(0.029880825751218,-0.0158144163948374,0.));
#2356=CARTESIAN_POINT('',(0.0304338276053602,-0.015671290299788,0.));
#2357=CARTESIAN_POINT('',(0.0308920125969797,-0.0155292837208703,0.));
#2358=CARTESIAN_POINT('',(0.0313364683601717,-0.0153756073663252,0.));
#2359=CARTESIAN_POINT('',(0.0318744022242193,-0.0151607110195786,0.));
#2360=CARTESIAN_POINT('',(0.0324930844783066,-0.0148670238827706,0.));
#2361=CARTESIAN_POINT('',(0.0328798855844804,-0.0146527427486094,0.));
#2362=CARTESIAN_POINT('',(0.0330667414103347,-0.0145418487333027,0.));
#2363=CARTESIAN_POINT('',(0.0330667414103348,-0.0145418487333026,0.));
#2364=CARTESIAN_POINT('',(0.0330667414103351,-0.0145418487333022,0.));
#2365=CARTESIAN_POINT('',(0.0333161073685911,-0.0147188906235136,0.));
#2366=CARTESIAN_POINT('',(0.0338134728633855,-0.0150663211608138,0.));
#2367=CARTESIAN_POINT('',(0.034557129712849,-0.0155752752064385,0.));
#2368=CARTESIAN_POINT('',(0.0352910026162089,-0.0160721729122107,0.));
#2369=CARTESIAN_POINT('',(0.0360178587184048,-0.0165658600358242,0.));
#2370=CARTESIAN_POINT('',(0.036842475833031,-0.0171204866651063,0.));
#2371=CARTESIAN_POINT('',(0.0377488792058179,-0.0177063702007131,0.));
#2372=CARTESIAN_POINT('',(0.0387485697214166,-0.0183107587239979,0.));
#2373=CARTESIAN_POINT('',(0.0398509030382484,-0.0189131783124814,0.));
#2374=CARTESIAN_POINT('',(0.0408645193718166,-0.0193941484203513,0.));
#2375=CARTESIAN_POINT('',(0.0417496076293139,-0.0197541307251921,0.));
#2376=CARTESIAN_POINT('',(0.042440297766205,-0.0200019121395708,0.));
#2377=CARTESIAN_POINT('',(0.0431410733240771,-0.0202197545521534,0.));
#2378=CARTESIAN_POINT('',(0.0440653135456883,-0.0204644064341501,0.));
#2379=CARTESIAN_POINT('',(0.0452195002537995,-0.020694604310985,0.));
#2380=CARTESIAN_POINT('',(0.0466012418355414,-0.020853265642115,0.));
#2381=CARTESIAN_POINT('',(0.0477538356598563,-0.0208870302030985,0.));
#2382=CARTESIAN_POINT('',(0.0486858390491898,-0.0208494923658076,0.));
#2383=CARTESIAN_POINT('',(0.0492723841763788,-0.0207969986434092,0.));
#2384=CARTESIAN_POINT('',(0.0497476910711074,-0.020735285928376,0.));
#2385=CARTESIAN_POINT('',(0.0501085036871383,-0.0206785575741993,0.));
#2386=CARTESIAN_POINT('',(0.0504906322219403,-0.0206065715412572,0.));
#2387=CARTESIAN_POINT('',(0.0510143565856537,-0.020489652969221,0.));
#2388=CARTESIAN_POINT('',(0.0515861054749814,-0.0203296273403553,0.));
#2389=CARTESIAN_POINT('',(0.0521949125874333,-0.02011196151501,0.));
#2390=CARTESIAN_POINT('',(0.0526814281565403,-0.019909228652411,0.));
#2391=CARTESIAN_POINT('',(0.0531821096246685,-0.0196659216491082,0.));
#2392=CARTESIAN_POINT('',(0.0538796301891661,-0.0192720263183329,0.));
#2393=CARTESIAN_POINT('',(0.0546158516849993,-0.0187494664270377,0.));
#2394=CARTESIAN_POINT('',(0.0553287120731786,-0.0180911511908085,0.));
#2395=CARTESIAN_POINT('',(0.055847750418959,-0.0175188176469683,0.));
#2396=CARTESIAN_POINT('',(0.0562496415486407,-0.016980278809054,0.));
#2397=CARTESIAN_POINT('',(0.0565453608445677,-0.0165143637267597,0.));
#2398=CARTESIAN_POINT('',(0.0567477545292049,-0.0161571283017521,0.));
#2399=CARTESIAN_POINT('',(0.0569025251307665,-0.0158497151677246,0.));
#2400=CARTESIAN_POINT('',(0.057018339889992,-0.0155958587001273,0.));
#2401=CARTESIAN_POINT('',(0.0571244306426776,-0.0153468725507054,0.));
#2402=CARTESIAN_POINT('',(0.057241713988148,-0.0150413715816832,0.));
#2403=CARTESIAN_POINT('',(0.0574013297199605,-0.0145615489093735,0.));
#2404=CARTESIAN_POINT('',(0.0575209683137765,-0.0140997523169837,0.));
#2405=CARTESIAN_POINT('',(0.0576065275943631,-0.0136715574049562,0.));
#2406=CARTESIAN_POINT('',(0.0576743718813531,-0.0132549329923862,0.));
#2407=CARTESIAN_POINT('',(0.0577280170824583,-0.0127631772079435,0.));
#2408=CARTESIAN_POINT('',(0.0577632622530986,-0.0120441742727281,0.));
#2409=CARTESIAN_POINT('',(0.0577413562038222,-0.0113913711271714,0.));
#2410=CARTESIAN_POINT('',(0.0576871223721485,-0.0108167181168372,0.));
#2411=CARTESIAN_POINT('',(0.0576146499431848,-0.0102692107452476,0.));
#2412=CARTESIAN_POINT('',(0.0574998832356028,-0.00965194759191768,0.));
#2413=CARTESIAN_POINT('',(0.05733592830429,-0.00897865298919048,0.));
#2414=CARTESIAN_POINT('',(0.0571580724698539,-0.00837235672121611,0.));
#2415=CARTESIAN_POINT('',(0.05696906736822,-0.00781076085628004,0.));
#2416=CARTESIAN_POINT('',(0.0567677177447355,-0.00727683703311496,0.));
#2417=CARTESIAN_POINT('',(0.0565423677161554,-0.00674028838913948,0.));
#2418=CARTESIAN_POINT('',(0.0562191209858817,-0.00604659161060204,0.));
#2419=CARTESIAN_POINT('',(0.0557858155500004,-0.0052363883313054,0.));
#2420=CARTESIAN_POINT('',(0.0552491764944565,-0.00435777355664862,0.));
#2421=CARTESIAN_POINT('',(0.0547101961919716,-0.00354369273700022,0.));
#2422=CARTESIAN_POINT('',(0.0541434422367187,-0.00272103564343038,0.));
#2423=CARTESIAN_POINT('',(0.0535219292212279,-0.00183425687242753,0.));
#2424=CARTESIAN_POINT('',(0.0528769257001778,-0.000923493683009074,0.));
#2425=CARTESIAN_POINT('',(0.0524525256690478,-0.00032627303470895,0.));
#2426=CARTESIAN_POINT('',(0.0522472312940406,-3.70627714040336E-5,0.));
#2427=CARTESIAN_POINT('',(0.0522472312940406,-3.70627714040336E-5,0.));
#2428=CARTESIAN_POINT('',(0.0522472312940405,-3.70627714040466E-5,0.));
#2429=CARTESIAN_POINT('',(0.0525577275034279,0.000671661662445824,0.));
#2430=CARTESIAN_POINT('',(0.0532774961009608,0.00229831494205092,0.));
#2431=CARTESIAN_POINT('',(0.0544891145998275,0.00512838990545654,0.));
#2432=CARTESIAN_POINT('',(0.0554909578378204,0.00766817176719638,0.));
#2433=CARTESIAN_POINT('',(0.0562205161027456,0.00974893210865875,0.));
#2434=CARTESIAN_POINT('',(0.056715819348246,0.0113313437872499,0.));
#2435=CARTESIAN_POINT('',(0.0571402334507835,0.0129375572687875,0.));
#2436=CARTESIAN_POINT('',(0.0574172454158612,0.0143254114303379,0.));
#2437=CARTESIAN_POINT('',(0.057570662779329,0.0154918349813506,0.));
#2438=CARTESIAN_POINT('',(0.0576416273559487,0.0164148914485249,0.));
#2439=CARTESIAN_POINT('',(0.0576538409678476,0.0173942151089258,0.));
#2440=CARTESIAN_POINT('',(0.0575899614499632,0.0183014678503877,0.));
#2441=CARTESIAN_POINT('',(0.0574767970572892,0.0190583326157503,0.));
#2442=CARTESIAN_POINT('',(0.0573158770717803,0.0198399398060221,0.));
#2443=CARTESIAN_POINT('',(0.0570150539133545,0.0208420779494824,0.));
#2444=CARTESIAN_POINT('',(0.0565612289821476,0.0218476455500037,0.));
#2445=CARTESIAN_POINT('',(0.0560871409052764,0.0226449673789507,0.));
#2446=CARTESIAN_POINT('',(0.0556806520315024,0.0232220774641991,0.));
#2447=CARTESIAN_POINT('',(0.055217910703458,0.0237794413951279,0.));
#2448=CARTESIAN_POINT('',(0.0547057829498377,0.0243016722160164,0.));
#2449=CARTESIAN_POINT('',(0.0541530528789827,0.0247799509168105,0.));
#2450=CARTESIAN_POINT('',(0.0535547011426585,0.0252156437584826,0.));
#2451=CARTESIAN_POINT('',(0.0529364585526613,0.0255915165900151,0.));
#2452=CARTESIAN_POINT('',(0.0522922180201189,0.0259149366672854,0.));
#2453=CARTESIAN_POINT('',(0.0516411009782885,0.0261786012532244,0.));
#2454=CARTESIAN_POINT('',(0.0507747401544475,0.0264548567059719,0.));
#2455=CARTESIAN_POINT('',(0.0497005033981444,0.0266690436818139,0.));
#2456=CARTESIAN_POINT('',(0.0484745781352427,0.0267455523543424,0.));
#2457=CARTESIAN_POINT('',(0.0473344715394804,0.0266829769073627,0.));
#2458=CARTESIAN_POINT('',(0.0464375417397996,0.0265385277092477,0.));
#2459=CARTESIAN_POINT('',(0.0457592822388426,0.0263798107255854,0.));
#2460=CARTESIAN_POINT('',(0.0452719824746604,0.0262431211072446,0.));
#2461=CARTESIAN_POINT('',(0.0447982738392633,0.0260892703028926,0.));
#2462=CARTESIAN_POINT('',(0.0441797817479449,0.0258611886893311,0.));
#2463=CARTESIAN_POINT('',(0.0434414455467425,0.0255400623239793,0.));
#2464=CARTESIAN_POINT('',(0.0426182274420909,0.0251166101742262,0.));
#2465=CARTESIAN_POINT('',(0.0418498171423723,0.0246653195308889,0.));
#2466=CARTESIAN_POINT('',(0.0408960340592896,0.0240438946305265,0.));
#2467=CARTESIAN_POINT('',(0.0397810333069222,0.0232223939971349,0.));
#2468=CARTESIAN_POINT('',(0.0385254048936424,0.0221833652010319,0.));
#2469=CARTESIAN_POINT('',(0.0369266230199327,0.0207441327923934,0.));
#2470=CARTESIAN_POINT('',(0.0350381546557878,0.0188760149775575,0.));
#2471=CARTESIAN_POINT('',(0.0329526572484759,0.016671350589776,0.));
#2472=CARTESIAN_POINT('',(0.0311142402786473,0.0146802514544278,0.));
#2473=CARTESIAN_POINT('',(0.030129840376005,0.0136416485460274,0.));
#2474=CARTESIAN_POINT('',(0.0297391789881813,0.0132478203843528,0.));
#2475=CARTESIAN_POINT('',(0.0297391789881812,0.0132478203843528,0.));
#2476=CARTESIAN_POINT('',(0.0297391789881809,0.0132478203843527,0.));
#2477=CARTESIAN_POINT('',(0.0294229083034332,0.0131892957367647,0.));
#2478=CARTESIAN_POINT('',(0.0288623469668083,0.0130664562679581,0.));
#2479=CARTESIAN_POINT('',(0.0283825762342813,0.0129478169932458,0.));
#2480=CARTESIAN_POINT('',(0.0281557101307363,0.0128910381580625,0.));
#2481=CARTESIAN_POINT('',(0.0281557101307363,0.0128910381580625,0.));
#2482=CARTESIAN_POINT('',(0.0281557101307363,0.0128910381580625,0.));
#2483=CARTESIAN_POINT('',(0.0280522319218914,0.0129905424115862,0.));
#2484=CARTESIAN_POINT('',(0.0278333319434809,0.0131919026454784,0.));
#2485=CARTESIAN_POINT('',(0.0275203843219186,0.0134505849239943,0.));
#2486=CARTESIAN_POINT('',(0.0272539524284902,0.0136522294754533,0.));
#2487=CARTESIAN_POINT('',(0.0269723034829709,0.0138525425270701,0.));
#2488=CARTESIAN_POINT('',(0.0264832003110222,0.0141684827984145,0.));
#2489=CARTESIAN_POINT('',(0.0257846364559194,0.0145399153926491,0.));
#2490=CARTESIAN_POINT('',(0.024972599671375,0.014871427111012,0.));
#2491=CARTESIAN_POINT('',(0.0241930642869153,0.0151094728140827,0.));
#2492=CARTESIAN_POINT('',(0.0234566349316567,0.0152700349899537,0.));
#2493=CARTESIAN_POINT('',(0.022747736026943,0.0153700810286663,0.));
#2494=CARTESIAN_POINT('',(0.0220782384953745,0.0154176387575988,0.));
#2495=CARTESIAN_POINT('',(0.0214351967241726,0.0154229453386036,0.));
#2496=CARTESIAN_POINT('',(0.0208114286625331,0.0153900725905226,0.));
#2497=CARTESIAN_POINT('',(0.0202085862076735,0.0153231325605895,0.));
#2498=CARTESIAN_POINT('',(0.0196123777317763,0.0152222154264051,0.));
#2499=CARTESIAN_POINT('',(0.0191168472597602,0.0151081791096108,0.));
#2500=CARTESIAN_POINT('',(0.0187202867587767,0.0149976960299502,0.));
#2501=CARTESIAN_POINT('',(0.0183118596471049,0.0148699864789016,0.));
#2502=CARTESIAN_POINT('',(0.0178045990859783,0.0146818335649859,0.));
#2503=CARTESIAN_POINT('',(0.0174685696097091,0.0145320226510695,0.));
#2504=CARTESIAN_POINT('',(0.0173207221156216,0.014462510252376,0.));
#2505=CARTESIAN_POINT('',(0.0173207221156216,0.014462510252376,0.));
#2506=CARTESIAN_POINT('',(0.0173207221156217,0.0144625102523762,0.));
#2507=CARTESIAN_POINT('',(0.0170258500040584,0.014491365262169,0.));
#2508=CARTESIAN_POINT('',(0.0162688721224941,0.0145897478914625,0.));
#2509=CARTESIAN_POINT('',(0.0148686447493199,0.0148453853082584,0.));
#2510=CARTESIAN_POINT('',(0.0133549381844602,0.0151804570577446,0.));
#2511=CARTESIAN_POINT('',(0.012355872645018,0.0154358400913338,0.));
#2512=CARTESIAN_POINT('',(0.0118790376654251,0.0155657084034908,0.));
#2513=CARTESIAN_POINT('',(0.0118790376654251,0.0155657084034908,0.));
#2514=CARTESIAN_POINT('',(0.0118790376654251,0.0155657084034908,0.));
#2515=CARTESIAN_POINT('',(0.0119449421128264,0.0157626860044971,0.));
#2516=CARTESIAN_POINT('',(0.0120545811719413,0.0160909870610991,0.));
#2517=CARTESIAN_POINT('',(0.0122125004824795,0.0165983354907609,0.));
#2518=CARTESIAN_POINT('',(0.0123345387329018,0.0170176214845818,0.));
#2519=CARTESIAN_POINT('',(0.0124590231589293,0.0174932599473636,0.));
#2520=CARTESIAN_POINT('',(0.0125757731822657,0.0180139333535702,0.));
#2521=CARTESIAN_POINT('',(0.0126806015618649,0.0185966735687529,0.));
#2522=CARTESIAN_POINT('',(0.0127625667550598,0.0192518307425619,0.));
#2523=CARTESIAN_POINT('',(0.01280626827421,0.0199869362579519,0.));
#2524=CARTESIAN_POINT('',(0.012793682444699,0.0206698292659871,0.));
#2525=CARTESIAN_POINT('',(0.0127425494007314,0.021253041328547,0.));
#2526=CARTESIAN_POINT('',(0.0126785235921343,0.0217177407841836,0.));
#2527=CARTESIAN_POINT('',(0.0126036369859195,0.0221093257249734,0.));
#2528=CARTESIAN_POINT('',(0.0125281358520378,0.0224317458860081,0.));
#2529=CARTESIAN_POINT('',(0.0124452508806378,0.0227459336650822,0.));
#2530=CARTESIAN_POINT('',(0.0123279737171014,0.0231274203456602,0.));
#2531=CARTESIAN_POINT('',(0.0121141271492398,0.0237122464687083,0.));
#2532=CARTESIAN_POINT('',(0.0118048360603391,0.0243915711550537,0.));
#2533=CARTESIAN_POINT('',(0.0113835512314597,0.0251259720350604,0.));
#2534=CARTESIAN_POINT('',(0.0109261898642931,0.0257834096080115,0.));
#2535=CARTESIAN_POINT('',(0.0104442784043716,0.0263688971040193,0.));
#2536=CARTESIAN_POINT('',(0.00994768070555661,0.0268883391683467,0.));
#2537=CARTESIAN_POINT('',(0.00942901244325323,0.0273589818844059,0.));
#2538=CARTESIAN_POINT('',(0.00890119586215092,0.0277756045697757,0.));
#2539=CARTESIAN_POINT('',(0.00836267683670646,0.0281473069992447,0.));
#2540=CARTESIAN_POINT('',(0.00789258802077134,0.0284286785408145,0.));
#2541=CARTESIAN_POINT('',(0.0075086849959499,0.0286334539303173,0.));
#2542=CARTESIAN_POINT('',(0.00722075477684588,0.0287754026677742,0.));
#2543=CARTESIAN_POINT('',(0.00691631115704843,0.0289135423857978,0.));
#2544=CARTESIAN_POINT('',(0.00647919717858259,0.0290926495042429,0.));
#2545=CARTESIAN_POINT('',(0.0060159760987003,0.029253079694194,0.));
#2546=CARTESIAN_POINT('',(0.00549082609163007,0.0293972706730041,0.));
#2547=CARTESIAN_POINT('',(0.00492438035232821,0.0295233411714225,0.));
#2548=CARTESIAN_POINT('',(0.00433518704770193,0.029609196238374,0.));
#2549=CARTESIAN_POINT('',(0.00371195976799291,0.0296487268988402,0.));
#2550=CARTESIAN_POINT('',(0.00325290052384334,0.0296528334137319,0.));
#2551=CARTESIAN_POINT('',(0.00279459239765988,0.029633122003593,0.));
#2552=CARTESIAN_POINT('',(0.00218716067204722,0.0295744801893618,0.));
#2553=CARTESIAN_POINT('',(0.00147334034655318,0.0294491786631016,0.));
#2554=CARTESIAN_POINT('',(0.000687058580022384,0.0292346656947102,0.));
#2555=CARTESIAN_POINT('',(-1.82383487105055E-6,0.0289869277245819,0.));
#2556=CARTESIAN_POINT('',(-0.000634968785993665,0.0287099629153581,0.));
#2557=CARTESIAN_POINT('',(-0.00119942425216018,0.0284223299954535,0.));
#2558=CARTESIAN_POINT('',(-0.00170485729398925,0.0281358946136535,0.));
#2559=CARTESIAN_POINT('',(-0.00219000365245855,0.0278368327158064,0.));
#2560=CARTESIAN_POINT('',(-0.00265043583999535,0.0275328504115555,0.));
#2561=CARTESIAN_POINT('',(-0.00324972244804356,0.0271165948789679,0.));
#2562=CARTESIAN_POINT('',(-0.00400031883542442,0.026562368533508,0.));
#2563=CARTESIAN_POINT('',(-0.00492400087229019,0.02584090427359,0.));
#2564=CARTESIAN_POINT('',(-0.00619569409537926,0.0248039581574518,0.));
#2565=CARTESIAN_POINT('',(-0.00784661296983161,0.0233871945688415,0.));
#2566=CARTESIAN_POINT('',(-0.0098417434622839,0.0215782638451268,0.));
#2567=CARTESIAN_POINT('',(-0.0114299872015892,0.0200579648600576,0.));
#2568=CARTESIAN_POINT('',(-0.0126078507153468,0.0188736365872524,0.));
#2569=CARTESIAN_POINT('',(-0.0134353962527414,0.0180075757497114,0.));
#2570=CARTESIAN_POINT('',(-0.0142053609275087,0.0171591223129898,0.));
#2571=CARTESIAN_POINT('',(-0.0146821039488882,0.0165951610934906,0.));
#2572=CARTESIAN_POINT('',(-0.0149152835569246,0.0163039652196133,0.));
#2573=CARTESIAN_POINT('',(-0.00596964336142619,-0.0222159510765814,-0.002));
#2574=CARTESIAN_POINT('',(-0.00596964336142619,-0.0222159510765814,3.46944695195361E-18));
#2575=CARTESIAN_POINT('',(-0.00596292976000155,-0.0221706596874421,-0.002));
#2576=CARTESIAN_POINT('',(-0.00596292976000155,-0.0221706596874421,3.46944695195361E-18));
#2577=CARTESIAN_POINT('',(-0.00594106255227248,-0.0218945919081215,-0.002));
#2578=CARTESIAN_POINT('',(-0.00594106255227248,-0.0218945919081215,3.90312782094782E-18));
#2579=CARTESIAN_POINT('',(-0.00596117311949685,-0.0205649034832024,-0.002));
#2580=CARTESIAN_POINT('',(-0.00596117311949685,-0.0205649034832024,3.03576608295941E-18));
#2581=CARTESIAN_POINT('',(-0.00602934537965412,-0.0186417177613071,-0.002));
#2582=CARTESIAN_POINT('',(-0.00602934537965412,-0.0186417177613071,3.46944695195361E-18));
#2583=CARTESIAN_POINT('',(-0.00606153056724595,-0.016652842541537,-0.002));
#2584=CARTESIAN_POINT('',(-0.00606153056724595,-0.016652842541537,3.90312782094782E-18));
#2585=CARTESIAN_POINT('',(-0.00604469844861967,-0.0152426183879121,-0.002));
#2586=CARTESIAN_POINT('',(-0.00604469844861967,-0.0152426183879121,3.03576608295941E-18));
#2587=CARTESIAN_POINT('',(-0.00595697061455374,-0.014008648376413,-0.002));
#2588=CARTESIAN_POINT('',(-0.00595697061455374,-0.014008648376413,4.33680868994202E-18));
#2589=CARTESIAN_POINT('',(-0.00573744912377545,-0.0128654785355805,-0.002));
#2590=CARTESIAN_POINT('',(-0.00573744912377545,-0.0128654785355805,2.60208521396521E-18));
#2591=CARTESIAN_POINT('',(-0.00520429730763011,-0.0118183009445946,-0.002));
#2592=CARTESIAN_POINT('',(-0.00520429730763011,-0.0118183009445946,3.46944695195361E-18));
#2593=CARTESIAN_POINT('',(-0.00443827619594277,-0.0111362303055711,-0.002));
#2594=CARTESIAN_POINT('',(-0.00443827619594277,-0.0111362303055711,3.03576608295941E-18));
#2595=CARTESIAN_POINT('',(-0.00359437347527913,-0.0106959872584659,-0.002));
#2596=CARTESIAN_POINT('',(-0.00359437347527913,-0.0106959872584659,3.90312782094782E-18));
#2597=CARTESIAN_POINT('',(-0.00266684862010856,-0.0105093703754282,-0.002));
#2598=CARTESIAN_POINT('',(-0.00266684862010856,-0.0105093703754282,2.60208521396521E-18));
#2599=CARTESIAN_POINT('',(-0.00167017871766317,-0.010434924159826,-0.002));
#2600=CARTESIAN_POINT('',(-0.00167017871766317,-0.010434924159826,3.90312782094782E-18));
#2601=CARTESIAN_POINT('',(-0.000554315892788831,-0.0103718420898917,-0.002));
#2602=CARTESIAN_POINT('',(-0.000554315892788831,-0.0103718420898917,3.90312782094782E-18));
#2603=CARTESIAN_POINT('',(0.000883576319145637,-0.0102677457410832,-0.002));
#2604=CARTESIAN_POINT('',(0.000883576319145637,-0.0102677457410832,3.03576608295941E-18));
#2605=CARTESIAN_POINT('',(0.00250115358906439,-0.0101592082406014,-0.002));
#2606=CARTESIAN_POINT('',(0.00250115358906439,-0.0101592082406014,3.90312782094782E-18));
#2607=CARTESIAN_POINT('',(0.0041960797623957,-0.0100697144691833,-0.002));
#2608=CARTESIAN_POINT('',(0.0041960797623957,-0.0100697144691833,3.46944695195361E-18));
#2609=CARTESIAN_POINT('',(0.0058694620529523,-0.0100272491809371,-0.002));
#2610=CARTESIAN_POINT('',(0.0058694620529523,-0.0100272491809371,3.90312782094782E-18));
#2611=CARTESIAN_POINT('',(0.00742650180792153,-0.0100587537063907,-0.002));
#2612=CARTESIAN_POINT('',(0.00742650180792153,-0.0100587537063907,3.46944695195361E-18));
#2613=CARTESIAN_POINT('',(0.00885025478763517,-0.010211349109928,-0.002));
#2614=CARTESIAN_POINT('',(0.00885025478763517,-0.010211349109928,3.90312782094782E-18));
#2615=CARTESIAN_POINT('',(0.0100553126114967,-0.0105564806108526,-0.002));
#2616=CARTESIAN_POINT('',(0.0100553126114967,-0.0105564806108526,3.03576608295941E-18));
#2617=CARTESIAN_POINT('',(0.0109934097668244,-0.011011495466411,-0.002));
#2618=CARTESIAN_POINT('',(0.0109934097668244,-0.011011495466411,3.90312782094782E-18));
#2619=CARTESIAN_POINT('',(0.011665094276764,-0.0113973149453158,-0.002));
#2620=CARTESIAN_POINT('',(0.011665094276764,-0.0113973149453158,3.46944695195361E-18));
#2621=CARTESIAN_POINT('',(0.0123621360181756,-0.0117473201830105,-0.002));
#2622=CARTESIAN_POINT('',(0.0123621360181756,-0.0117473201830105,3.90312782094782E-18));
#2623=CARTESIAN_POINT('',(0.0132666379710598,-0.0121496175231316,-0.002));
#2624=CARTESIAN_POINT('',(0.0132666379710598,-0.0121496175231316,3.03576608295941E-18));
#2625=CARTESIAN_POINT('',(0.0142649851117945,-0.012549879996316,-0.002));
#2626=CARTESIAN_POINT('',(0.0142649851117945,-0.012549879996316,3.90312782094782E-18));
#2627=CARTESIAN_POINT('',(0.0156766966037173,-0.013063010221914,-0.002));
#2628=CARTESIAN_POINT('',(0.0156766966037173,-0.013063010221914,3.03576608295941E-18));
#2629=CARTESIAN_POINT('',(0.0171142039452279,-0.0135133240030922,-0.002));
#2630=CARTESIAN_POINT('',(0.0171142039452279,-0.0135133240030922,3.03576608295941E-18));
#2631=CARTESIAN_POINT('',(0.0182724963496163,-0.0137541444668082,-0.002));
#2632=CARTESIAN_POINT('',(0.0182724963496163,-0.0137541444668082,3.46944695195361E-18));
#2633=CARTESIAN_POINT('',(0.0189439984122087,-0.0138029461414365,-0.002));
#2634=CARTESIAN_POINT('',(0.0189439984122087,-0.0138029461414365,3.46944695195361E-18));
#2635=CARTESIAN_POINT('',(0.0192328145523804,-0.0137548122336864,-0.002));
#2636=CARTESIAN_POINT('',(0.0192328145523804,-0.0137548122336864,3.90312782094782E-18));
#2637=CARTESIAN_POINT('',(0.0192767831601078,-0.0137278713829816,-0.002));
#2638=CARTESIAN_POINT('',(0.0192767831601078,-0.0137278713829816,3.46944695195361E-18));
#2639=CARTESIAN_POINT('',(0.0193060832623968,-0.0137094337158937,-0.002));
#2640=CARTESIAN_POINT('',(0.0193060832623968,-0.0137094337158937,3.46944695195361E-18));
#2641=CARTESIAN_POINT('',(-0.00596964336142619,-0.0222159510765814,0.));
#2642=CARTESIAN_POINT('',(-0.00596628656071387,-0.0221933053820118,0.));
#2643=CARTESIAN_POINT('',(-0.00595608336718202,-0.022104856590513,0.));
#2644=CARTESIAN_POINT('',(-0.00594729584064062,-0.0218219084480324,0.));
#2645=CARTESIAN_POINT('',(-0.00594899232090228,-0.0213918964163777,0.));
#2646=CARTESIAN_POINT('',(-0.00596248166878084,-0.0206839103608803,0.));
#2647=CARTESIAN_POINT('',(-0.00599496265798855,-0.0196033368904517,0.));
#2648=CARTESIAN_POINT('',(-0.00603746637836976,-0.0181446134223445,0.));
#2649=CARTESIAN_POINT('',(-0.00606152835156217,-0.0166523584094205,0.));
#2650=CARTESIAN_POINT('',(-0.00604744856654129,-0.0154790934435687,0.));
#2651=CARTESIAN_POINT('',(-0.00600093439805242,-0.0146231423544914,0.));
#2652=CARTESIAN_POINT('',(-0.00594135307497365,-0.0140206625384184,0.));
#2653=CARTESIAN_POINT('',(-0.00584368333266305,-0.0134368979209798,0.));
#2654=CARTESIAN_POINT('',(-0.00568439578980105,-0.0128495422719768,0.));
#2655=CARTESIAN_POINT('',(-0.00542316756218961,-0.0122443609362462,0.));
#2656=CARTESIAN_POINT('',(-0.00501138006064443,-0.0116458087639765,0.));
#2657=CARTESIAN_POINT('',(-0.00443831454409663,-0.0111369394337626,0.));
#2658=CARTESIAN_POINT('',(-0.00380660773189233,-0.0108051860283377,0.));
#2659=CARTESIAN_POINT('',(-0.00321829087926789,-0.0106240793446774,0.));
#2660=CARTESIAN_POINT('',(-0.00268204784549448,-0.0105273027024731,0.));
#2661=CARTESIAN_POINT('',(-0.0021709693831651,-0.0104724261420426,0.));
#2662=CARTESIAN_POINT('',(-0.00165529708756299,-0.0104360350820556,0.));
#2663=CARTESIAN_POINT('',(-0.00120065088970526,-0.0104096247089751,0.));
#2664=CARTESIAN_POINT('',(-0.000814727373939614,-0.010385805492105,0.));
#2665=CARTESIAN_POINT('',(-0.000400204328216327,-0.0103585282883346,0.));
#2666=CARTESIAN_POINT('',(0.00016581089946297,-0.0103193135956532,0.));
#2667=CARTESIAN_POINT('',(0.00115250167472131,-0.0102499358166778,0.));
#2668=CARTESIAN_POINT('',(0.00250128786233794,-0.0101590929086989,0.));
#2669=CARTESIAN_POINT('',(0.00419637455124851,-0.0100698171396027,0.));
#2670=CARTESIAN_POINT('',(0.00558951961209788,-0.010034097715902,0.));
#2671=CARTESIAN_POINT('',(0.00664980467903723,-0.0100433931331171,0.));
#2672=CARTESIAN_POINT('',(0.00741083742668913,-0.0100740916914895,0.));
#2673=CARTESIAN_POINT('',(0.00813256968647933,-0.0101338532173527,0.));
#2674=CARTESIAN_POINT('',(0.00882444141406872,-0.0102359027951088,0.));
#2675=CARTESIAN_POINT('',(0.00945249822720442,-0.0103831663591675,0.));
#2676=CARTESIAN_POINT('',(0.010021905313405,-0.0105704357052194,0.));
#2677=CARTESIAN_POINT('',(0.0105247955196215,-0.0107838578397041,0.));
#2678=CARTESIAN_POINT('',(0.0109589674285053,-0.0110021555711114,0.));
#2679=CARTESIAN_POINT('',(0.0113333807219153,-0.0112072972976626,0.));
#2680=CARTESIAN_POINT('',(0.011615234359912,-0.0113630739713333,0.));
#2681=CARTESIAN_POINT('',(0.0118338634538032,-0.0114790451074098,0.));
#2682=CARTESIAN_POINT('',(0.0120672185958519,-0.0115981740951123,0.));
#2683=CARTESIAN_POINT('',(0.0123900797897923,-0.0117548550887927,0.));
#2684=CARTESIAN_POINT('',(0.0128173108042928,-0.0119499549489425,0.));
#2685=CARTESIAN_POINT('',(0.0134313581787913,-0.0122154901619161,0.));
#2686=CARTESIAN_POINT('',(0.0142654049049361,-0.0125499894776747,0.));
#2687=CARTESIAN_POINT('',(0.0151477163972122,-0.0128710957166514,0.));
#2688=CARTESIAN_POINT('',(0.0158587846586372,-0.0131105086999309,0.));
#2689=CARTESIAN_POINT('',(0.0165661297415913,-0.0133358700256651,0.));
#2690=CARTESIAN_POINT('',(0.0174022176838265,-0.0135736720688216,0.));
#2691=CARTESIAN_POINT('',(0.0181297628814192,-0.0137234704807,0.));
#2692=CARTESIAN_POINT('',(0.0186048637051796,-0.0137795452848207,0.));
#2693=CARTESIAN_POINT('',(0.0188940224381108,-0.0137909158909221,0.));
#2694=CARTESIAN_POINT('',(0.0190659629840255,-0.0137797629965965,0.));
#2695=CARTESIAN_POINT('',(0.0191557725588668,-0.0137657541086019,0.));
#2696=CARTESIAN_POINT('',(0.019210540331373,-0.0137530977878519,0.));
#2697=CARTESIAN_POINT('',(0.0192613344375629,-0.0137348394508511,0.));
#2698=CARTESIAN_POINT('',(0.0192914332112523,-0.0137186525494377,0.));
#2699=CARTESIAN_POINT('',(0.0193060832623968,-0.0137094337158937,0.));
#2700=CARTESIAN_POINT('',(-0.00596964336142607,-0.0222159510765814,0.));
#2701=CARTESIAN_POINT('',(0.0193060832623968,-0.0137094337158937,0.));
#2702=CARTESIAN_POINT('',(0.0193060832623968,-0.0137094337158937,-0.002));
#2703=CARTESIAN_POINT('',(0.0193060832623968,-0.0137094337158937,-0.002));
#2704=CARTESIAN_POINT('',(-0.00596964336142619,-0.0222159510765814,-0.002));
#2705=CARTESIAN_POINT('',(-0.00596628656071387,-0.0221933053820118,-0.002));
#2706=CARTESIAN_POINT('',(-0.00595608336718202,-0.022104856590513,-0.002));
#2707=CARTESIAN_POINT('',(-0.00594729584064062,-0.0218219084480324,-0.002));
#2708=CARTESIAN_POINT('',(-0.00594899232090228,-0.0213918964163777,-0.002));
#2709=CARTESIAN_POINT('',(-0.00596248166878084,-0.0206839103608803,-0.002));
#2710=CARTESIAN_POINT('',(-0.00599496265798855,-0.0196033368904517,-0.002));
#2711=CARTESIAN_POINT('',(-0.00603746637836976,-0.0181446134223445,-0.002));
#2712=CARTESIAN_POINT('',(-0.00606152835156217,-0.0166523584094205,-0.002));
#2713=CARTESIAN_POINT('',(-0.00604744856654129,-0.0154790934435687,-0.002));
#2714=CARTESIAN_POINT('',(-0.00600093439805242,-0.0146231423544914,-0.002));
#2715=CARTESIAN_POINT('',(-0.00594135307497365,-0.0140206625384184,-0.002));
#2716=CARTESIAN_POINT('',(-0.00584368333266305,-0.0134368979209798,-0.002));
#2717=CARTESIAN_POINT('',(-0.00568439578980105,-0.0128495422719768,-0.002));
#2718=CARTESIAN_POINT('',(-0.00542316756218961,-0.0122443609362462,-0.002));
#2719=CARTESIAN_POINT('',(-0.00501138006064443,-0.0116458087639765,-0.002));
#2720=CARTESIAN_POINT('',(-0.00443831454409663,-0.0111369394337626,-0.002));
#2721=CARTESIAN_POINT('',(-0.00380660773189233,-0.0108051860283377,-0.002));
#2722=CARTESIAN_POINT('',(-0.00321829087926789,-0.0106240793446774,-0.002));
#2723=CARTESIAN_POINT('',(-0.00268204784549448,-0.0105273027024731,-0.002));
#2724=CARTESIAN_POINT('',(-0.0021709693831651,-0.0104724261420426,-0.002));
#2725=CARTESIAN_POINT('',(-0.00165529708756299,-0.0104360350820556,-0.002));
#2726=CARTESIAN_POINT('',(-0.00120065088970526,-0.0104096247089751,-0.002));
#2727=CARTESIAN_POINT('',(-0.000814727373939614,-0.010385805492105,-0.002));
#2728=CARTESIAN_POINT('',(-0.000400204328216327,-0.0103585282883346,-0.002));
#2729=CARTESIAN_POINT('',(0.00016581089946297,-0.0103193135956532,-0.002));
#2730=CARTESIAN_POINT('',(0.00115250167472131,-0.0102499358166778,-0.002));
#2731=CARTESIAN_POINT('',(0.00250128786233794,-0.0101590929086989,-0.002));
#2732=CARTESIAN_POINT('',(0.00419637455124851,-0.0100698171396027,-0.002));
#2733=CARTESIAN_POINT('',(0.00558951961209788,-0.010034097715902,-0.002));
#2734=CARTESIAN_POINT('',(0.00664980467903723,-0.0100433931331171,-0.002));
#2735=CARTESIAN_POINT('',(0.00741083742668913,-0.0100740916914895,-0.002));
#2736=CARTESIAN_POINT('',(0.00813256968647933,-0.0101338532173527,-0.002));
#2737=CARTESIAN_POINT('',(0.00882444141406872,-0.0102359027951088,-0.002));
#2738=CARTESIAN_POINT('',(0.00945249822720442,-0.0103831663591675,-0.002));
#2739=CARTESIAN_POINT('',(0.010021905313405,-0.0105704357052194,-0.002));
#2740=CARTESIAN_POINT('',(0.0105247955196215,-0.0107838578397041,-0.002));
#2741=CARTESIAN_POINT('',(0.0109589674285053,-0.0110021555711114,-0.002));
#2742=CARTESIAN_POINT('',(0.0113333807219153,-0.0112072972976626,-0.002));
#2743=CARTESIAN_POINT('',(0.011615234359912,-0.0113630739713333,-0.002));
#2744=CARTESIAN_POINT('',(0.0118338634538032,-0.0114790451074098,-0.002));
#2745=CARTESIAN_POINT('',(0.0120672185958519,-0.0115981740951123,-0.002));
#2746=CARTESIAN_POINT('',(0.0123900797897923,-0.0117548550887927,-0.002));
#2747=CARTESIAN_POINT('',(0.0128173108042928,-0.0119499549489425,-0.002));
#2748=CARTESIAN_POINT('',(0.0134313581787913,-0.0122154901619161,-0.002));
#2749=CARTESIAN_POINT('',(0.0142654049049361,-0.0125499894776747,-0.002));
#2750=CARTESIAN_POINT('',(0.0151477163972122,-0.0128710957166514,-0.002));
#2751=CARTESIAN_POINT('',(0.0158587846586372,-0.0131105086999309,-0.002));
#2752=CARTESIAN_POINT('',(0.0165661297415913,-0.0133358700256651,-0.002));
#2753=CARTESIAN_POINT('',(0.0174022176838265,-0.0135736720688216,-0.002));
#2754=CARTESIAN_POINT('',(0.0181297628814192,-0.0137234704807,-0.002));
#2755=CARTESIAN_POINT('',(0.0186048637051796,-0.0137795452848207,-0.002));
#2756=CARTESIAN_POINT('',(0.0188940224381108,-0.0137909158909221,-0.002));
#2757=CARTESIAN_POINT('',(0.0190659629840255,-0.0137797629965965,-0.002));
#2758=CARTESIAN_POINT('',(0.0191557725588668,-0.0137657541086019,-0.002));
#2759=CARTESIAN_POINT('',(0.019210540331373,-0.0137530977878519,-0.002));
#2760=CARTESIAN_POINT('',(0.0192613344375629,-0.0137348394508511,-0.002));
#2761=CARTESIAN_POINT('',(0.0192914332112523,-0.0137186525494377,-0.002));
#2762=CARTESIAN_POINT('',(0.0193060832623968,-0.0137094337158937,-0.002));
#2763=CARTESIAN_POINT('',(-0.00596964336142607,-0.0222159510765814,-0.002));
#2764=CARTESIAN_POINT('',(-0.00596964336142607,-0.0222159510765814,-0.002));
#2765=CARTESIAN_POINT('',(-0.00830420643592301,0.010102481051098,-0.002));
#2766=CARTESIAN_POINT('',(-0.00830420643592301,0.010102481051098,0.));
#2767=CARTESIAN_POINT('',(-0.00831238202688081,0.010069953519579,-0.002));
#2768=CARTESIAN_POINT('',(-0.00831238202688081,0.010069953519579,0.));
#2769=CARTESIAN_POINT('',(-0.00833090984005301,0.00991977492387115,-0.002));
#2770=CARTESIAN_POINT('',(-0.00833090984005301,0.00991977492387115,-4.33680868994202E-19));
#2771=CARTESIAN_POINT('',(-0.00855526670208224,0.00934799987383129,-0.002));
#2772=CARTESIAN_POINT('',(-0.00855526670208224,0.00934799987383129,-8.67361737988404E-19));
#2773=CARTESIAN_POINT('',(-0.00889584315149097,0.00886778273731824,-0.002));
#2774=CARTESIAN_POINT('',(-0.00889584315149097,0.00886778273731824,4.33680868994202E-19));
#2775=CARTESIAN_POINT('',(-0.00931339505145961,0.00851623473767007,-0.002));
#2776=CARTESIAN_POINT('',(-0.00931339505145961,0.00851623473767007,-1.30104260698261E-18));
#2777=CARTESIAN_POINT('',(-0.00980007670304829,0.00824059199093034,-0.002));
#2778=CARTESIAN_POINT('',(-0.00980007670304829,0.00824059199093034,1.73472347597681E-18));
#2779=CARTESIAN_POINT('',(-0.0102818408062793,0.00806296850693166,-0.002));
#2780=CARTESIAN_POINT('',(-0.0102818408062793,0.00806296850693166,-8.67361737988404E-19));
#2781=CARTESIAN_POINT('',(-0.0108846074574715,0.00789448858511329,-0.002));
#2782=CARTESIAN_POINT('',(-0.0108846074574715,0.00789448858511329,0.));
#2783=CARTESIAN_POINT('',(-0.0117738493286491,0.00769944584048994,-0.002));
#2784=CARTESIAN_POINT('',(-0.0117738493286491,0.00769944584048994,4.33680868994202E-19));
#2785=CARTESIAN_POINT('',(-0.0130942898017288,0.00747124464273436,-0.002));
#2786=CARTESIAN_POINT('',(-0.0130942898017288,0.00747124464273436,-4.33680868994202E-19));
#2787=CARTESIAN_POINT('',(-0.0149959030914465,0.00719385262966641,-0.002));
#2788=CARTESIAN_POINT('',(-0.0149959030914465,0.00719385262966641,4.33680868994202E-19));
#2789=CARTESIAN_POINT('',(-0.0171477063198796,0.00689989132798418,-0.002));
#2790=CARTESIAN_POINT('',(-0.0171477063198796,0.00689989132798418,0.));
#2791=CARTESIAN_POINT('',(-0.0194711758246115,0.00657925101518577,-0.002));
#2792=CARTESIAN_POINT('',(-0.0194711758246115,0.00657925101518577,0.));
#2793=CARTESIAN_POINT('',(-0.0226902927515735,0.00610417654727897,-0.002));
#2794=CARTESIAN_POINT('',(-0.0226902927515735,0.00610417654727897,0.));
#2795=CARTESIAN_POINT('',(-0.0266997910302713,0.00540186082889029,-0.002));
#2796=CARTESIAN_POINT('',(-0.0266997910302713,0.00540186082889029,-4.33680868994202E-19));
#2797=CARTESIAN_POINT('',(-0.0308925465683331,0.00432716078669156,-0.002));
#2798=CARTESIAN_POINT('',(-0.0308925465683331,0.00432716078669156,-4.33680868994202E-19));
#2799=CARTESIAN_POINT('',(-0.0344046267068792,0.00313396286835307,-0.002));
#2800=CARTESIAN_POINT('',(-0.0344046267068792,0.00313396286835307,4.33680868994202E-19));
#2801=CARTESIAN_POINT('',(-0.0370716710611304,0.00195075552591545,-0.002));
#2802=CARTESIAN_POINT('',(-0.0370716710611304,0.00195075552591545,-4.33680868994202E-19));
#2803=CARTESIAN_POINT('',(-0.0384213161093772,0.00110663289718419,-0.002));
#2804=CARTESIAN_POINT('',(-0.0384213161093772,0.00110663289718419,4.33680868994202E-19));
#2805=CARTESIAN_POINT('',(-0.0388385050490381,0.00070928372470258,-0.002));
#2806=CARTESIAN_POINT('',(-0.0388385050490381,0.00070928372470258,0.));
#2807=CARTESIAN_POINT('',(-0.0389703080992672,0.000532736606654216,-0.002));
#2808=CARTESIAN_POINT('',(-0.0389703080992672,0.000532736606654216,4.33680868994202E-19));
#2809=CARTESIAN_POINT('',(-0.0391073303516308,0.000254911682542443,-0.002));
#2810=CARTESIAN_POINT('',(-0.0391073303516308,0.000254911682542443,-4.33680868994202E-19));
#2811=CARTESIAN_POINT('',(-0.0392242540765633,-0.000118385389176925,-0.002));
#2812=CARTESIAN_POINT('',(-0.0392242540765633,-0.000118385389176925,4.33680868994202E-19));
#2813=CARTESIAN_POINT('',(-0.0392499770393556,-0.000419209963540646,-0.002));
#2814=CARTESIAN_POINT('',(-0.0392499770393556,-0.000419209963540646,0.));
#2815=CARTESIAN_POINT('',(-0.0392348205748396,-0.000461023577683327,-0.002));
#2816=CARTESIAN_POINT('',(-0.0392348205748396,-0.000461023577683327,0.));
#2817=CARTESIAN_POINT('',(-0.0392420545611589,-0.000462720140216172,-0.002));
#2818=CARTESIAN_POINT('',(-0.0392420545611589,-0.000462720140216172,4.33680868994202E-19));
#2819=CARTESIAN_POINT('',(-0.0390912957995927,-0.000673383548118106,-0.002));
#2820=CARTESIAN_POINT('',(-0.0390912957995927,-0.000673383548118106,0.));
#2821=CARTESIAN_POINT('',(-0.0386889658504984,-0.00103318352084507,-0.002));
#2822=CARTESIAN_POINT('',(-0.0386889658504984,-0.00103318352084507,0.));
#2823=CARTESIAN_POINT('',(-0.0378279726441611,-0.00166573842310325,-0.002));
#2824=CARTESIAN_POINT('',(-0.0378279726441611,-0.00166573842310325,0.));
#2825=CARTESIAN_POINT('',(-0.0367139509894594,-0.00239582307757023,-0.002));
#2826=CARTESIAN_POINT('',(-0.0367139509894594,-0.00239582307757023,0.));
#2827=CARTESIAN_POINT('',(-0.0355577985770127,-0.00327980947227149,-0.002));
#2828=CARTESIAN_POINT('',(-0.0355577985770127,-0.00327980947227149,0.));
#2829=CARTESIAN_POINT('',(-0.0346027797711794,-0.00416372868385215,-0.002));
#2830=CARTESIAN_POINT('',(-0.0346027797711794,-0.00416372868385215,0.));
#2831=CARTESIAN_POINT('',(-0.033919100475849,-0.00483247596304707,-0.002));
#2832=CARTESIAN_POINT('',(-0.033919100475849,-0.00483247596304707,4.33680868994202E-19));
#2833=CARTESIAN_POINT('',(-0.0330749568860732,-0.00544464541936081,-0.002));
#2834=CARTESIAN_POINT('',(-0.0330749568860732,-0.00544464541936081,0.));
#2835=CARTESIAN_POINT('',(-0.0318748264745793,-0.00613816222988659,-0.002));
#2836=CARTESIAN_POINT('',(-0.0318748264745793,-0.00613816222988659,4.33680868994202E-19));
#2837=CARTESIAN_POINT('',(-0.0298384255972347,-0.00705230542178217,-0.002));
#2838=CARTESIAN_POINT('',(-0.0298384255972347,-0.00705230542178217,0.));
#2839=CARTESIAN_POINT('',(-0.0268958102474478,-0.00805072058675472,-0.002));
#2840=CARTESIAN_POINT('',(-0.0268958102474478,-0.00805072058675472,0.));
#2841=CARTESIAN_POINT('',(-0.0237834588279235,-0.0088186375804915,-0.002));
#2842=CARTESIAN_POINT('',(-0.0237834588279235,-0.0088186375804915,-4.33680868994202E-19));
#2843=CARTESIAN_POINT('',(-0.0212205738967079,-0.00923356421325167,-0.002));
#2844=CARTESIAN_POINT('',(-0.0212205738967079,-0.00923356421325167,-4.33680868994202E-19));
#2845=CARTESIAN_POINT('',(-0.0193578077121599,-0.00947347507990823,-0.002));
#2846=CARTESIAN_POINT('',(-0.0193578077121599,-0.00947347507990823,4.33680868994202E-19));
#2847=CARTESIAN_POINT('',(-0.0180981806947734,-0.00961430974337245,-0.002));
#2848=CARTESIAN_POINT('',(-0.0180981806947734,-0.00961430974337245,0.));
#2849=CARTESIAN_POINT('',(-0.017003111800183,-0.00972894256634996,-0.002));
#2850=CARTESIAN_POINT('',(-0.017003111800183,-0.00972894256634996,-4.33680868994202E-19));
#2851=CARTESIAN_POINT('',(-0.0162849733494133,-0.00980272194741038,-0.002));
#2852=CARTESIAN_POINT('',(-0.0162849733494133,-0.00980272194741038,4.33680868994202E-19));
#2853=CARTESIAN_POINT('',(-0.0157064979887992,-0.00988472725142267,-0.002));
#2854=CARTESIAN_POINT('',(-0.0157064979887992,-0.00988472725142267,-8.67361737988404E-19));
#2855=CARTESIAN_POINT('',(-0.0152266468404345,-0.00998851162740234,-0.002));
#2856=CARTESIAN_POINT('',(-0.0152266468404345,-0.00998851162740234,4.33680868994202E-19));
#2857=CARTESIAN_POINT('',(-0.0146624031975195,-0.0101891744609625,-0.002));
#2858=CARTESIAN_POINT('',(-0.0146624031975195,-0.0101891744609625,0.));
#2859=CARTESIAN_POINT('',(-0.0140155081481643,-0.0105999129448447,-0.002));
#2860=CARTESIAN_POINT('',(-0.0140155081481643,-0.0105999129448447,4.33680868994202E-19));
#2861=CARTESIAN_POINT('',(-0.0135020053775649,-0.0112292611768922,-0.002));
#2862=CARTESIAN_POINT('',(-0.0135020053775649,-0.0112292611768922,0.));
#2863=CARTESIAN_POINT('',(-0.0132600219016238,-0.0117531221872062,-0.002));
#2864=CARTESIAN_POINT('',(-0.0132600219016238,-0.0117531221872062,-4.33680868994202E-19));
#2865=CARTESIAN_POINT('',(-0.0131235964981986,-0.0121508052327445,-0.002));
#2866=CARTESIAN_POINT('',(-0.0131235964981986,-0.0121508052327445,0.));
#2867=CARTESIAN_POINT('',(-0.0129944732662562,-0.0125817672949325,-0.002));
#2868=CARTESIAN_POINT('',(-0.0129944732662562,-0.0125817672949325,0.));
#2869=CARTESIAN_POINT('',(-0.012847780051168,-0.0130347507933279,-0.002));
#2870=CARTESIAN_POINT('',(-0.012847780051168,-0.0130347507933279,0.));
#2871=CARTESIAN_POINT('',(-0.0124743722221436,-0.0138920249196075,-0.002));
#2872=CARTESIAN_POINT('',(-0.0124743722221436,-0.0138920249196075,0.));
#2873=CARTESIAN_POINT('',(-0.0119585749368411,-0.0149160974322986,-0.002));
#2874=CARTESIAN_POINT('',(-0.0119585749368411,-0.0149160974322986,0.));
#2875=CARTESIAN_POINT('',(-0.0113341336950811,-0.0160350862754648,-0.002));
#2876=CARTESIAN_POINT('',(-0.0113341336950811,-0.0160350862754648,0.));
#2877=CARTESIAN_POINT('',(-0.0106371372279788,-0.0171759912619605,-0.002));
#2878=CARTESIAN_POINT('',(-0.0106371372279788,-0.0171759912619605,0.));
#2879=CARTESIAN_POINT('',(-0.00965766722539955,-0.018639084958729,-0.002));
#2880=CARTESIAN_POINT('',(-0.00965766722539955,-0.018639084958729,0.));
#2881=CARTESIAN_POINT('',(-0.00844109629380042,-0.0201696199287384,-0.002));
#2882=CARTESIAN_POINT('',(-0.00844109629380042,-0.0201696199287384,-4.33680868994202E-19));
#2883=CARTESIAN_POINT('',(-0.0072910347115966,-0.021285223289556,-0.002));
#2884=CARTESIAN_POINT('',(-0.0072910347115966,-0.021285223289556,8.67361737988404E-19));
#2885=CARTESIAN_POINT('',(-0.00647074548593876,-0.0219162165457494,-0.002));
#2886=CARTESIAN_POINT('',(-0.00647074548593876,-0.0219162165457494,-4.33680868994202E-19));
#2887=CARTESIAN_POINT('',(-0.00610762855733914,-0.02214233250317,-0.002));
#2888=CARTESIAN_POINT('',(-0.00610762855733914,-0.02214233250317,0.));
#2889=CARTESIAN_POINT('',(-0.00596964336142607,-0.0222159510765814,-0.002));
#2890=CARTESIAN_POINT('',(-0.00596964336142607,-0.0222159510765814,0.));
#2891=CARTESIAN_POINT('',(-0.00830420643592301,0.010102481051098,0.));
#2892=CARTESIAN_POINT('',(-0.00830829423140191,0.0100862172853385,0.));
#2893=CARTESIAN_POINT('',(-0.00832303869534797,0.010023592099,0.));
#2894=CARTESIAN_POINT('',(-0.00838583420040775,0.0097758236509789,0.));
#2895=CARTESIAN_POINT('',(-0.00855544539194949,0.0093483318040365,0.));
#2896=CARTESIAN_POINT('',(-0.00889629324717444,0.00886746252687985,0.));
#2897=CARTESIAN_POINT('',(-0.00924222885691165,0.00857556346216145,0.));
#2898=CARTESIAN_POINT('',(-0.00949864423186436,0.00841160544554036,0.));
#2899=CARTESIAN_POINT('',(-0.00972964157515361,0.00828647772594817,0.));
#2900=CARTESIAN_POINT('',(-0.00998951105530846,0.0081731433524194,0.));
#2901=CARTESIAN_POINT('',(-0.0102856504490953,0.00806778137895914,0.));
#2902=CARTESIAN_POINT('',(-0.0105835817133017,0.00797821043231385,0.));
#2903=CARTESIAN_POINT('',(-0.0109955395564335,0.00787041077545946,0.));
#2904=CARTESIAN_POINT('',(-0.0115517591681416,0.00774807429437188,0.));
#2905=CARTESIAN_POINT('',(-0.0123014561121134,0.00760830480391957,0.));
#2906=CARTESIAN_POINT('',(-0.0131340680514867,0.00747076393074439,0.));
#2907=CARTESIAN_POINT('',(-0.014045095214335,0.00733255675374774,0.));
#2908=CARTESIAN_POINT('',(-0.0153545480161507,0.00714485400964378,0.));
#2909=CARTESIAN_POINT('',(-0.017147613001457,0.00689989636792746,0.));
#2910=CARTESIAN_POINT('',(-0.0194715171706598,0.00657923794709193,0.));
#2911=CARTESIAN_POINT('',(-0.0218842414540628,0.00622299239668769,0.));
#2912=CARTESIAN_POINT('',(-0.0238964060590809,0.00588972739802241,0.));
#2913=CARTESIAN_POINT('',(-0.0254630766503113,0.00559777099662437,0.));
#2914=CARTESIAN_POINT('',(-0.0269825179674021,0.00528828529181648,0.));
#2915=CARTESIAN_POINT('',(-0.0287922145049565,0.00486468687355306,0.));
#2916=CARTESIAN_POINT('',(-0.0308081640472972,0.00431229095205406,0.));
#2917=CARTESIAN_POINT('',(-0.0326497333163377,0.00373061616224033,0.));
#2918=CARTESIAN_POINT('',(-0.0342990861179443,0.00313516215587483,0.));
#2919=CARTESIAN_POINT('',(-0.0357366466688664,0.00254250300027941,0.));
#2920=CARTESIAN_POINT('',(-0.0369405249561002,0.00197155619574675,0.));
#2921=CARTESIAN_POINT('',(-0.0377265954736506,0.00153364733277966,0.));
#2922=CARTESIAN_POINT('',(-0.0382065709314185,0.00122525150130988,0.));
#2923=CARTESIAN_POINT('',(-0.038576035523051,0.000957657192821242,0.));
#2924=CARTESIAN_POINT('',(-0.0387863006455422,0.000760889824280314,0.));
#2925=CARTESIAN_POINT('',(-0.0389049358093945,0.000617612064068288,0.));
#2926=CARTESIAN_POINT('',(-0.0389718409945412,0.000518560564786815,0.));
#2927=CARTESIAN_POINT('',(-0.039024280174239,0.000422499686336413,0.));
#2928=CARTESIAN_POINT('',(-0.0390693211796836,0.000324517140036484,0.));
#2929=CARTESIAN_POINT('',(-0.0391162189620071,0.000210903906943408,0.));
#2930=CARTESIAN_POINT('',(-0.0391671323994028,6.42740064443079E-5,0.));
#2931=CARTESIAN_POINT('',(-0.0392123002909705,-0.000109419898653935,0.));
#2932=CARTESIAN_POINT('',(-0.0392379901339549,-0.000264434249534567,0.));
#2933=CARTESIAN_POINT('',(-0.0392453625273349,-0.000384241698836797,0.));
#2934=CARTESIAN_POINT('',(-0.0392395425655307,-0.000454847776141152,0.));
#2935=CARTESIAN_POINT('',(-0.0392383428230712,-0.000453705657957892,0.));
#2936=CARTESIAN_POINT('',(-0.0392384000420574,-0.000456354006517405,0.));
#2937=CARTESIAN_POINT('',(-0.0392169373619451,-0.000501029771047368,0.));
#2938=CARTESIAN_POINT('',(-0.0390914000798775,-0.000672181244652059,0.));
#2939=CARTESIAN_POINT('',(-0.0386885584721596,-0.00103391339859915,0.));
#2940=CARTESIAN_POINT('',(-0.0380447461788157,-0.0015058824899886,0.));
#2941=CARTESIAN_POINT('',(-0.0373951812488593,-0.00194841350065075,0.));
#2942=CARTESIAN_POINT('',(-0.0368435472672184,-0.00232828230490048,0.));
#2943=CARTESIAN_POINT('',(-0.0364216232907107,-0.00262697169306669,0.));
#2944=CARTESIAN_POINT('',(-0.0360689134727456,-0.00288924515753072,0.));
#2945=CARTESIAN_POINT('',(-0.0357888655904168,-0.00310926996105004,0.));
#2946=CARTESIAN_POINT('',(-0.0355114111698524,-0.00333742220941159,0.));
#2947=CARTESIAN_POINT('',(-0.0351970756868352,-0.00361386642576751,0.));
#2948=CARTESIAN_POINT('',(-0.0347462068022388,-0.0040335850717629,0.));
#2949=CARTESIAN_POINT('',(-0.0342609518233691,-0.00450067052416882,0.));
#2950=CARTESIAN_POINT('',(-0.0338016195149849,-0.00490324233588619,0.));
#2951=CARTESIAN_POINT('',(-0.0333889721699569,-0.00521644021622746,0.));
#2952=CARTESIAN_POINT('',(-0.0329263687222172,-0.00553058436942505,0.));
#2953=CARTESIAN_POINT('',(-0.0321746986506367,-0.00596474717359766,0.));
#2954=CARTESIAN_POINT('',(-0.0310591619804459,-0.00650485653204515,0.));
#2955=CARTESIAN_POINT('',(-0.0297760650589809,-0.00703991869905305,0.));
#2956=CARTESIAN_POINT('',(-0.0283681970700646,-0.00755074453713376,0.));
#2957=CARTESIAN_POINT('',(-0.026875261363008,-0.00802132364618882,0.));
#2958=CARTESIAN_POINT('',(-0.0253358828928515,-0.00843778622740391,0.));
#2959=CARTESIAN_POINT('',(-0.0237890539781143,-0.00878429090854006,0.));
#2960=CARTESIAN_POINT('',(-0.0222455436642965,-0.00906687058696056,0.));
#2961=CARTESIAN_POINT('',(-0.0207548560551414,-0.00929376001129148,0.));
#2962=CARTESIAN_POINT('',(-0.0193580970987754,-0.00947332572759257,0.));
#2963=CARTESIAN_POINT('',(-0.0180970494437406,-0.00961468907125943,0.));
#2964=CARTESIAN_POINT('',(-0.0171889644220384,-0.00970876035114136,0.));
#2965=CARTESIAN_POINT('',(-0.0165664409289649,-0.00977507246989107,0.));
#2966=CARTESIAN_POINT('',(-0.0161419451425276,-0.00982269343436113,0.));
#2967=CARTESIAN_POINT('',(-0.0157059232564843,-0.00988498433272715,0.));
#2968=CARTESIAN_POINT('',(-0.0152273551364269,-0.00998801314123668,0.));
#2969=CARTESIAN_POINT('',(-0.0147546798109578,-0.0101570949604734,0.));
#2970=CARTESIAN_POINT('',(-0.014341989202329,-0.0103921876509489,0.));
#2971=CARTESIAN_POINT('',(-0.0140334885271787,-0.0106267181209869,0.));
#2972=CARTESIAN_POINT('',(-0.0137504978566972,-0.0109190272823374,0.));
#2973=CARTESIAN_POINT('',(-0.0135375283183253,-0.0112148973063703,0.));
#2974=CARTESIAN_POINT('',(-0.0133829404300494,-0.0114914633318006,0.));
#2975=CARTESIAN_POINT('',(-0.0132361873611728,-0.0118191977652719,0.));
#2976=CARTESIAN_POINT('',(-0.0131238353048442,-0.0121512913497041,0.));
#2977=CARTESIAN_POINT('',(-0.0130271629768448,-0.0124724254503675,0.));
#2978=CARTESIAN_POINT('',(-0.0129494617987768,-0.0127194708195642,0.));
#2979=CARTESIAN_POINT('',(-0.0128801040477825,-0.01291727292215,0.));
#2980=CARTESIAN_POINT('',(-0.012795814594143,-0.01313931910594,0.));
#2981=CARTESIAN_POINT('',(-0.0126604092540231,-0.0134652601562231,0.));
#2982=CARTESIAN_POINT('',(-0.0123887905714415,-0.014061622712438,0.));
#2983=CARTESIAN_POINT('',(-0.0119584482783693,-0.0149164645670858,0.));
#2984=CARTESIAN_POINT('',(-0.0113341535210558,-0.0160349883144158,0.));
#2985=CARTESIAN_POINT('',(-0.010637184582552,-0.0171760159713694,0.));
#2986=CARTESIAN_POINT('',(-0.00990232548177689,-0.0182733106579506,0.));
#2987=CARTESIAN_POINT('',(-0.00917182847525625,-0.0192512777436696,0.));
#2988=CARTESIAN_POINT('',(-0.00845081648094582,-0.0201073682513794,0.));
#2989=CARTESIAN_POINT('',(-0.00775129458303647,-0.0208390508922143,0.));
#2990=CARTESIAN_POINT('',(-0.00708560227381518,-0.0214432274914584,0.));
#2991=CARTESIAN_POINT('',(-0.00657422602300907,-0.0218364746213668,0.));
#2992=CARTESIAN_POINT('',(-0.00619677992480872,-0.0220873143174893,0.));
#2993=CARTESIAN_POINT('',(-0.00603863595938259,-0.0221791417898757,0.));
#2994=CARTESIAN_POINT('',(-0.00596964336142607,-0.0222159510765814,0.));
#2995=CARTESIAN_POINT('',(-0.008304206435923,0.010102481051098,0.));
#2996=CARTESIAN_POINT('',(-0.00830420643592301,0.010102481051098,-0.002));
#2997=CARTESIAN_POINT('',(-0.00830829423140191,0.0100862172853385,-0.002));
#2998=CARTESIAN_POINT('',(-0.00832303869534797,0.010023592099,-0.002));
#2999=CARTESIAN_POINT('',(-0.00838583420040775,0.0097758236509789,-0.002));
#3000=CARTESIAN_POINT('',(-0.00855544539194949,0.0093483318040365,-0.002));
#3001=CARTESIAN_POINT('',(-0.00889629324717444,0.00886746252687985,-0.002));
#3002=CARTESIAN_POINT('',(-0.00924222885691165,0.00857556346216145,-0.002));
#3003=CARTESIAN_POINT('',(-0.00949864423186436,0.00841160544554036,-0.002));
#3004=CARTESIAN_POINT('',(-0.00972964157515361,0.00828647772594817,-0.002));
#3005=CARTESIAN_POINT('',(-0.00998951105530846,0.0081731433524194,-0.002));
#3006=CARTESIAN_POINT('',(-0.0102856504490953,0.00806778137895914,-0.002));
#3007=CARTESIAN_POINT('',(-0.0105835817133017,0.00797821043231385,-0.002));
#3008=CARTESIAN_POINT('',(-0.0109955395564335,0.00787041077545946,-0.002));
#3009=CARTESIAN_POINT('',(-0.0115517591681416,0.00774807429437188,-0.002));
#3010=CARTESIAN_POINT('',(-0.0123014561121134,0.00760830480391957,-0.002));
#3011=CARTESIAN_POINT('',(-0.0131340680514867,0.00747076393074439,-0.002));
#3012=CARTESIAN_POINT('',(-0.014045095214335,0.00733255675374774,-0.002));
#3013=CARTESIAN_POINT('',(-0.0153545480161507,0.00714485400964378,-0.002));
#3014=CARTESIAN_POINT('',(-0.017147613001457,0.00689989636792746,-0.002));
#3015=CARTESIAN_POINT('',(-0.0194715171706598,0.00657923794709193,-0.002));
#3016=CARTESIAN_POINT('',(-0.0218842414540628,0.00622299239668769,-0.002));
#3017=CARTESIAN_POINT('',(-0.0238964060590809,0.00588972739802241,-0.002));
#3018=CARTESIAN_POINT('',(-0.0254630766503113,0.00559777099662437,-0.002));
#3019=CARTESIAN_POINT('',(-0.0269825179674021,0.00528828529181648,-0.002));
#3020=CARTESIAN_POINT('',(-0.0287922145049565,0.00486468687355306,-0.002));
#3021=CARTESIAN_POINT('',(-0.0308081640472972,0.00431229095205406,-0.002));
#3022=CARTESIAN_POINT('',(-0.0326497333163377,0.00373061616224033,-0.002));
#3023=CARTESIAN_POINT('',(-0.0342990861179443,0.00313516215587483,-0.002));
#3024=CARTESIAN_POINT('',(-0.0357366466688664,0.00254250300027941,-0.002));
#3025=CARTESIAN_POINT('',(-0.0369405249561002,0.00197155619574675,-0.002));
#3026=CARTESIAN_POINT('',(-0.0377265954736506,0.00153364733277966,-0.002));
#3027=CARTESIAN_POINT('',(-0.0382065709314185,0.00122525150130988,-0.002));
#3028=CARTESIAN_POINT('',(-0.038576035523051,0.000957657192821242,-0.002));
#3029=CARTESIAN_POINT('',(-0.0387863006455422,0.000760889824280314,-0.002));
#3030=CARTESIAN_POINT('',(-0.0389049358093945,0.000617612064068288,-0.002));
#3031=CARTESIAN_POINT('',(-0.0389718409945412,0.000518560564786815,-0.002));
#3032=CARTESIAN_POINT('',(-0.039024280174239,0.000422499686336413,-0.002));
#3033=CARTESIAN_POINT('',(-0.0390693211796836,0.000324517140036484,-0.002));
#3034=CARTESIAN_POINT('',(-0.0391162189620071,0.000210903906943408,-0.002));
#3035=CARTESIAN_POINT('',(-0.0391671323994028,6.42740064443079E-5,-0.002));
#3036=CARTESIAN_POINT('',(-0.0392123002909705,-0.000109419898653935,-0.002));
#3037=CARTESIAN_POINT('',(-0.0392379901339549,-0.000264434249534567,-0.002));
#3038=CARTESIAN_POINT('',(-0.0392453625273349,-0.000384241698836797,-0.002));
#3039=CARTESIAN_POINT('',(-0.0392395425655307,-0.000454847776141152,-0.002));
#3040=CARTESIAN_POINT('',(-0.0392383428230712,-0.000453705657957892,-0.002));
#3041=CARTESIAN_POINT('',(-0.0392384000420574,-0.000456354006517405,-0.002));
#3042=CARTESIAN_POINT('',(-0.0392169373619451,-0.000501029771047368,-0.002));
#3043=CARTESIAN_POINT('',(-0.0390914000798775,-0.000672181244652059,-0.002));
#3044=CARTESIAN_POINT('',(-0.0386885584721596,-0.00103391339859915,-0.002));
#3045=CARTESIAN_POINT('',(-0.0380447461788157,-0.0015058824899886,-0.002));
#3046=CARTESIAN_POINT('',(-0.0373951812488593,-0.00194841350065075,-0.002));
#3047=CARTESIAN_POINT('',(-0.0368435472672184,-0.00232828230490048,-0.002));
#3048=CARTESIAN_POINT('',(-0.0364216232907107,-0.00262697169306669,-0.002));
#3049=CARTESIAN_POINT('',(-0.0360689134727456,-0.00288924515753072,-0.002));
#3050=CARTESIAN_POINT('',(-0.0357888655904168,-0.00310926996105004,-0.002));
#3051=CARTESIAN_POINT('',(-0.0355114111698524,-0.00333742220941159,-0.002));
#3052=CARTESIAN_POINT('',(-0.0351970756868352,-0.00361386642576751,-0.002));
#3053=CARTESIAN_POINT('',(-0.0347462068022388,-0.0040335850717629,-0.002));
#3054=CARTESIAN_POINT('',(-0.0342609518233691,-0.00450067052416882,-0.002));
#3055=CARTESIAN_POINT('',(-0.0338016195149849,-0.00490324233588619,-0.002));
#3056=CARTESIAN_POINT('',(-0.0333889721699569,-0.00521644021622746,-0.002));
#3057=CARTESIAN_POINT('',(-0.0329263687222172,-0.00553058436942505,-0.002));
#3058=CARTESIAN_POINT('',(-0.0321746986506367,-0.00596474717359766,-0.002));
#3059=CARTESIAN_POINT('',(-0.0310591619804459,-0.00650485653204515,-0.002));
#3060=CARTESIAN_POINT('',(-0.0297760650589809,-0.00703991869905305,-0.002));
#3061=CARTESIAN_POINT('',(-0.0283681970700646,-0.00755074453713376,-0.002));
#3062=CARTESIAN_POINT('',(-0.026875261363008,-0.00802132364618882,-0.002));
#3063=CARTESIAN_POINT('',(-0.0253358828928515,-0.00843778622740391,-0.002));
#3064=CARTESIAN_POINT('',(-0.0237890539781143,-0.00878429090854006,-0.002));
#3065=CARTESIAN_POINT('',(-0.0222455436642965,-0.00906687058696056,-0.002));
#3066=CARTESIAN_POINT('',(-0.0207548560551414,-0.00929376001129148,-0.002));
#3067=CARTESIAN_POINT('',(-0.0193580970987754,-0.00947332572759257,-0.002));
#3068=CARTESIAN_POINT('',(-0.0180970494437406,-0.00961468907125943,-0.002));
#3069=CARTESIAN_POINT('',(-0.0171889644220384,-0.00970876035114136,-0.002));
#3070=CARTESIAN_POINT('',(-0.0165664409289649,-0.00977507246989107,-0.002));
#3071=CARTESIAN_POINT('',(-0.0161419451425276,-0.00982269343436113,-0.002));
#3072=CARTESIAN_POINT('',(-0.0157059232564843,-0.00988498433272715,-0.002));
#3073=CARTESIAN_POINT('',(-0.0152273551364269,-0.00998801314123668,-0.002));
#3074=CARTESIAN_POINT('',(-0.0147546798109578,-0.0101570949604734,-0.002));
#3075=CARTESIAN_POINT('',(-0.014341989202329,-0.0103921876509489,-0.002));
#3076=CARTESIAN_POINT('',(-0.0140334885271787,-0.0106267181209869,-0.002));
#3077=CARTESIAN_POINT('',(-0.0137504978566972,-0.0109190272823374,-0.002));
#3078=CARTESIAN_POINT('',(-0.0135375283183253,-0.0112148973063703,-0.002));
#3079=CARTESIAN_POINT('',(-0.0133829404300494,-0.0114914633318006,-0.002));
#3080=CARTESIAN_POINT('',(-0.0132361873611728,-0.0118191977652719,-0.002));
#3081=CARTESIAN_POINT('',(-0.0131238353048442,-0.0121512913497041,-0.002));
#3082=CARTESIAN_POINT('',(-0.0130271629768448,-0.0124724254503675,-0.002));
#3083=CARTESIAN_POINT('',(-0.0129494617987768,-0.0127194708195642,-0.002));
#3084=CARTESIAN_POINT('',(-0.0128801040477825,-0.01291727292215,-0.002));
#3085=CARTESIAN_POINT('',(-0.012795814594143,-0.01313931910594,-0.002));
#3086=CARTESIAN_POINT('',(-0.0126604092540231,-0.0134652601562231,-0.002));
#3087=CARTESIAN_POINT('',(-0.0123887905714415,-0.014061622712438,-0.002));
#3088=CARTESIAN_POINT('',(-0.0119584482783693,-0.0149164645670858,-0.002));
#3089=CARTESIAN_POINT('',(-0.0113341535210558,-0.0160349883144158,-0.002));
#3090=CARTESIAN_POINT('',(-0.010637184582552,-0.0171760159713694,-0.002));
#3091=CARTESIAN_POINT('',(-0.00990232548177689,-0.0182733106579506,-0.002));
#3092=CARTESIAN_POINT('',(-0.00917182847525625,-0.0192512777436696,-0.002));
#3093=CARTESIAN_POINT('',(-0.00845081648094582,-0.0201073682513794,-0.002));
#3094=CARTESIAN_POINT('',(-0.00775129458303647,-0.0208390508922143,-0.002));
#3095=CARTESIAN_POINT('',(-0.00708560227381518,-0.0214432274914584,-0.002));
#3096=CARTESIAN_POINT('',(-0.00657422602300907,-0.0218364746213668,-0.002));
#3097=CARTESIAN_POINT('',(-0.00619677992480872,-0.0220873143174893,-0.002));
#3098=CARTESIAN_POINT('',(-0.00603863595938259,-0.0221791417898757,-0.002));
#3099=CARTESIAN_POINT('',(-0.00596964336142607,-0.0222159510765814,-0.002));
#3100=CARTESIAN_POINT('',(-0.008304206435923,0.010102481051098,-0.002));
#3101=CARTESIAN_POINT('',(-0.008304206435923,0.010102481051098,-0.002));
#3102=CARTESIAN_POINT('',(0.00337755058674173,0.0206352820411375,-0.002));
#3103=CARTESIAN_POINT('',(0.00337755058674173,0.0206352820411375,0.));
#3104=CARTESIAN_POINT('',(0.00327649421632486,0.0206003624965551,-0.002));
#3105=CARTESIAN_POINT('',(0.00327649421632486,0.0206003624965551,0.));
#3106=CARTESIAN_POINT('',(0.00280305872954192,0.020382258012826,-0.002));
#3107=CARTESIAN_POINT('',(0.00280305872954192,0.020382258012826,-8.67361737988404E-19));
#3108=CARTESIAN_POINT('',(0.00136820519176667,0.0193577027498987,-0.002));
#3109=CARTESIAN_POINT('',(0.00136820519176667,0.0193577027498987,8.67361737988404E-19));
#3110=CARTESIAN_POINT('',(-0.000495608458648786,0.0178476666210339,-0.002));
#3111=CARTESIAN_POINT('',(-0.000495608458648786,0.0178476666210339,-1.73472347597681E-18));
#3112=CARTESIAN_POINT('',(-0.00254462840820292,0.0160596124426357,-0.002));
#3113=CARTESIAN_POINT('',(-0.00254462840820292,0.0160596124426357,1.73472347597681E-18));
#3114=CARTESIAN_POINT('',(-0.00457877609094083,0.0141731636676052,-0.002));
#3115=CARTESIAN_POINT('',(-0.00457877609094083,0.0141731636676052,-2.60208521396521E-18));
#3116=CARTESIAN_POINT('',(-0.00639508165751387,0.012373633867258,-0.002));
#3117=CARTESIAN_POINT('',(-0.00639508165751387,0.012373633867258,1.73472347597681E-18));
#3118=CARTESIAN_POINT('',(-0.00755469793427927,0.0111036471397052,-0.002));
#3119=CARTESIAN_POINT('',(-0.00755469793427927,0.0111036471397052,-8.67361737988404E-19));
#3120=CARTESIAN_POINT('',(-0.00814035231610035,0.0103672329282522,-0.002));
#3121=CARTESIAN_POINT('',(-0.00814035231610035,0.0103672329282522,4.33680868994202E-19));
#3122=CARTESIAN_POINT('',(-0.00828400225722086,0.0101390082089263,-0.002));
#3123=CARTESIAN_POINT('',(-0.00828400225722086,0.0101390082089263,0.));
#3124=CARTESIAN_POINT('',(-0.00830420643592298,0.0101024810510981,-0.002));
#3125=CARTESIAN_POINT('',(-0.00830420643592298,0.0101024810510981,0.));
#3126=CARTESIAN_POINT('',(0.00337755058674173,0.0206352820411375,0.));
#3127=CARTESIAN_POINT('',(0.0033270224015333,0.0206178222688463,0.));
#3128=CARTESIAN_POINT('',(0.00315711090225659,0.0205482842423922,0.));
#3129=CARTESIAN_POINT('',(0.00271202634793987,0.02029393520037,0.));
#3130=CARTESIAN_POINT('',(0.00208843577563483,0.0198721244957504,0.));
#3131=CARTESIAN_POINT('',(0.00105594969268034,0.0191047897071772,0.));
#3132=CARTESIAN_POINT('',(-0.000495048517398443,0.0178481092402888,0.));
#3133=CARTESIAN_POINT('',(-0.00254481231613332,0.0160594189149603,0.));
#3134=CARTESIAN_POINT('',(-0.00457860040046929,0.0141734951590522,0.));
#3135=CARTESIAN_POINT('',(-0.00609276715963597,0.0126726670507966,0.));
#3136=CARTESIAN_POINT('',(-0.00709016098787587,0.0116131747421714,0.));
#3137=CARTESIAN_POINT('',(-0.00770126793806542,0.0109195906449908,0.));
#3138=CARTESIAN_POINT('',(-0.0080672255884058,0.0104578582610085,0.));
#3139=CARTESIAN_POINT('',(-0.00824791436421508,0.0101986225757436,0.));
#3140=CARTESIAN_POINT('',(-0.00829410434657192,0.0101207446300122,0.));
#3141=CARTESIAN_POINT('',(-0.00830420643592298,0.0101024810510981,0.));
#3142=CARTESIAN_POINT('',(0.00337755058674189,0.0206352820411371,0.));
#3143=CARTESIAN_POINT('',(0.00337755058674173,0.0206352820411375,-0.002));
#3144=CARTESIAN_POINT('',(0.0033270224015333,0.0206178222688463,-0.002));
#3145=CARTESIAN_POINT('',(0.00315711090225659,0.0205482842423922,-0.002));
#3146=CARTESIAN_POINT('',(0.00271202634793987,0.02029393520037,-0.002));
#3147=CARTESIAN_POINT('',(0.00208843577563483,0.0198721244957504,-0.002));
#3148=CARTESIAN_POINT('',(0.00105594969268034,0.0191047897071772,-0.002));
#3149=CARTESIAN_POINT('',(-0.000495048517398443,0.0178481092402888,-0.002));
#3150=CARTESIAN_POINT('',(-0.00254481231613332,0.0160594189149603,-0.002));
#3151=CARTESIAN_POINT('',(-0.00457860040046929,0.0141734951590522,-0.002));
#3152=CARTESIAN_POINT('',(-0.00609276715963597,0.0126726670507966,-0.002));
#3153=CARTESIAN_POINT('',(-0.00709016098787587,0.0116131747421714,-0.002));
#3154=CARTESIAN_POINT('',(-0.00770126793806542,0.0109195906449908,-0.002));
#3155=CARTESIAN_POINT('',(-0.0080672255884058,0.0104578582610085,-0.002));
#3156=CARTESIAN_POINT('',(-0.00824791436421508,0.0101986225757436,-0.002));
#3157=CARTESIAN_POINT('',(-0.00829410434657192,0.0101207446300122,-0.002));
#3158=CARTESIAN_POINT('',(-0.00830420643592298,0.0101024810510981,-0.002));
#3159=CARTESIAN_POINT('',(0.00337755058674189,0.0206352820411371,-0.002));
#3160=CARTESIAN_POINT('',(0.00337755058674189,0.0206352820411371,-0.002));
#3161=CARTESIAN_POINT('',(0.0037937583963206,0.0202565394671443,-0.002));
#3162=CARTESIAN_POINT('',(0.0037937583963206,0.0202565394671443,0.));
#3163=CARTESIAN_POINT('',(0.00379248954985686,0.0202608802305145,-0.002));
#3164=CARTESIAN_POINT('',(0.00379248954985686,0.0202608802305145,0.));
#3165=CARTESIAN_POINT('',(0.00373459874728152,0.0204025963121862,-0.002));
#3166=CARTESIAN_POINT('',(0.00373459874728152,0.0204025963121862,0.));
#3167=CARTESIAN_POINT('',(0.00346777159783456,0.0205923073978797,-0.002));
#3168=CARTESIAN_POINT('',(0.00346777159783456,0.0205923073978797,0.));
#3169=CARTESIAN_POINT('',(0.0033775505867425,0.0206352820411368,-0.002));
#3170=CARTESIAN_POINT('',(0.0033775505867425,0.0206352820411368,0.));
#3171=CARTESIAN_POINT('',(0.0037937583963206,0.0202565394671443,0.));
#3172=CARTESIAN_POINT('',(0.00379312397308873,0.0202587098488294,0.));
#3173=CARTESIAN_POINT('',(0.00378312101016156,0.0202908563666174,0.));
#3174=CARTESIAN_POINT('',(0.00369352050943853,0.0204122122946628,0.));
#3175=CARTESIAN_POINT('',(0.003536984915466,0.0205478648338811,0.));
#3176=CARTESIAN_POINT('',(0.00342266109228853,0.0206137947195082,0.));
#3177=CARTESIAN_POINT('',(0.0033775505867425,0.0206352820411368,0.));
#3178=CARTESIAN_POINT('',(0.00379375839632233,0.0202565394671383,0.));
#3179=CARTESIAN_POINT('',(0.0037937583963206,0.0202565394671443,-0.002));
#3180=CARTESIAN_POINT('',(0.00379312397308873,0.0202587098488294,-0.002));
#3181=CARTESIAN_POINT('',(0.00378312101016156,0.0202908563666174,-0.002));
#3182=CARTESIAN_POINT('',(0.00369352050943853,0.0204122122946628,-0.002));
#3183=CARTESIAN_POINT('',(0.003536984915466,0.0205478648338811,-0.002));
#3184=CARTESIAN_POINT('',(0.00342266109228853,0.0206137947195082,-0.002));
#3185=CARTESIAN_POINT('',(0.0033775505867425,0.0206352820411368,-0.002));
#3186=CARTESIAN_POINT('',(0.00379375839632233,0.0202565394671383,-0.002));
#3187=CARTESIAN_POINT('',(0.00379375839632233,0.0202565394671383,-0.002));
#3188=CARTESIAN_POINT('',(0.0219347246090131,0.00638577734007394,-0.002));
#3189=CARTESIAN_POINT('',(0.0219347246090131,0.00638577734007394,0.));
#3190=CARTESIAN_POINT('',(0.0219046827930223,0.00639537150806745,-0.002));
#3191=CARTESIAN_POINT('',(0.0219046827930223,0.00639537150806745,0.));
#3192=CARTESIAN_POINT('',(0.0217791261402457,0.00642315699098156,-0.002));
#3193=CARTESIAN_POINT('',(0.0217791261402457,0.00642315699098156,4.33680868994202E-19));
#3194=CARTESIAN_POINT('',(0.021492042083771,0.00641851629465101,-0.002));
#3195=CARTESIAN_POINT('',(0.021492042083771,0.00641851629465101,-1.30104260698261E-18));
#3196=CARTESIAN_POINT('',(0.0212387021481639,0.00635952969012911,-0.002));
#3197=CARTESIAN_POINT('',(0.0212387021481639,0.00635952969012911,8.67361737988404E-19));
#3198=CARTESIAN_POINT('',(0.021152006622971,0.00632517385425683,-0.002));
#3199=CARTESIAN_POINT('',(0.021152006622971,0.00632517385425683,-4.33680868994202E-19));
#3200=CARTESIAN_POINT('',(0.0207456866895421,0.00609641362285199,-0.002));
#3201=CARTESIAN_POINT('',(0.0207456866895421,0.00609641362285199,-4.33680868994202E-19));
#3202=CARTESIAN_POINT('',(0.0199721116327647,0.00571690557397938,-0.002));
#3203=CARTESIAN_POINT('',(0.0199721116327647,0.00571690557397938,-4.33680868994202E-19));
#3204=CARTESIAN_POINT('',(0.0188977048239364,0.00545099179879781,-0.002));
#3205=CARTESIAN_POINT('',(0.0188977048239364,0.00545099179879781,0.));
#3206=CARTESIAN_POINT('',(0.0176798664551276,0.00540687443594164,-0.002));
#3207=CARTESIAN_POINT('',(0.0176798664551276,0.00540687443594164,0.));
#3208=CARTESIAN_POINT('',(0.0163833351671278,0.005497124374032,-0.002));
#3209=CARTESIAN_POINT('',(0.0163833351671278,0.005497124374032,-8.67361737988404E-19));
#3210=CARTESIAN_POINT('',(0.0144757110963151,0.00574929969809927,-0.002));
#3211=CARTESIAN_POINT('',(0.0144757110963151,0.00574929969809927,4.33680868994202E-19));
#3212=CARTESIAN_POINT('',(0.0118626465309869,0.00626470470138886,-0.002));
#3213=CARTESIAN_POINT('',(0.0118626465309869,0.00626470470138886,0.));
#3214=CARTESIAN_POINT('',(0.00874586637444825,0.00706633372162817,-0.002));
#3215=CARTESIAN_POINT('',(0.00874586637444825,0.00706633372162817,0.));
#3216=CARTESIAN_POINT('',(0.00652469038763142,0.00778141328165313,-0.002));
#3217=CARTESIAN_POINT('',(0.00652469038763142,0.00778141328165313,-1.30104260698261E-18));
#3218=CARTESIAN_POINT('',(0.00515106801275337,0.00833918766056196,-0.002));
#3219=CARTESIAN_POINT('',(0.00515106801275337,0.00833918766056196,8.67361737988404E-19));
#3220=CARTESIAN_POINT('',(0.00424356521146232,0.00881669531880808,-0.002));
#3221=CARTESIAN_POINT('',(0.00424356521146232,0.00881669531880808,-4.33680868994202E-19));
#3222=CARTESIAN_POINT('',(0.00338174271955755,0.0095095588363582,-0.002));
#3223=CARTESIAN_POINT('',(0.00338174271955755,0.0095095588363582,0.));
#3224=CARTESIAN_POINT('',(0.00273758311260946,0.0104913871826845,-0.002));
#3225=CARTESIAN_POINT('',(0.00273758311260946,0.0104913871826845,-4.33680868994202E-19));
#3226=CARTESIAN_POINT('',(0.00244748794133009,0.0114546406821675,-0.002));
#3227=CARTESIAN_POINT('',(0.00244748794133009,0.0114546406821675,0.));
#3228=CARTESIAN_POINT('',(0.00227939210097873,0.0126849557613537,-0.002));
#3229=CARTESIAN_POINT('',(0.00227939210097873,0.0126849557613537,0.));
#3230=CARTESIAN_POINT('',(0.00232659084096148,0.0143150586749481,-0.002));
#3231=CARTESIAN_POINT('',(0.00232659084096148,0.0143150586749481,0.));
#3232=CARTESIAN_POINT('',(0.00261687436319153,0.0160244234064916,-0.002));
#3233=CARTESIAN_POINT('',(0.00261687436319153,0.0160244234064916,0.));
#3234=CARTESIAN_POINT('',(0.00299831797865892,0.0173909366576173,-0.002));
#3235=CARTESIAN_POINT('',(0.00299831797865892,0.0173909366576173,-4.33680868994202E-19));
#3236=CARTESIAN_POINT('',(0.00340302078583269,0.0185952342451306,-0.002));
#3237=CARTESIAN_POINT('',(0.00340302078583269,0.0185952342451306,4.33680868994202E-19));
#3238=CARTESIAN_POINT('',(0.00381257020521428,0.0198292197399974,-0.002));
#3239=CARTESIAN_POINT('',(0.00381257020521428,0.0198292197399974,4.33680868994202E-19));
#3240=CARTESIAN_POINT('',(0.00379552934900954,0.0202472589909114,-0.002));
#3241=CARTESIAN_POINT('',(0.00379552934900954,0.0202472589909114,0.));
#3242=CARTESIAN_POINT('',(0.00379375839632233,0.0202565394671383,-0.002));
#3243=CARTESIAN_POINT('',(0.00379375839632233,0.0202565394671383,0.));
#3244=CARTESIAN_POINT('',(0.0219347246090131,0.00638577734007394,0.));
#3245=CARTESIAN_POINT('',(0.0219046827930223,0.00639537150806745,0.));
#3246=CARTESIAN_POINT('',(0.0217791152740265,0.00642347308904905,0.));
#3247=CARTESIAN_POINT('',(0.0215399193086198,0.00641842047435384,0.));
#3248=CARTESIAN_POINT('',(0.0213653205014257,0.00639052445821062,0.));
#3249=CARTESIAN_POINT('',(0.0212573255865627,0.00636213216826955,0.));
#3250=CARTESIAN_POINT('',(0.0212042344517208,0.00634275577813545,0.));
#3251=CARTESIAN_POINT('',(0.0211101394018975,0.00630012051487474,0.));
#3252=CARTESIAN_POINT('',(0.0209476232702787,0.00621340089237401,0.));
#3253=CARTESIAN_POINT('',(0.0206175122899048,0.00603155319705839,0.));
#3254=CARTESIAN_POINT('',(0.0201006509173596,0.00578099189038347,0.));
#3255=CARTESIAN_POINT('',(0.0194354018444133,0.00558288975134799,0.));
#3256=CARTESIAN_POINT('',(0.0188818942808804,0.00547913375669213,0.));
#3257=CARTESIAN_POINT('',(0.0182798184157027,0.00542832242699573,0.));
#3258=CARTESIAN_POINT('',(0.017671638691712,0.00542375895050384,0.));
#3259=CARTESIAN_POINT('',(0.0170341326290234,0.00545225568758528,0.));
#3260=CARTESIAN_POINT('',(0.0161434585612192,0.00552850194025131,0.));
#3261=CARTESIAN_POINT('',(0.0149527703980532,0.00568627359769206,0.));
#3262=CARTESIAN_POINT('',(0.0134316111073196,0.0059555675422455,0.));
#3263=CARTESIAN_POINT('',(0.0118647996654475,0.006287564674867,0.));
#3264=CARTESIAN_POINT('',(0.0103039667386662,0.00666554498291164,0.));
#3265=CARTESIAN_POINT('',(0.00880246188495098,0.00707331226403894,0.));
#3266=CARTESIAN_POINT('',(0.00741275294057762,0.00749567474249232,0.));
#3267=CARTESIAN_POINT('',(0.00638764913866843,0.00784928580365934,0.));
#3268=CARTESIAN_POINT('',(0.00566436494766074,0.00813114891677801,0.));
#3269=CARTESIAN_POINT('',(0.00500108888025837,0.00841797201678878,0.));
#3270=CARTESIAN_POINT('',(0.00439316216032355,0.00873820589023917,0.));
#3271=CARTESIAN_POINT('',(0.00381522978844927,0.00916141057396052,0.));
#3272=CARTESIAN_POINT('',(0.00340913498263229,0.00954670544080288,0.));
#3273=CARTESIAN_POINT('',(0.00305634948332335,0.00999808550975351,0.));
#3274=CARTESIAN_POINT('',(0.00278276124231961,0.010487888727377,0.));
#3275=CARTESIAN_POINT('',(0.00259216865872355,0.0109801078300022,0.));
#3276=CARTESIAN_POINT('',(0.00246797651018301,0.0114484286452061,0.));
#3277=CARTESIAN_POINT('',(0.00238487623954077,0.0119135044920852,0.));
#3278=CARTESIAN_POINT('',(0.00231721730843611,0.0125387536632431,0.));
#3279=CARTESIAN_POINT('',(0.0022992224827917,0.0133365585083549,0.));
#3280=CARTESIAN_POINT('',(0.00236242127806885,0.0143266998212385,0.));
#3281=CARTESIAN_POINT('',(0.00250233918939854,0.0153421084379188,0.));
#3282=CARTESIAN_POINT('',(0.00271182551848586,0.0163657698079041,0.));
#3283=CARTESIAN_POINT('',(0.00299837873785006,0.0173906333790486,0.));
#3284=CARTESIAN_POINT('',(0.00330201179584724,0.0182956548738957,0.));
#3285=CARTESIAN_POINT('',(0.00356611294716226,0.0190831516190723,0.));
#3286=CARTESIAN_POINT('',(0.0037456682847664,0.0197209503220462,0.));
#3287=CARTESIAN_POINT('',(0.00380961455749286,0.0201546418152583,0.));
#3288=CARTESIAN_POINT('',(0.00379464387266594,0.0202518992290249,0.));
#3289=CARTESIAN_POINT('',(0.00379375839632233,0.0202565394671383,0.));
#3290=CARTESIAN_POINT('',(0.0219347246090131,0.00638577734007395,0.));
#3291=CARTESIAN_POINT('',(0.0219347246090131,0.00638577734007394,-0.002));
#3292=CARTESIAN_POINT('',(0.0219046827930223,0.00639537150806745,-0.002));
#3293=CARTESIAN_POINT('',(0.0217791152740265,0.00642347308904905,-0.002));
#3294=CARTESIAN_POINT('',(0.0215399193086198,0.00641842047435384,-0.002));
#3295=CARTESIAN_POINT('',(0.0213653205014257,0.00639052445821062,-0.002));
#3296=CARTESIAN_POINT('',(0.0212573255865627,0.00636213216826955,-0.002));
#3297=CARTESIAN_POINT('',(0.0212042344517208,0.00634275577813545,-0.002));
#3298=CARTESIAN_POINT('',(0.0211101394018975,0.00630012051487474,-0.002));
#3299=CARTESIAN_POINT('',(0.0209476232702787,0.00621340089237401,-0.002));
#3300=CARTESIAN_POINT('',(0.0206175122899048,0.00603155319705839,-0.002));
#3301=CARTESIAN_POINT('',(0.0201006509173596,0.00578099189038347,-0.002));
#3302=CARTESIAN_POINT('',(0.0194354018444133,0.00558288975134799,-0.002));
#3303=CARTESIAN_POINT('',(0.0188818942808804,0.00547913375669213,-0.002));
#3304=CARTESIAN_POINT('',(0.0182798184157027,0.00542832242699573,-0.002));
#3305=CARTESIAN_POINT('',(0.017671638691712,0.00542375895050384,-0.002));
#3306=CARTESIAN_POINT('',(0.0170341326290234,0.00545225568758528,-0.002));
#3307=CARTESIAN_POINT('',(0.0161434585612192,0.00552850194025131,-0.002));
#3308=CARTESIAN_POINT('',(0.0149527703980532,0.00568627359769206,-0.002));
#3309=CARTESIAN_POINT('',(0.0134316111073196,0.0059555675422455,-0.002));
#3310=CARTESIAN_POINT('',(0.0118647996654475,0.006287564674867,-0.002));
#3311=CARTESIAN_POINT('',(0.0103039667386662,0.00666554498291164,-0.002));
#3312=CARTESIAN_POINT('',(0.00880246188495098,0.00707331226403894,-0.002));
#3313=CARTESIAN_POINT('',(0.00741275294057762,0.00749567474249232,-0.002));
#3314=CARTESIAN_POINT('',(0.00638764913866843,0.00784928580365934,-0.002));
#3315=CARTESIAN_POINT('',(0.00566436494766074,0.00813114891677801,-0.002));
#3316=CARTESIAN_POINT('',(0.00500108888025837,0.00841797201678878,-0.002));
#3317=CARTESIAN_POINT('',(0.00439316216032355,0.00873820589023917,-0.002));
#3318=CARTESIAN_POINT('',(0.00381522978844927,0.00916141057396052,-0.002));
#3319=CARTESIAN_POINT('',(0.00340913498263229,0.00954670544080288,-0.002));
#3320=CARTESIAN_POINT('',(0.00305634948332335,0.00999808550975351,-0.002));
#3321=CARTESIAN_POINT('',(0.00278276124231961,0.010487888727377,-0.002));
#3322=CARTESIAN_POINT('',(0.00259216865872355,0.0109801078300022,-0.002));
#3323=CARTESIAN_POINT('',(0.00246797651018301,0.0114484286452061,-0.002));
#3324=CARTESIAN_POINT('',(0.00238487623954077,0.0119135044920852,-0.002));
#3325=CARTESIAN_POINT('',(0.00231721730843611,0.0125387536632431,-0.002));
#3326=CARTESIAN_POINT('',(0.0022992224827917,0.0133365585083549,-0.002));
#3327=CARTESIAN_POINT('',(0.00236242127806885,0.0143266998212385,-0.002));
#3328=CARTESIAN_POINT('',(0.00250233918939854,0.0153421084379188,-0.002));
#3329=CARTESIAN_POINT('',(0.00271182551848586,0.0163657698079041,-0.002));
#3330=CARTESIAN_POINT('',(0.00299837873785006,0.0173906333790486,-0.002));
#3331=CARTESIAN_POINT('',(0.00330201179584724,0.0182956548738957,-0.002));
#3332=CARTESIAN_POINT('',(0.00356611294716226,0.0190831516190723,-0.002));
#3333=CARTESIAN_POINT('',(0.0037456682847664,0.0197209503220462,-0.002));
#3334=CARTESIAN_POINT('',(0.00380961455749286,0.0201546418152583,-0.002));
#3335=CARTESIAN_POINT('',(0.00379464387266594,0.0202518992290249,-0.002));
#3336=CARTESIAN_POINT('',(0.00379375839632233,0.0202565394671383,-0.002));
#3337=CARTESIAN_POINT('',(0.0219347246090131,0.00638577734007395,-0.002));
#3338=CARTESIAN_POINT('',(0.0219347246090131,0.00638577734007395,-0.002));
#3339=CARTESIAN_POINT('',(0.0485437629343945,0.0177146174481588,-0.002));
#3340=CARTESIAN_POINT('',(0.0485437629343945,0.0177146174481588,0.));
#3341=CARTESIAN_POINT('',(0.0484524384425175,0.0177300320894279,-0.002));
#3342=CARTESIAN_POINT('',(0.0484524384425175,0.0177300320894279,0.));
#3343=CARTESIAN_POINT('',(0.0478188430497604,0.0177333288233475,-0.002));
#3344=CARTESIAN_POINT('',(0.0478188430497604,0.0177333288233475,0.));
#3345=CARTESIAN_POINT('',(0.0458792171249241,0.0166320356643245,-0.002));
#3346=CARTESIAN_POINT('',(0.0458792171249241,0.0166320356643245,-4.33680868994202E-19));
#3347=CARTESIAN_POINT('',(0.0434604342258821,0.0145686394309275,-0.002));
#3348=CARTESIAN_POINT('',(0.0434604342258821,0.0145686394309275,4.33680868994202E-19));
#3349=CARTESIAN_POINT('',(0.0409297439046545,0.0120290822379721,-0.002));
#3350=CARTESIAN_POINT('',(0.0409297439046545,0.0120290822379721,-8.67361737988404E-19));
#3351=CARTESIAN_POINT('',(0.0384881711226372,0.00940055055894715,-0.002));
#3352=CARTESIAN_POINT('',(0.0384881711226372,0.00940055055894715,8.67361737988404E-19));
#3353=CARTESIAN_POINT('',(0.0366824615606768,0.00745591344585741,-0.002));
#3354=CARTESIAN_POINT('',(0.0366824615606768,0.00745591344585741,4.33680868994202E-19));
#3355=CARTESIAN_POINT('',(0.0354273147847457,0.00620795786730716,-0.002));
#3356=CARTESIAN_POINT('',(0.0354273147847457,0.00620795786730716,-4.33680868994202E-19));
#3357=CARTESIAN_POINT('',(0.0345711331831345,0.00544726783463219,-0.002));
#3358=CARTESIAN_POINT('',(0.0345711331831345,0.00544726783463219,0.));
#3359=CARTESIAN_POINT('',(0.0336770117943789,0.0048424712369246,-0.002));
#3360=CARTESIAN_POINT('',(0.0336770117943789,0.0048424712369246,0.));
#3361=CARTESIAN_POINT('',(0.032680158091461,0.0045019225110611,-0.002));
#3362=CARTESIAN_POINT('',(0.032680158091461,0.0045019225110611,-4.33680868994202E-19));
#3363=CARTESIAN_POINT('',(0.032043549954073,0.00446227724548763,-0.002));
#3364=CARTESIAN_POINT('',(0.032043549954073,0.00446227724548763,-1.30104260698261E-18));
#3365=CARTESIAN_POINT('',(0.0317720202226163,0.00445073426305769,-0.002));
#3366=CARTESIAN_POINT('',(0.0317720202226163,0.00445073426305769,8.67361737988404E-19));
#3367=CARTESIAN_POINT('',(0.0316393052412999,0.00444158466924743,-0.002));
#3368=CARTESIAN_POINT('',(0.0316393052412999,0.00444158466924743,-8.67361737988404E-19));
#3369=CARTESIAN_POINT('',(0.0313586330405046,0.00439943816439952,-0.002));
#3370=CARTESIAN_POINT('',(0.0313586330405046,0.00439943816439952,0.));
#3371=CARTESIAN_POINT('',(0.0308514245365743,0.0042878842487663,-0.002));
#3372=CARTESIAN_POINT('',(0.0308514245365743,0.0042878842487663,-4.33680868994202E-19));
#3373=CARTESIAN_POINT('',(0.0302353001273112,0.00413425610062378,-0.002));
#3374=CARTESIAN_POINT('',(0.0302353001273112,0.00413425610062378,1.30104260698261E-18));
#3375=CARTESIAN_POINT('',(0.0295295806305017,0.00395576195310488,-0.002));
#3376=CARTESIAN_POINT('',(0.0295295806305017,0.00395576195310488,-4.33680868994202E-19));
#3377=CARTESIAN_POINT('',(0.0287575394054842,0.00377202683016387,-0.002));
#3378=CARTESIAN_POINT('',(0.0287575394054842,0.00377202683016387,4.33680868994202E-19));
#3379=CARTESIAN_POINT('',(0.0279100049944165,0.00359892402529455,-0.002));
#3380=CARTESIAN_POINT('',(0.0279100049944165,0.00359892402529455,-4.33680868994202E-19));
#3381=CARTESIAN_POINT('',(0.026997836916105,0.00347306369152584,-0.002));
#3382=CARTESIAN_POINT('',(0.026997836916105,0.00347306369152584,4.33680868994202E-19));
#3383=CARTESIAN_POINT('',(0.0260220869861568,0.00344088115016028,-0.002));
#3384=CARTESIAN_POINT('',(0.0260220869861568,0.00344088115016028,-1.30104260698261E-18));
#3385=CARTESIAN_POINT('',(0.0251342802189128,0.00355801946992657,-0.002));
#3386=CARTESIAN_POINT('',(0.0251342802189128,0.00355801946992657,4.33680868994202E-19));
#3387=CARTESIAN_POINT('',(0.0243875197776084,0.00381206464917827,-0.002));
#3388=CARTESIAN_POINT('',(0.0243875197776084,0.00381206464917827,-8.67361737988404E-19));
#3389=CARTESIAN_POINT('',(0.0238146889312294,0.0041160774433533,-0.002));
#3390=CARTESIAN_POINT('',(0.0238146889312294,0.0041160774433533,-8.67361737988404E-19));
#3391=CARTESIAN_POINT('',(0.0233129177505302,0.0045186695890655,-0.002));
#3392=CARTESIAN_POINT('',(0.0233129177505302,0.0045186695890655,0.));
#3393=CARTESIAN_POINT('',(0.0228233196336559,0.00505033794546924,-0.002));
#3394=CARTESIAN_POINT('',(0.0228233196336559,0.00505033794546924,-8.67361737988404E-19));
#3395=CARTESIAN_POINT('',(0.0224197198273472,0.00565274175624821,-0.002));
#3396=CARTESIAN_POINT('',(0.0224197198273472,0.00565274175624821,1.30104260698261E-18));
#3397=CARTESIAN_POINT('',(0.0220997270689654,0.00617879698679029,-0.002));
#3398=CARTESIAN_POINT('',(0.0220997270689654,0.00617879698679029,-1.73472347597681E-18));
#3399=CARTESIAN_POINT('',(0.0219662086820176,0.00635102854108505,-0.002));
#3400=CARTESIAN_POINT('',(0.0219662086820176,0.00635102854108505,0.));
#3401=CARTESIAN_POINT('',(0.0219347246090131,0.00638577734007395,-0.002));
#3402=CARTESIAN_POINT('',(0.0219347246090131,0.00638577734007395,0.));
#3403=CARTESIAN_POINT('',(0.0485437629343945,0.0177146174481588,0.));
#3404=CARTESIAN_POINT('',(0.048498100688456,0.0177223247687934,0.));
#3405=CARTESIAN_POINT('',(0.0483009636147006,0.0177371916881668,0.));
#3406=CARTESIAN_POINT('',(0.0477917606594881,0.0176142020397288,0.));
#3407=CARTESIAN_POINT('',(0.0472765508214122,0.0173938653309462,0.));
#3408=CARTESIAN_POINT('',(0.046682693413256,0.0170789067534913,0.));
#3409=CARTESIAN_POINT('',(0.0458184657949713,0.0165099660520129,0.));
#3410=CARTESIAN_POINT('',(0.0446667436585408,0.0155975518097347,0.));
#3411=CARTESIAN_POINT('',(0.04344712254089,0.0145096802980811,0.));
#3412=CARTESIAN_POINT('',(0.0421954641110062,0.0132994026239473,0.));
#3413=CARTESIAN_POINT('',(0.0409408158375213,0.0120178727317352,0.));
#3414=CARTESIAN_POINT('',(0.0397088535060462,0.0107146253908749,0.));
#3415=CARTESIAN_POINT('',(0.038522800876883,0.00943763828401819,0.));
#3416=CARTESIAN_POINT('',(0.0374036910299098,0.00823309197005254,0.));
#3417=CARTESIAN_POINT('',(0.0363686199782514,0.00714402963303927,0.));
#3418=CARTESIAN_POINT('',(0.0355852605747648,0.00636418315639841,0.));
#3419=CARTESIAN_POINT('',(0.0349973405641786,0.00582717631941532,0.));
#3420=CARTESIAN_POINT('',(0.0345676466171006,0.00546729432813736,0.));
#3421=CARTESIAN_POINT('',(0.0341209322790816,0.00514314681079578,0.));
#3422=CARTESIAN_POINT('',(0.0336633797390799,0.00487640247695401,0.));
#3423=CARTESIAN_POINT('',(0.03318488721671,0.00467031857477988,0.));
#3424=CARTESIAN_POINT('',(0.0327094551128555,0.00453894731371035,0.));
#3425=CARTESIAN_POINT('',(0.0322911648186861,0.00447840164392065,0.));
#3426=CARTESIAN_POINT('',(0.031976582550484,0.00445920500864998,0.));
#3427=CARTESIAN_POINT('',(0.0318089208382955,0.00445254578125392,0.));
#3428=CARTESIAN_POINT('',(0.0317167421801228,0.0044466769019184,0.));
#3429=CARTESIAN_POINT('',(0.0316509754553549,0.0044409491920438,0.));
#3430=CARTESIAN_POINT('',(0.0315299913264775,0.00442544426492862,0.));
#3431=CARTESIAN_POINT('',(0.0313368384169214,0.00439166976630057,0.));
#3432=CARTESIAN_POINT('',(0.0311040513858888,0.00434352754645054,0.));
#3433=CARTESIAN_POINT('',(0.0307493013077247,0.00426235668939893,0.));
#3434=CARTESIAN_POINT('',(0.0302351095863175,0.00413423021337827,0.));
#3435=CARTESIAN_POINT('',(0.0295296276790449,0.00395576776625017,0.));
#3436=CARTESIAN_POINT('',(0.0287575417523055,0.00377202946482824,0.));
#3437=CARTESIAN_POINT('',(0.0279099485585885,0.00359890767349181,0.));
#3438=CARTESIAN_POINT('',(0.0269980603125959,0.00347312646407246,0.));
#3439=CARTESIAN_POINT('',(0.0261840515821173,0.00344605975382586,0.));
#3440=CARTESIAN_POINT('',(0.0254905469527679,0.00351148486332236,0.));
#3441=CARTESIAN_POINT('',(0.0249477938245391,0.0036211252231477,0.));
#3442=CARTESIAN_POINT('',(0.0244792663764579,0.00378132594906047,0.));
#3443=CARTESIAN_POINT('',(0.024103940832593,0.00396232164946445,0.));
#3444=CARTESIAN_POINT('',(0.0238239955148121,0.00412813633550935,0.));
#3445=CARTESIAN_POINT('',(0.0235592703612151,0.00432017702015496,0.));
#3446=CARTESIAN_POINT('',(0.0232543340408254,0.00458355103861501,0.));
#3447=CARTESIAN_POINT('',(0.0229448395670589,0.00491759719164846,0.));
#3448=CARTESIAN_POINT('',(0.0226620829093465,0.00529252190971701,0.));
#3449=CARTESIAN_POINT('',(0.0223662700598789,0.00573970989962109,0.));
#3450=CARTESIAN_POINT('',(0.0220997698475367,0.0061790543425663,0.));
#3451=CARTESIAN_POINT('',(0.0219662086820176,0.00635102854108505,0.));
#3452=CARTESIAN_POINT('',(0.0219347246090131,0.00638577734007395,0.));
#3453=CARTESIAN_POINT('',(0.0485437629343945,0.0177146174481587,0.));
#3454=CARTESIAN_POINT('',(0.0485437629343945,0.0177146174481588,-0.002));
#3455=CARTESIAN_POINT('',(0.048498100688456,0.0177223247687934,-0.002));
#3456=CARTESIAN_POINT('',(0.0483009636147006,0.0177371916881668,-0.002));
#3457=CARTESIAN_POINT('',(0.0477917606594881,0.0176142020397288,-0.002));
#3458=CARTESIAN_POINT('',(0.0472765508214122,0.0173938653309462,-0.002));
#3459=CARTESIAN_POINT('',(0.046682693413256,0.0170789067534913,-0.002));
#3460=CARTESIAN_POINT('',(0.0458184657949713,0.0165099660520129,-0.002));
#3461=CARTESIAN_POINT('',(0.0446667436585408,0.0155975518097347,-0.002));
#3462=CARTESIAN_POINT('',(0.04344712254089,0.0145096802980811,-0.002));
#3463=CARTESIAN_POINT('',(0.0421954641110062,0.0132994026239473,-0.002));
#3464=CARTESIAN_POINT('',(0.0409408158375213,0.0120178727317352,-0.002));
#3465=CARTESIAN_POINT('',(0.0397088535060462,0.0107146253908749,-0.002));
#3466=CARTESIAN_POINT('',(0.038522800876883,0.00943763828401819,-0.002));
#3467=CARTESIAN_POINT('',(0.0374036910299098,0.00823309197005254,-0.002));
#3468=CARTESIAN_POINT('',(0.0363686199782514,0.00714402963303927,-0.002));
#3469=CARTESIAN_POINT('',(0.0355852605747648,0.00636418315639841,-0.002));
#3470=CARTESIAN_POINT('',(0.0349973405641786,0.00582717631941532,-0.002));
#3471=CARTESIAN_POINT('',(0.0345676466171006,0.00546729432813736,-0.002));
#3472=CARTESIAN_POINT('',(0.0341209322790816,0.00514314681079578,-0.002));
#3473=CARTESIAN_POINT('',(0.0336633797390799,0.00487640247695401,-0.002));
#3474=CARTESIAN_POINT('',(0.03318488721671,0.00467031857477988,-0.002));
#3475=CARTESIAN_POINT('',(0.0327094551128555,0.00453894731371035,-0.002));
#3476=CARTESIAN_POINT('',(0.0322911648186861,0.00447840164392065,-0.002));
#3477=CARTESIAN_POINT('',(0.031976582550484,0.00445920500864998,-0.002));
#3478=CARTESIAN_POINT('',(0.0318089208382955,0.00445254578125392,-0.002));
#3479=CARTESIAN_POINT('',(0.0317167421801228,0.0044466769019184,-0.002));
#3480=CARTESIAN_POINT('',(0.0316509754553549,0.0044409491920438,-0.002));
#3481=CARTESIAN_POINT('',(0.0315299913264775,0.00442544426492862,-0.002));
#3482=CARTESIAN_POINT('',(0.0313368384169214,0.00439166976630057,-0.002));
#3483=CARTESIAN_POINT('',(0.0311040513858888,0.00434352754645054,-0.002));
#3484=CARTESIAN_POINT('',(0.0307493013077247,0.00426235668939893,-0.002));
#3485=CARTESIAN_POINT('',(0.0302351095863175,0.00413423021337827,-0.002));
#3486=CARTESIAN_POINT('',(0.0295296276790449,0.00395576776625017,-0.002));
#3487=CARTESIAN_POINT('',(0.0287575417523055,0.00377202946482824,-0.002));
#3488=CARTESIAN_POINT('',(0.0279099485585885,0.00359890767349181,-0.002));
#3489=CARTESIAN_POINT('',(0.0269980603125959,0.00347312646407246,-0.002));
#3490=CARTESIAN_POINT('',(0.0261840515821173,0.00344605975382586,-0.002));
#3491=CARTESIAN_POINT('',(0.0254905469527679,0.00351148486332236,-0.002));
#3492=CARTESIAN_POINT('',(0.0249477938245391,0.0036211252231477,-0.002));
#3493=CARTESIAN_POINT('',(0.0244792663764579,0.00378132594906047,-0.002));
#3494=CARTESIAN_POINT('',(0.024103940832593,0.00396232164946445,-0.002));
#3495=CARTESIAN_POINT('',(0.0238239955148121,0.00412813633550935,-0.002));
#3496=CARTESIAN_POINT('',(0.0235592703612151,0.00432017702015496,-0.002));
#3497=CARTESIAN_POINT('',(0.0232543340408254,0.00458355103861501,-0.002));
#3498=CARTESIAN_POINT('',(0.0229448395670589,0.00491759719164846,-0.002));
#3499=CARTESIAN_POINT('',(0.0226620829093465,0.00529252190971701,-0.002));
#3500=CARTESIAN_POINT('',(0.0223662700598789,0.00573970989962109,-0.002));
#3501=CARTESIAN_POINT('',(0.0220997698475367,0.0061790543425663,-0.002));
#3502=CARTESIAN_POINT('',(0.0219662086820176,0.00635102854108505,-0.002));
#3503=CARTESIAN_POINT('',(0.0219347246090131,0.00638577734007395,-0.002));
#3504=CARTESIAN_POINT('',(0.0485437629343945,0.0177146174481587,-0.002));
#3505=CARTESIAN_POINT('',(0.0485437629343945,0.0177146174481587,-0.002));
#3506=CARTESIAN_POINT('',(0.0487350307258609,-0.0117762437701526,-0.002));
#3507=CARTESIAN_POINT('',(0.0487350307258609,-0.0117762437701526,0.));
#3508=CARTESIAN_POINT('',(0.0487051051613609,-0.0115547146803302,-0.002));
#3509=CARTESIAN_POINT('',(0.0487051051613609,-0.0115547146803302,0.));
#3510=CARTESIAN_POINT('',(0.0485442868903823,-0.0109263767534759,-0.002));
#3511=CARTESIAN_POINT('',(0.0485442868903823,-0.0109263767534759,-4.33680868994202E-19));
#3512=CARTESIAN_POINT('',(0.0482071254283137,-0.0101215962500904,-0.002));
#3513=CARTESIAN_POINT('',(0.0482071254283137,-0.0101215962500904,0.));
#3514=CARTESIAN_POINT('',(0.047713106881708,-0.00926339314555339,-0.002));
#3515=CARTESIAN_POINT('',(0.047713106881708,-0.00926339314555339,0.));
#3516=CARTESIAN_POINT('',(0.0468716327870831,-0.00802155219694723,-0.002));
#3517=CARTESIAN_POINT('',(0.0468716327870831,-0.00802155219694723,0.));
#3518=CARTESIAN_POINT('',(0.045719868474594,-0.00638734512552774,-0.002));
#3519=CARTESIAN_POINT('',(0.045719868474594,-0.00638734512552774,0.));
#3520=CARTESIAN_POINT('',(0.0447202184546157,-0.00498341686823264,-0.002));
#3521=CARTESIAN_POINT('',(0.0447202184546157,-0.00498341686823264,-8.67361737988404E-19));
#3522=CARTESIAN_POINT('',(0.0440046675211393,-0.00396962331255416,-0.002));
#3523=CARTESIAN_POINT('',(0.0440046675211393,-0.00396962331255416,4.33680868994202E-19));
#3524=CARTESIAN_POINT('',(0.0435260551313003,-0.00328381425153437,-0.002));
#3525=CARTESIAN_POINT('',(0.0435260551313003,-0.00328381425153437,-4.33680868994202E-19));
#3526=CARTESIAN_POINT('',(0.0431700348829987,-0.0027521653139095,-0.002));
#3527=CARTESIAN_POINT('',(0.0431700348829987,-0.0027521653139095,4.33680868994202E-19));
#3528=CARTESIAN_POINT('',(0.0428500088359007,-0.00227388397036919,-0.002));
#3529=CARTESIAN_POINT('',(0.0428500088359007,-0.00227388397036919,-8.67361737988404E-19));
#3530=CARTESIAN_POINT('',(0.0425835088091893,-0.00158173834562107,-0.002));
#3531=CARTESIAN_POINT('',(0.0425835088091893,-0.00158173834562107,4.33680868994202E-19));
#3532=CARTESIAN_POINT('',(0.0424901788307369,-0.000970348396886253,-0.002));
#3533=CARTESIAN_POINT('',(0.0424901788307369,-0.000970348396886253,0.));
#3534=CARTESIAN_POINT('',(0.0425211449378237,-0.000399134339833597,-0.002));
#3535=CARTESIAN_POINT('',(0.0425211449378237,-0.000399134339833597,0.));
#3536=CARTESIAN_POINT('',(0.0426536195540483,0.000245001696780556,-0.002));
#3537=CARTESIAN_POINT('',(0.0426536195540483,0.000245001696780556,-4.33680868994202E-19));
#3538=CARTESIAN_POINT('',(0.0428953716657227,0.000946117308603222,-0.002));
#3539=CARTESIAN_POINT('',(0.0428953716657227,0.000946117308603222,4.33680868994202E-19));
#3540=CARTESIAN_POINT('',(0.043309498672026,0.00197575747943325,-0.002));
#3541=CARTESIAN_POINT('',(0.043309498672026,0.00197575747943325,0.));
#3542=CARTESIAN_POINT('',(0.043838827341784,0.003201823734477,-0.002));
#3543=CARTESIAN_POINT('',(0.043838827341784,0.003201823734477,0.));
#3544=CARTESIAN_POINT('',(0.0446604328779266,0.00506742028258952,-0.002));
#3545=CARTESIAN_POINT('',(0.0446604328779266,0.00506742028258952,0.));
#3546=CARTESIAN_POINT('',(0.0458296700954394,0.00773757802662714,-0.002));
#3547=CARTESIAN_POINT('',(0.0458296700954394,0.00773757802662714,-4.33680868994202E-19));
#3548=CARTESIAN_POINT('',(0.0471994221901501,0.0111347133124132,-0.002));
#3549=CARTESIAN_POINT('',(0.0471994221901501,0.0111347133124132,1.30104260698261E-18));
#3550=CARTESIAN_POINT('',(0.0480876401940675,0.0138098667652356,-0.002));
#3551=CARTESIAN_POINT('',(0.0480876401940675,0.0138098667652356,-4.33680868994202E-19));
#3552=CARTESIAN_POINT('',(0.0485127747891409,0.0156227667246983,-0.002));
#3553=CARTESIAN_POINT('',(0.0485127747891409,0.0156227667246983,4.33680868994202E-19));
#3554=CARTESIAN_POINT('',(0.04866235052959,0.0167428511489652,-0.002));
#3555=CARTESIAN_POINT('',(0.04866235052959,0.0167428511489652,0.));
#3556=CARTESIAN_POINT('',(0.048635283983448,0.0174874507572323,-0.002));
#3557=CARTESIAN_POINT('',(0.048635283983448,0.0174874507572323,-4.33680868994202E-19));
#3558=CARTESIAN_POINT('',(0.0485639650867075,0.0176717407492191,-0.002));
#3559=CARTESIAN_POINT('',(0.0485639650867075,0.0176717407492191,0.));
#3560=CARTESIAN_POINT('',(0.0485437629343945,0.0177146174481588,-0.002));
#3561=CARTESIAN_POINT('',(0.0485437629343945,0.0177146174481588,0.));
#3562=CARTESIAN_POINT('',(0.0487350307258609,-0.0117762437701526,0.));
#3563=CARTESIAN_POINT('',(0.0487200679436109,-0.0116654792252414,0.));
#3564=CARTESIAN_POINT('',(0.0486682819942143,-0.0113997799686942,0.));
#3565=CARTESIAN_POINT('',(0.0485560563496175,-0.0110230793720205,0.));
#3566=CARTESIAN_POINT('',(0.048450335815192,-0.0107264945904996,0.));
#3567=CARTESIAN_POINT('',(0.0483406300443338,-0.0104491344889144,0.));
#3568=CARTESIAN_POINT('',(0.0481883779636835,-0.0101163973452264,0.));
#3569=CARTESIAN_POINT('',(0.0479613031701469,-0.00969488360083283,0.));
#3570=CARTESIAN_POINT('',(0.0476683769999118,-0.00921339931770703,0.));
#3571=CARTESIAN_POINT('',(0.0472963745724344,-0.00864824015758955,0.));
#3572=CARTESIAN_POINT('',(0.0468323241782077,-0.00797178576152006,0.));
#3573=CARTESIAN_POINT('',(0.0462938352193687,-0.00720156385519974,0.));
#3574=CARTESIAN_POINT('',(0.0457141932899101,-0.00638151014593032,0.));
#3575=CARTESIAN_POINT('',(0.0451207867570694,-0.00554595947690996,0.));
#3576=CARTESIAN_POINT('',(0.0445415124242837,-0.00473017451492676,0.));
#3577=CARTESIAN_POINT('',(0.0440929457494869,-0.00409488563943647,0.));
#3578=CARTESIAN_POINT('',(0.0437674231346186,-0.00362930893656044,0.));
#3579=CARTESIAN_POINT('',(0.0435427420493495,-0.00330478772527346,0.));
#3580=CARTESIAN_POINT('',(0.0433742333393265,-0.00305795278333357,0.));
#3581=CARTESIAN_POINT('',(0.0432507422723805,-0.00287417875180566,0.));
#3582=CARTESIAN_POINT('',(0.0431658663955624,-0.00274630314051494,0.));
#3583=CARTESIAN_POINT('',(0.0430779904351454,-0.00261131189496715,0.));
#3584=CARTESIAN_POINT('',(0.0429531612665528,-0.00240968004412956,0.));
#3585=CARTESIAN_POINT('',(0.0427808065664426,-0.00209907475562381,0.));
#3586=CARTESIAN_POINT('',(0.0425842049084746,-0.00158222498580784,0.));
#3587=CARTESIAN_POINT('',(0.0424899716963755,-0.000970174644696141,0.));
#3588=CARTESIAN_POINT('',(0.042521277375984,-0.000399342708405738,0.));
#3589=CARTESIAN_POINT('',(0.0426201782817127,8.46274097272244E-5,0.));
#3590=CARTESIAN_POINT('',(0.0427514784336759,0.000523017421682962,0.));
#3591=CARTESIAN_POINT('',(0.0429106739175006,0.000970190138554884,0.));
#3592=CARTESIAN_POINT('',(0.0431020803629528,0.00146122731236136,0.));
#3593=CARTESIAN_POINT('',(0.043397925506649,0.00217993708754769,0.));
#3594=CARTESIAN_POINT('',(0.0438387528644226,0.00320185705229901,0.));
#3595=CARTESIAN_POINT('',(0.0444550680402689,0.0046010922591107,0.));
#3596=CARTESIAN_POINT('',(0.0451280560567825,0.00613516560818797,0.));
#3597=CARTESIAN_POINT('',(0.0460580155292034,0.00830385372283557,0.));
#3598=CARTESIAN_POINT('',(0.0469710430811095,0.010569189812806,0.));
#3599=CARTESIAN_POINT('',(0.0477324920512031,0.0127386187629213,0.));
#3600=CARTESIAN_POINT('',(0.048193836373864,0.0142632009731224,0.));
#3601=CARTESIAN_POINT('',(0.0485129856063262,0.0156235164738015,0.));
#3602=CARTESIAN_POINT('',(0.0486368265425718,0.0165537051910775,0.));
#3603=CARTESIAN_POINT('',(0.04864984554758,0.0171194384001967,0.));
#3604=CARTESIAN_POINT('',(0.0486250613912651,0.0174283056541678,0.));
#3605=CARTESIAN_POINT('',(0.0485817009890787,0.0176238789062399,0.));
#3606=CARTESIAN_POINT('',(0.048553864010551,0.0176931790986889,0.));
#3607=CARTESIAN_POINT('',(0.0485437629343945,0.0177146174481588,0.));
#3608=CARTESIAN_POINT('',(0.0487350307258606,-0.0117762437701527,0.));
#3609=CARTESIAN_POINT('',(0.0487350307258609,-0.0117762437701526,-0.002));
#3610=CARTESIAN_POINT('',(0.0487200679436109,-0.0116654792252414,-0.002));
#3611=CARTESIAN_POINT('',(0.0486682819942143,-0.0113997799686942,-0.002));
#3612=CARTESIAN_POINT('',(0.0485560563496175,-0.0110230793720205,-0.002));
#3613=CARTESIAN_POINT('',(0.048450335815192,-0.0107264945904996,-0.002));
#3614=CARTESIAN_POINT('',(0.0483406300443338,-0.0104491344889144,-0.002));
#3615=CARTESIAN_POINT('',(0.0481883779636835,-0.0101163973452264,-0.002));
#3616=CARTESIAN_POINT('',(0.0479613031701469,-0.00969488360083283,-0.002));
#3617=CARTESIAN_POINT('',(0.0476683769999118,-0.00921339931770703,-0.002));
#3618=CARTESIAN_POINT('',(0.0472963745724344,-0.00864824015758955,-0.002));
#3619=CARTESIAN_POINT('',(0.0468323241782077,-0.00797178576152006,-0.002));
#3620=CARTESIAN_POINT('',(0.0462938352193687,-0.00720156385519974,-0.002));
#3621=CARTESIAN_POINT('',(0.0457141932899101,-0.00638151014593032,-0.002));
#3622=CARTESIAN_POINT('',(0.0451207867570694,-0.00554595947690996,-0.002));
#3623=CARTESIAN_POINT('',(0.0445415124242837,-0.00473017451492676,-0.002));
#3624=CARTESIAN_POINT('',(0.0440929457494869,-0.00409488563943647,-0.002));
#3625=CARTESIAN_POINT('',(0.0437674231346186,-0.00362930893656044,-0.002));
#3626=CARTESIAN_POINT('',(0.0435427420493495,-0.00330478772527346,-0.002));
#3627=CARTESIAN_POINT('',(0.0433742333393265,-0.00305795278333357,-0.002));
#3628=CARTESIAN_POINT('',(0.0432507422723805,-0.00287417875180566,-0.002));
#3629=CARTESIAN_POINT('',(0.0431658663955624,-0.00274630314051494,-0.002));
#3630=CARTESIAN_POINT('',(0.0430779904351454,-0.00261131189496715,-0.002));
#3631=CARTESIAN_POINT('',(0.0429531612665528,-0.00240968004412956,-0.002));
#3632=CARTESIAN_POINT('',(0.0427808065664426,-0.00209907475562381,-0.002));
#3633=CARTESIAN_POINT('',(0.0425842049084746,-0.00158222498580784,-0.002));
#3634=CARTESIAN_POINT('',(0.0424899716963755,-0.000970174644696141,-0.002));
#3635=CARTESIAN_POINT('',(0.042521277375984,-0.000399342708405738,-0.002));
#3636=CARTESIAN_POINT('',(0.0426201782817127,8.46274097272244E-5,-0.002));
#3637=CARTESIAN_POINT('',(0.0427514784336759,0.000523017421682962,-0.002));
#3638=CARTESIAN_POINT('',(0.0429106739175006,0.000970190138554884,-0.002));
#3639=CARTESIAN_POINT('',(0.0431020803629528,0.00146122731236136,-0.002));
#3640=CARTESIAN_POINT('',(0.043397925506649,0.00217993708754769,-0.002));
#3641=CARTESIAN_POINT('',(0.0438387528644226,0.00320185705229901,-0.002));
#3642=CARTESIAN_POINT('',(0.0444550680402689,0.0046010922591107,-0.002));
#3643=CARTESIAN_POINT('',(0.0451280560567825,0.00613516560818797,-0.002));
#3644=CARTESIAN_POINT('',(0.0460580155292034,0.00830385372283557,-0.002));
#3645=CARTESIAN_POINT('',(0.0469710430811095,0.010569189812806,-0.002));
#3646=CARTESIAN_POINT('',(0.0477324920512031,0.0127386187629213,-0.002));
#3647=CARTESIAN_POINT('',(0.048193836373864,0.0142632009731224,-0.002));
#3648=CARTESIAN_POINT('',(0.0485129856063262,0.0156235164738015,-0.002));
#3649=CARTESIAN_POINT('',(0.0486368265425718,0.0165537051910775,-0.002));
#3650=CARTESIAN_POINT('',(0.04864984554758,0.0171194384001967,-0.002));
#3651=CARTESIAN_POINT('',(0.0486250613912651,0.0174283056541678,-0.002));
#3652=CARTESIAN_POINT('',(0.0485817009890787,0.0176238789062399,-0.002));
#3653=CARTESIAN_POINT('',(0.048553864010551,0.0176931790986889,-0.002));
#3654=CARTESIAN_POINT('',(0.0485437629343945,0.0177146174481588,-0.002));
#3655=CARTESIAN_POINT('',(0.0487350307258606,-0.0117762437701527,-0.002));
#3656=CARTESIAN_POINT('',(0.0487350307258606,-0.0117762437701527,-0.002));
#3657=CARTESIAN_POINT('',(0.0193060832623968,-0.0137094337158937,-0.002));
#3658=CARTESIAN_POINT('',(0.0193060832623968,-0.0137094337158937,0.));
#3659=CARTESIAN_POINT('',(0.0192192139791258,-0.0135976320977926,-0.002));
#3660=CARTESIAN_POINT('',(0.0192192139791258,-0.0135976320977926,0.));
#3661=CARTESIAN_POINT('',(0.0190064375502068,-0.0133277262690414,-0.002));
#3662=CARTESIAN_POINT('',(0.0190064375502068,-0.0133277262690414,0.));
#3663=CARTESIAN_POINT('',(0.0186175828772008,-0.0127310562930054,-0.002));
#3664=CARTESIAN_POINT('',(0.0186175828772008,-0.0127310562930054,0.));
#3665=CARTESIAN_POINT('',(0.0183090157493291,-0.0120757479159267,-0.002));
#3666=CARTESIAN_POINT('',(0.0183090157493291,-0.0120757479159267,8.67361737988404E-19));
#3667=CARTESIAN_POINT('',(0.0180818333903472,-0.0113596387906297,-0.002));
#3668=CARTESIAN_POINT('',(0.0180818333903472,-0.0113596387906297,-4.33680868994202E-19));
#3669=CARTESIAN_POINT('',(0.0179675780073922,-0.0105583039440701,-0.002));
#3670=CARTESIAN_POINT('',(0.0179675780073922,-0.0105583039440701,4.33680868994202E-19));
#3671=CARTESIAN_POINT('',(0.0180502043245369,-0.00957611145012523,-0.002));
#3672=CARTESIAN_POINT('',(0.0180502043245369,-0.00957611145012523,-4.33680868994202E-19));
#3673=CARTESIAN_POINT('',(0.0185812197104503,-0.00853643345646958,-0.002));
#3674=CARTESIAN_POINT('',(0.0185812197104503,-0.00853643345646958,8.67361737988404E-19));
#3675=CARTESIAN_POINT('',(0.0193011237352753,-0.00790620166168366,-0.002));
#3676=CARTESIAN_POINT('',(0.0193011237352753,-0.00790620166168366,-4.33680868994202E-19));
#3677=CARTESIAN_POINT('',(0.0200096012687266,-0.00753700919553707,-0.002));
#3678=CARTESIAN_POINT('',(0.0200096012687266,-0.00753700919553707,0.));
#3679=CARTESIAN_POINT('',(0.0208886024460847,-0.00725906387532823,-0.002));
#3680=CARTESIAN_POINT('',(0.0208886024460847,-0.00725906387532823,4.33680868994202E-19));
#3681=CARTESIAN_POINT('',(0.0219172458624998,-0.00713688623898306,-0.002));
#3682=CARTESIAN_POINT('',(0.0219172458624998,-0.00713688623898306,4.33680868994202E-19));
#3683=CARTESIAN_POINT('',(0.0230842344372596,-0.00714433688562105,-0.002));
#3684=CARTESIAN_POINT('',(0.0230842344372596,-0.00714433688562105,-4.33680868994202E-19));
#3685=CARTESIAN_POINT('',(0.0242985084527189,-0.00719373772345245,-0.002));
#3686=CARTESIAN_POINT('',(0.0242985084527189,-0.00719373772345245,8.67361737988404E-19));
#3687=CARTESIAN_POINT('',(0.0256246149280566,-0.00722441101406444,-0.002));
#3688=CARTESIAN_POINT('',(0.0256246149280566,-0.00722441101406444,0.));
#3689=CARTESIAN_POINT('',(0.0268888909599473,-0.00719254791886081,-0.002));
#3690=CARTESIAN_POINT('',(0.0268888909599473,-0.00719254791886081,4.33680868994202E-19));
#3691=CARTESIAN_POINT('',(0.0278989418275887,-0.00705667997011333,-0.002));
#3692=CARTESIAN_POINT('',(0.0278989418275887,-0.00705667997011333,8.67361737988404E-19));
#3693=CARTESIAN_POINT('',(0.028359270535815,-0.00688155961130719,-0.002));
#3694=CARTESIAN_POINT('',(0.028359270535815,-0.00688155961130719,0.));
#3695=CARTESIAN_POINT('',(0.0286973372745893,-0.00666391340211497,-0.002));
#3696=CARTESIAN_POINT('',(0.0286973372745893,-0.00666391340211497,0.));
#3697=CARTESIAN_POINT('',(0.0290510054065268,-0.00633184534107035,-0.002));
#3698=CARTESIAN_POINT('',(0.0290510054065268,-0.00633184534107035,4.33680868994202E-19));
#3699=CARTESIAN_POINT('',(0.0296160090799742,-0.00569637435426744,-0.002));
#3700=CARTESIAN_POINT('',(0.0296160090799742,-0.00569637435426744,0.));
#3701=CARTESIAN_POINT('',(0.0306110273669186,-0.00487264091573316,-0.002));
#3702=CARTESIAN_POINT('',(0.0306110273669186,-0.00487264091573316,0.));
#3703=CARTESIAN_POINT('',(0.0317148149384148,-0.00437780115769573,-0.002));
#3704=CARTESIAN_POINT('',(0.0317148149384148,-0.00437780115769573,-4.33680868994202E-19));
#3705=CARTESIAN_POINT('',(0.03278155951692,-0.00419534144227239,-0.002));
#3706=CARTESIAN_POINT('',(0.03278155951692,-0.00419534144227239,4.33680868994202E-19));
#3707=CARTESIAN_POINT('',(0.0337122612406691,-0.00424589056493056,-0.002));
#3708=CARTESIAN_POINT('',(0.0337122612406691,-0.00424589056493056,-4.33680868994202E-19));
#3709=CARTESIAN_POINT('',(0.0345639375504106,-0.00452446151646469,-0.002));
#3710=CARTESIAN_POINT('',(0.0345639375504106,-0.00452446151646469,0.));
#3711=CARTESIAN_POINT('',(0.0352266011978342,-0.00488702358379326,-0.002));
#3712=CARTESIAN_POINT('',(0.0352266011978342,-0.00488702358379326,4.33680868994202E-19));
#3713=CARTESIAN_POINT('',(0.0357809518551154,-0.00527409982930149,-0.002));
#3714=CARTESIAN_POINT('',(0.0357809518551154,-0.00527409982930149,-8.67361737988404E-19));
#3715=CARTESIAN_POINT('',(0.0364300943454465,-0.00579064156501467,-0.002));
#3716=CARTESIAN_POINT('',(0.0364300943454465,-0.00579064156501467,8.67361737988404E-19));
#3717=CARTESIAN_POINT('',(0.0371154128448028,-0.00635948418703557,-0.002));
#3718=CARTESIAN_POINT('',(0.0371154128448028,-0.00635948418703557,-4.33680868994202E-19));
#3719=CARTESIAN_POINT('',(0.0380726719048078,-0.00706378247904391,-0.002));
#3720=CARTESIAN_POINT('',(0.0380726719048078,-0.00706378247904391,-4.33680868994202E-19));
#3721=CARTESIAN_POINT('',(0.0391372456036029,-0.00780747516537472,-0.002));
#3722=CARTESIAN_POINT('',(0.0391372456036029,-0.00780747516537472,0.));
#3723=CARTESIAN_POINT('',(0.0406799494401027,-0.00885040558566496,-0.002));
#3724=CARTESIAN_POINT('',(0.0406799494401027,-0.00885040558566496,0.));
#3725=CARTESIAN_POINT('',(0.0426949106080523,-0.0102346274817122,-0.002));
#3726=CARTESIAN_POINT('',(0.0426949106080523,-0.0102346274817122,-4.33680868994202E-19));
#3727=CARTESIAN_POINT('',(0.0445770751976764,-0.0112484156718923,-0.002));
#3728=CARTESIAN_POINT('',(0.0445770751976764,-0.0112484156718923,0.));
#3729=CARTESIAN_POINT('',(0.0459946709083821,-0.0116865982415467,-0.002));
#3730=CARTESIAN_POINT('',(0.0459946709083821,-0.0116865982415467,-4.33680868994202E-19));
#3731=CARTESIAN_POINT('',(0.0470654363432675,-0.0118648401368899,-0.002));
#3732=CARTESIAN_POINT('',(0.0470654363432675,-0.0118648401368899,1.30104260698261E-18));
#3733=CARTESIAN_POINT('',(0.0480229439734174,-0.0118910065475079,-0.002));
#3734=CARTESIAN_POINT('',(0.0480229439734174,-0.0118910065475079,0.));
#3735=CARTESIAN_POINT('',(0.0485510707086445,-0.0118186372137219,-0.002));
#3736=CARTESIAN_POINT('',(0.0485510707086445,-0.0118186372137219,0.));
#3737=CARTESIAN_POINT('',(0.0487350307258603,-0.0117762437701527,-0.002));
#3738=CARTESIAN_POINT('',(0.0487350307258603,-0.0117762437701527,0.));
#3739=CARTESIAN_POINT('',(0.0193060832623968,-0.0137094337158937,0.));
#3740=CARTESIAN_POINT('',(0.0192626486207613,-0.0136535329068432,0.));
#3741=CARTESIAN_POINT('',(0.0191656775094391,-0.0135287994365837,0.));
#3742=CARTESIAN_POINT('',(0.0189973651978687,-0.0133027283532206,0.));
#3743=CARTESIAN_POINT('',(0.0188137969706996,-0.0130348335318731,0.));
#3744=CARTESIAN_POINT('',(0.0185651162705854,-0.0126187376665291,0.));
#3745=CARTESIAN_POINT('',(0.0183094307320838,-0.0120764417343498,0.));
#3746=CARTESIAN_POINT('',(0.0181194909205503,-0.0114800094198737,0.));
#3747=CARTESIAN_POINT('',(0.0180249938556478,-0.0109569982086155,0.));
#3748=CARTESIAN_POINT('',(0.0179916267434061,-0.0105344933926935,0.));
#3749=CARTESIAN_POINT('',(0.0180108489151807,-0.0100739942376453,0.));
#3750=CARTESIAN_POINT('',(0.018090090608747,-0.00965633909399112,0.));
#3751=CARTESIAN_POINT('',(0.0182104746292142,-0.00930338238380803,0.));
#3752=CARTESIAN_POINT('',(0.0183629849855489,-0.00896762964664903,0.));
#3753=CARTESIAN_POINT('',(0.0186046614991269,-0.00859039286825163,0.));
#3754=CARTESIAN_POINT('',(0.0189429112222722,-0.00822339846235235,0.));
#3755=CARTESIAN_POINT('',(0.0194182000595527,-0.00784346495683823,0.));
#3756=CARTESIAN_POINT('',(0.0200099331533594,-0.00753744632354763,0.));
#3757=CARTESIAN_POINT('',(0.0206687949076976,-0.00732833467152569,0.));
#3758=CARTESIAN_POINT('',(0.0212999569042071,-0.00721061782819896,0.));
#3759=CARTESIAN_POINT('',(0.0219087865010869,-0.00715592816784787,0.));
#3760=CARTESIAN_POINT('',(0.0225009887415056,-0.00714105074456012,0.));
#3761=CARTESIAN_POINT('',(0.0230905534798907,-0.00714941475158613,0.));
#3762=CARTESIAN_POINT('',(0.0236894894031877,-0.00716926175401503,0.));
#3763=CARTESIAN_POINT('',(0.0245206380954229,-0.00719867564684478,0.));
#3764=CARTESIAN_POINT('',(0.0256240180657326,-0.00722485739205998,0.));
#3765=CARTESIAN_POINT('',(0.0266788569781219,-0.00719669359245112,0.));
#3766=CARTESIAN_POINT('',(0.0273928141239509,-0.0071266213849865,0.));
#3767=CARTESIAN_POINT('',(0.0278322172494565,-0.00705122220125298,0.));
#3768=CARTESIAN_POINT('',(0.0281222456843395,-0.00696931722062305,0.));
#3769=CARTESIAN_POINT('',(0.0284197989926579,-0.00684495886404616,0.));
#3770=CARTESIAN_POINT('',(0.0286391468049131,-0.00670168270409868,0.));
#3771=CARTESIAN_POINT('',(0.028876355863587,-0.00649534483223458,0.));
#3772=CARTESIAN_POINT('',(0.0290762082090355,-0.0062940620528196,0.));
#3773=CARTESIAN_POINT('',(0.0293361792809419,-0.0060160760771508,0.));
#3774=CARTESIAN_POINT('',(0.029671358045192,-0.005671973831719,0.));
#3775=CARTESIAN_POINT('',(0.0300322743672255,-0.00535033919682556,0.));
#3776=CARTESIAN_POINT('',(0.0303806713794495,-0.00509144101032933,0.));
#3777=CARTESIAN_POINT('',(0.0307569757914622,-0.00484760177418997,0.));
#3778=CARTESIAN_POINT('',(0.0312730884804978,-0.00457880703886545,0.));
#3779=CARTESIAN_POINT('',(0.0318624308045245,-0.00437222862266932,0.));
#3780=CARTESIAN_POINT('',(0.0323834387352062,-0.0042641387806936,0.));
#3781=CARTESIAN_POINT('',(0.0327992931405144,-0.00421908754761212,0.));
#3782=CARTESIAN_POINT('',(0.0331660397685245,-0.00421897591770033,0.));
#3783=CARTESIAN_POINT('',(0.0334681005971146,-0.0042460113127324,0.));
#3784=CARTESIAN_POINT('',(0.0337779845394899,-0.00429353034546567,0.));
#3785=CARTESIAN_POINT('',(0.0341439912340351,-0.00438658337329517,0.));
#3786=CARTESIAN_POINT('',(0.0345391892088118,-0.00453461397836898,0.));
#3787=CARTESIAN_POINT('',(0.0348938645708635,-0.00470572092781154,0.));
#3788=CARTESIAN_POINT('',(0.0353197427883297,-0.00495147808362835,0.));
#3789=CARTESIAN_POINT('',(0.0357812275428697,-0.00527473181063353,0.));
#3790=CARTESIAN_POINT('',(0.0362658613322587,-0.00565917445132405,0.));
#3791=CARTESIAN_POINT('',(0.0366374232385888,-0.00596559020150433,0.));
#3792=CARTESIAN_POINT('',(0.0369186117393384,-0.00619202512144774,0.));
#3793=CARTESIAN_POINT('',(0.0372090386096716,-0.00641952021628761,0.));
#3794=CARTESIAN_POINT('',(0.0375939786402468,-0.00671067311566287,0.));
#3795=CARTESIAN_POINT('',(0.0382499717513513,-0.0071882108435188,0.));
#3796=CARTESIAN_POINT('',(0.0391387262056958,-0.00780796000148096,0.));
#3797=CARTESIAN_POINT('',(0.0400971227983924,-0.00845737258631778,0.));
#3798=CARTESIAN_POINT('',(0.0408975704391525,-0.0090002680602457,0.));
#3799=CARTESIAN_POINT('',(0.0416908854442548,-0.00953669702769784,0.));
#3800=CARTESIAN_POINT('',(0.0426725690344686,-0.0101775799165773,0.));
#3801=CARTESIAN_POINT('',(0.0436331639142754,-0.010733266925264,0.));
#3802=CARTESIAN_POINT('',(0.0443802146707648,-0.0111016458136739,0.));
#3803=CARTESIAN_POINT('',(0.0449268374269808,-0.0113348350515179,0.));
#3804=CARTESIAN_POINT('',(0.0454572123929326,-0.0115203578748451,0.));
#3805=CARTESIAN_POINT('',(0.0461766563801342,-0.0117173954583532,0.));
#3806=CARTESIAN_POINT('',(0.0468857439716269,-0.0118351891269123,0.));
#3807=CARTESIAN_POINT('',(0.0475454640820542,-0.0118775528316222,0.));
#3808=CARTESIAN_POINT('',(0.0480035147335648,-0.0118738490545095,0.));
#3809=CARTESIAN_POINT('',(0.0484128232968815,-0.0118383698240903,0.));
#3810=CARTESIAN_POINT('',(0.0486430507172524,-0.0117974404919373,0.));
#3811=CARTESIAN_POINT('',(0.0487350307258603,-0.0117762437701527,0.));
#3812=CARTESIAN_POINT('',(0.0193060832623968,-0.0137094337158937,-0.002));
#3813=CARTESIAN_POINT('',(0.0192626486207613,-0.0136535329068432,-0.002));
#3814=CARTESIAN_POINT('',(0.0191656775094391,-0.0135287994365837,-0.002));
#3815=CARTESIAN_POINT('',(0.0189973651978687,-0.0133027283532206,-0.002));
#3816=CARTESIAN_POINT('',(0.0188137969706996,-0.0130348335318731,-0.002));
#3817=CARTESIAN_POINT('',(0.0185651162705854,-0.0126187376665291,-0.002));
#3818=CARTESIAN_POINT('',(0.0183094307320838,-0.0120764417343498,-0.002));
#3819=CARTESIAN_POINT('',(0.0181194909205503,-0.0114800094198737,-0.002));
#3820=CARTESIAN_POINT('',(0.0180249938556478,-0.0109569982086155,-0.002));
#3821=CARTESIAN_POINT('',(0.0179916267434061,-0.0105344933926935,-0.002));
#3822=CARTESIAN_POINT('',(0.0180108489151807,-0.0100739942376453,-0.002));
#3823=CARTESIAN_POINT('',(0.018090090608747,-0.00965633909399112,-0.002));
#3824=CARTESIAN_POINT('',(0.0182104746292142,-0.00930338238380803,-0.002));
#3825=CARTESIAN_POINT('',(0.0183629849855489,-0.00896762964664903,-0.002));
#3826=CARTESIAN_POINT('',(0.0186046614991269,-0.00859039286825163,-0.002));
#3827=CARTESIAN_POINT('',(0.0189429112222722,-0.00822339846235235,-0.002));
#3828=CARTESIAN_POINT('',(0.0194182000595527,-0.00784346495683823,-0.002));
#3829=CARTESIAN_POINT('',(0.0200099331533594,-0.00753744632354763,-0.002));
#3830=CARTESIAN_POINT('',(0.0206687949076976,-0.00732833467152569,-0.002));
#3831=CARTESIAN_POINT('',(0.0212999569042071,-0.00721061782819896,-0.002));
#3832=CARTESIAN_POINT('',(0.0219087865010869,-0.00715592816784787,-0.002));
#3833=CARTESIAN_POINT('',(0.0225009887415056,-0.00714105074456012,-0.002));
#3834=CARTESIAN_POINT('',(0.0230905534798907,-0.00714941475158613,-0.002));
#3835=CARTESIAN_POINT('',(0.0236894894031877,-0.00716926175401503,-0.002));
#3836=CARTESIAN_POINT('',(0.0245206380954229,-0.00719867564684478,-0.002));
#3837=CARTESIAN_POINT('',(0.0256240180657326,-0.00722485739205998,-0.002));
#3838=CARTESIAN_POINT('',(0.0266788569781219,-0.00719669359245112,-0.002));
#3839=CARTESIAN_POINT('',(0.0273928141239509,-0.0071266213849865,-0.002));
#3840=CARTESIAN_POINT('',(0.0278322172494565,-0.00705122220125298,-0.002));
#3841=CARTESIAN_POINT('',(0.0281222456843395,-0.00696931722062305,-0.002));
#3842=CARTESIAN_POINT('',(0.0284197989926579,-0.00684495886404616,-0.002));
#3843=CARTESIAN_POINT('',(0.0286391468049131,-0.00670168270409868,-0.002));
#3844=CARTESIAN_POINT('',(0.028876355863587,-0.00649534483223458,-0.002));
#3845=CARTESIAN_POINT('',(0.0290762082090355,-0.0062940620528196,-0.002));
#3846=CARTESIAN_POINT('',(0.0293361792809419,-0.0060160760771508,-0.002));
#3847=CARTESIAN_POINT('',(0.029671358045192,-0.005671973831719,-0.002));
#3848=CARTESIAN_POINT('',(0.0300322743672255,-0.00535033919682556,-0.002));
#3849=CARTESIAN_POINT('',(0.0303806713794495,-0.00509144101032933,-0.002));
#3850=CARTESIAN_POINT('',(0.0307569757914622,-0.00484760177418997,-0.002));
#3851=CARTESIAN_POINT('',(0.0312730884804978,-0.00457880703886545,-0.002));
#3852=CARTESIAN_POINT('',(0.0318624308045245,-0.00437222862266932,-0.002));
#3853=CARTESIAN_POINT('',(0.0323834387352062,-0.0042641387806936,-0.002));
#3854=CARTESIAN_POINT('',(0.0327992931405144,-0.00421908754761212,-0.002));
#3855=CARTESIAN_POINT('',(0.0331660397685245,-0.00421897591770033,-0.002));
#3856=CARTESIAN_POINT('',(0.0334681005971146,-0.0042460113127324,-0.002));
#3857=CARTESIAN_POINT('',(0.0337779845394899,-0.00429353034546567,-0.002));
#3858=CARTESIAN_POINT('',(0.0341439912340351,-0.00438658337329517,-0.002));
#3859=CARTESIAN_POINT('',(0.0345391892088118,-0.00453461397836898,-0.002));
#3860=CARTESIAN_POINT('',(0.0348938645708635,-0.00470572092781154,-0.002));
#3861=CARTESIAN_POINT('',(0.0353197427883297,-0.00495147808362835,-0.002));
#3862=CARTESIAN_POINT('',(0.0357812275428697,-0.00527473181063353,-0.002));
#3863=CARTESIAN_POINT('',(0.0362658613322587,-0.00565917445132405,-0.002));
#3864=CARTESIAN_POINT('',(0.0366374232385888,-0.00596559020150433,-0.002));
#3865=CARTESIAN_POINT('',(0.0369186117393384,-0.00619202512144774,-0.002));
#3866=CARTESIAN_POINT('',(0.0372090386096716,-0.00641952021628761,-0.002));
#3867=CARTESIAN_POINT('',(0.0375939786402468,-0.00671067311566287,-0.002));
#3868=CARTESIAN_POINT('',(0.0382499717513513,-0.0071882108435188,-0.002));
#3869=CARTESIAN_POINT('',(0.0391387262056958,-0.00780796000148096,-0.002));
#3870=CARTESIAN_POINT('',(0.0400971227983924,-0.00845737258631778,-0.002));
#3871=CARTESIAN_POINT('',(0.0408975704391525,-0.0090002680602457,-0.002));
#3872=CARTESIAN_POINT('',(0.0416908854442548,-0.00953669702769784,-0.002));
#3873=CARTESIAN_POINT('',(0.0426725690344686,-0.0101775799165773,-0.002));
#3874=CARTESIAN_POINT('',(0.0436331639142754,-0.010733266925264,-0.002));
#3875=CARTESIAN_POINT('',(0.0443802146707648,-0.0111016458136739,-0.002));
#3876=CARTESIAN_POINT('',(0.0449268374269808,-0.0113348350515179,-0.002));
#3877=CARTESIAN_POINT('',(0.0454572123929326,-0.0115203578748451,-0.002));
#3878=CARTESIAN_POINT('',(0.0461766563801342,-0.0117173954583532,-0.002));
#3879=CARTESIAN_POINT('',(0.0468857439716269,-0.0118351891269123,-0.002));
#3880=CARTESIAN_POINT('',(0.0475454640820542,-0.0118775528316222,-0.002));
#3881=CARTESIAN_POINT('',(0.0480035147335648,-0.0118738490545095,-0.002));
#3882=CARTESIAN_POINT('',(0.0484128232968815,-0.0118383698240903,-0.002));
#3883=CARTESIAN_POINT('',(0.0486430507172524,-0.0117974404919373,-0.002));
#3884=CARTESIAN_POINT('',(0.0487350307258603,-0.0117762437701527,-0.002));
#3885=CARTESIAN_POINT('',(-0.0453142825332684,-0.00393474915222314,-0.002));
#3886=CARTESIAN_POINT('',(-0.0149152835569245,0.0163039652196135,-0.002));
#3887=CARTESIAN_POINT('',(-0.0156074428491159,0.0161984378607017,-0.002));
#3888=CARTESIAN_POINT('',(-0.0172490916653646,0.0159678664719251,-0.002));
#3889=CARTESIAN_POINT('',(-0.0201942261229004,0.0155682584280015,-0.002));
#3890=CARTESIAN_POINT('',(-0.0234281697553974,0.0150963048197664,-0.002));
#3891=CARTESIAN_POINT('',(-0.0262154641676549,0.0146248865209846,-0.002));
#3892=CARTESIAN_POINT('',(-0.0284405765746325,0.0141791989185352,-0.002));
#3893=CARTESIAN_POINT('',(-0.0300608638406506,0.0138135873916092,-0.002));
#3894=CARTESIAN_POINT('',(-0.0316139538706469,0.0134233729885861,-0.002));
#3895=CARTESIAN_POINT('',(-0.0335988642070836,0.0128737648119473,-0.002));
#3896=CARTESIAN_POINT('',(-0.0359113674396847,0.0121393508378183,-0.002));
#3897=CARTESIAN_POINT('',(-0.0384006043186498,0.0112029560917436,-0.002));
#3898=CARTESIAN_POINT('',(-0.0402379157773452,0.0103837525678144,-0.002));
#3899=CARTESIAN_POINT('',(-0.041582163478274,0.0096923914317982,-0.002));
#3900=CARTESIAN_POINT('',(-0.0423790032374003,0.00923616291608696,-0.002));
#3901=CARTESIAN_POINT('',(-0.0430014898482148,0.0088439886861787,-0.002));
#3902=CARTESIAN_POINT('',(-0.0434622590204823,0.00853283952690152,-0.002));
#3903=CARTESIAN_POINT('',(-0.0439280012137389,0.00819232881670274,-0.002));
#3904=CARTESIAN_POINT('',(-0.0443923688894691,0.00782081334730647,-0.002));
#3905=CARTESIAN_POINT('',(-0.0448580301339836,0.00740927353809433,-0.002));
#3906=CARTESIAN_POINT('',(-0.0453202494246663,0.00695187895406757,-0.002));
#3907=CARTESIAN_POINT('',(-0.0456873186584065,0.00654132241706848,-0.002));
#3908=CARTESIAN_POINT('',(-0.045968501175502,0.00619500440704869,-0.002));
#3909=CARTESIAN_POINT('',(-0.046242807903675,0.00583335495770252,-0.002));
#3910=CARTESIAN_POINT('',(-0.0465555533643667,0.00537452503208253,-0.002));
#3911=CARTESIAN_POINT('',(-0.0468301221144497,0.00491105729600937,-0.002));
#3912=CARTESIAN_POINT('',(-0.0470275542182972,0.00453970883419895,-0.002));
#3913=CARTESIAN_POINT('',(-0.0471602872630167,0.00427130027487478,-0.002));
#3914=CARTESIAN_POINT('',(-0.04728033556272,0.00401150193838348,-0.002));
#3915=CARTESIAN_POINT('',(-0.0473923252100776,0.00375165327493946,-0.002));
#3916=CARTESIAN_POINT('',(-0.0474936911934389,0.00349960241925572,-0.002));
#3917=CARTESIAN_POINT('',(-0.0476229134271761,0.00315542748417156,-0.002));
#3918=CARTESIAN_POINT('',(-0.0477720206063194,0.00270959169763661,-0.002));
#3919=CARTESIAN_POINT('',(-0.0479276944633544,0.00215317482244802,-0.002));
#3920=CARTESIAN_POINT('',(-0.0480382557220033,0.00165800032071146,-0.002));
#3921=CARTESIAN_POINT('',(-0.0481115102788631,0.0012452280874761,-0.002));
#3922=CARTESIAN_POINT('',(-0.0481737714219045,0.000822226306428035,-0.002));
#3923=CARTESIAN_POINT('',(-0.0482192507546978,0.000370631799457688,-0.002));
#3924=CARTESIAN_POINT('',(-0.0482414662212446,-0.000105852490746717,-0.002));
#3925=CARTESIAN_POINT('',(-0.0482464788781461,-0.000594406614159833,-0.002));
#3926=CARTESIAN_POINT('',(-0.0482222145613953,-0.00112001567899732,-0.002));
#3927=CARTESIAN_POINT('',(-0.0481590834113562,-0.00167340938213526,-0.002));
#3928=CARTESIAN_POINT('',(-0.0480901087023215,-0.00210276089319775,-0.002));
#3929=CARTESIAN_POINT('',(-0.0479960432848728,-0.00254547699547181,-0.002));
#3930=CARTESIAN_POINT('',(-0.0478822942966066,-0.00297449697747407,-0.002));
#3931=CARTESIAN_POINT('',(-0.0477460983582458,-0.0034019510329717,-0.002));
#3932=CARTESIAN_POINT('',(-0.0475407795616193,-0.00395073713156184,-0.002));
#3933=CARTESIAN_POINT('',(-0.0472414730567955,-0.00460086830764495,-0.002));
#3934=CARTESIAN_POINT('',(-0.0468420286747088,-0.00529612483387365,-0.002));
#3935=CARTESIAN_POINT('',(-0.0464141485554364,-0.00591835717882918,-0.002));
#3936=CARTESIAN_POINT('',(-0.0459751153342801,-0.00646489348469491,-0.002));
#3937=CARTESIAN_POINT('',(-0.0454043945489827,-0.0070896798466411,-0.002));
#3938=CARTESIAN_POINT('',(-0.0447144886320446,-0.00772910980981932,-0.002));
#3939=CARTESIAN_POINT('',(-0.0440932402195065,-0.00822450922697153,-0.002));
#3940=CARTESIAN_POINT('',(-0.0436416507500885,-0.00856163422505753,-0.002));
#3941=CARTESIAN_POINT('',(-0.0432129095548089,-0.00887021287189654,-0.002));
#3942=CARTESIAN_POINT('',(-0.0427256836282639,-0.00920743835224802,-0.002));
#3943=CARTESIAN_POINT('',(-0.0422158558062729,-0.00955540210851299,-0.002));
#3944=CARTESIAN_POINT('',(-0.041867593695065,-0.0097978043679714,-0.002));
#3945=CARTESIAN_POINT('',(-0.0416472010324554,-0.00995706383905785,-0.002));
#3946=CARTESIAN_POINT('',(-0.0415131951960471,-0.0100574715369712,-0.002));
#3947=CARTESIAN_POINT('',(-0.0414200617283794,-0.010130695330847,-0.002));
#3948=CARTESIAN_POINT('',(-0.0413626807941084,-0.0101782438183924,-0.002));
#3949=CARTESIAN_POINT('',(-0.0412754253212408,-0.0102541047363029,-0.002));
#3950=CARTESIAN_POINT('',(-0.0411653922473743,-0.010354063122329,-0.002));
#3951=CARTESIAN_POINT('',(-0.0410212887526761,-0.0104887552209003,-0.002));
#3952=CARTESIAN_POINT('',(-0.0407864952894499,-0.0107114114388271,-0.002));
#3953=CARTESIAN_POINT('',(-0.0403939979452845,-0.0110841429358536,-0.002));
#3954=CARTESIAN_POINT('',(-0.0398675592620873,-0.0115570773383381,-0.002));
#3955=CARTESIAN_POINT('',(-0.0393666488684603,-0.0119719607970442,-0.002));
#3956=CARTESIAN_POINT('',(-0.038954454502787,-0.0122935177388813,-0.002));
#3957=CARTESIAN_POINT('',(-0.0385048356391643,-0.0126216363342435,-0.002));
#3958=CARTESIAN_POINT('',(-0.0380207897515695,-0.0129493719911284,-0.002));
#3959=CARTESIAN_POINT('',(-0.0375301942409761,-0.0132581106383948,-0.002));
#3960=CARTESIAN_POINT('',(-0.0368711446485871,-0.0136458637066479,-0.002));
#3961=CARTESIAN_POINT('',(-0.0360393048258581,-0.0140921439235456,-0.002));
#3962=CARTESIAN_POINT('',(-0.0350078005011347,-0.014590431225585,-0.002));
#3963=CARTESIAN_POINT('',(-0.0335856984541184,-0.0152138224997454,-0.002));
#3964=CARTESIAN_POINT('',(-0.0317227876077177,-0.0159252891954908,-0.002));
#3965=CARTESIAN_POINT('',(-0.0293754340986137,-0.0166799025703522,-0.002));
#3966=CARTESIAN_POINT('',(-0.0273267866146743,-0.0172170139948268,-0.002));
#3967=CARTESIAN_POINT('',(-0.0257023615586333,-0.017573772411483,-0.002));
#3968=CARTESIAN_POINT('',(-0.0241036308616619,-0.017882815848494,-0.002));
#3969=CARTESIAN_POINT('',(-0.0222268110731714,-0.018180001089387,-0.002));
#3970=CARTESIAN_POINT('',(-0.0208825343841937,-0.0183520928412526,-0.002));
#3971=CARTESIAN_POINT('',(-0.0202657124594399,-0.0184252694502953,-0.002));
#3972=CARTESIAN_POINT('',(-0.0149152835569246,0.0163039652196134,-0.002));
#3973=CARTESIAN_POINT('',(-0.0202657124594399,-0.0184252694502953,-0.002));
#3974=CARTESIAN_POINT('',(0.0118790376654251,0.0155657084034908,-0.002));
#3975=CARTESIAN_POINT('',(0.0119449421128264,0.0157626860044971,-0.002));
#3976=CARTESIAN_POINT('',(0.0120545811719413,0.0160909870610991,-0.002));
#3977=CARTESIAN_POINT('',(0.0122125004824795,0.0165983354907609,-0.002));
#3978=CARTESIAN_POINT('',(0.0123345387329018,0.0170176214845818,-0.002));
#3979=CARTESIAN_POINT('',(0.0124590231589293,0.0174932599473636,-0.002));
#3980=CARTESIAN_POINT('',(0.0125757731822657,0.0180139333535702,-0.002));
#3981=CARTESIAN_POINT('',(0.0126806015618649,0.0185966735687529,-0.002));
#3982=CARTESIAN_POINT('',(0.0127625667550598,0.0192518307425619,-0.002));
#3983=CARTESIAN_POINT('',(0.01280626827421,0.0199869362579519,-0.002));
#3984=CARTESIAN_POINT('',(0.012793682444699,0.0206698292659871,-0.002));
#3985=CARTESIAN_POINT('',(0.0127425494007314,0.021253041328547,-0.002));
#3986=CARTESIAN_POINT('',(0.0126785235921343,0.0217177407841836,-0.002));
#3987=CARTESIAN_POINT('',(0.0126036369859195,0.0221093257249734,-0.002));
#3988=CARTESIAN_POINT('',(0.0125281358520378,0.0224317458860081,-0.002));
#3989=CARTESIAN_POINT('',(0.0124452508806378,0.0227459336650822,-0.002));
#3990=CARTESIAN_POINT('',(0.0123279737171014,0.0231274203456602,-0.002));
#3991=CARTESIAN_POINT('',(0.0121141271492398,0.0237122464687083,-0.002));
#3992=CARTESIAN_POINT('',(0.0118048360603391,0.0243915711550537,-0.002));
#3993=CARTESIAN_POINT('',(0.0113835512314597,0.0251259720350604,-0.002));
#3994=CARTESIAN_POINT('',(0.0109261898642931,0.0257834096080115,-0.002));
#3995=CARTESIAN_POINT('',(0.0104442784043716,0.0263688971040193,-0.002));
#3996=CARTESIAN_POINT('',(0.00994768070555661,0.0268883391683467,-0.002));
#3997=CARTESIAN_POINT('',(0.00942901244325323,0.0273589818844059,-0.002));
#3998=CARTESIAN_POINT('',(0.00890119586215092,0.0277756045697757,-0.002));
#3999=CARTESIAN_POINT('',(0.00836267683670646,0.0281473069992447,-0.002));
#4000=CARTESIAN_POINT('',(0.00789258802077134,0.0284286785408145,-0.002));
#4001=CARTESIAN_POINT('',(0.0075086849959499,0.0286334539303173,-0.002));
#4002=CARTESIAN_POINT('',(0.00722075477684588,0.0287754026677742,-0.002));
#4003=CARTESIAN_POINT('',(0.00691631115704843,0.0289135423857978,-0.002));
#4004=CARTESIAN_POINT('',(0.00647919717858259,0.0290926495042429,-0.002));
#4005=CARTESIAN_POINT('',(0.0060159760987003,0.029253079694194,-0.002));
#4006=CARTESIAN_POINT('',(0.00549082609163007,0.0293972706730041,-0.002));
#4007=CARTESIAN_POINT('',(0.00492438035232821,0.0295233411714225,-0.002));
#4008=CARTESIAN_POINT('',(0.00433518704770193,0.029609196238374,-0.002));
#4009=CARTESIAN_POINT('',(0.00371195976799291,0.0296487268988402,-0.002));
#4010=CARTESIAN_POINT('',(0.00325290052384334,0.0296528334137319,-0.002));
#4011=CARTESIAN_POINT('',(0.00279459239765988,0.029633122003593,-0.002));
#4012=CARTESIAN_POINT('',(0.00218716067204722,0.0295744801893618,-0.002));
#4013=CARTESIAN_POINT('',(0.00147334034655318,0.0294491786631016,-0.002));
#4014=CARTESIAN_POINT('',(0.000687058580022384,0.0292346656947102,-0.002));
#4015=CARTESIAN_POINT('',(-1.82383487105055E-6,0.0289869277245819,-0.002));
#4016=CARTESIAN_POINT('',(-0.000634968785993665,0.0287099629153581,-0.002));
#4017=CARTESIAN_POINT('',(-0.00119942425216018,0.0284223299954535,-0.002));
#4018=CARTESIAN_POINT('',(-0.00170485729398925,0.0281358946136535,-0.002));
#4019=CARTESIAN_POINT('',(-0.00219000365245855,0.0278368327158064,-0.002));
#4020=CARTESIAN_POINT('',(-0.00265043583999535,0.0275328504115555,-0.002));
#4021=CARTESIAN_POINT('',(-0.00324972244804356,0.0271165948789679,-0.002));
#4022=CARTESIAN_POINT('',(-0.00400031883542442,0.026562368533508,-0.002));
#4023=CARTESIAN_POINT('',(-0.00492400087229019,0.02584090427359,-0.002));
#4024=CARTESIAN_POINT('',(-0.00619569409537926,0.0248039581574518,-0.002));
#4025=CARTESIAN_POINT('',(-0.00784661296983161,0.0233871945688415,-0.002));
#4026=CARTESIAN_POINT('',(-0.0098417434622839,0.0215782638451268,-0.002));
#4027=CARTESIAN_POINT('',(-0.0114299872015892,0.0200579648600576,-0.002));
#4028=CARTESIAN_POINT('',(-0.0126078507153468,0.0188736365872524,-0.002));
#4029=CARTESIAN_POINT('',(-0.0134353962527414,0.0180075757497114,-0.002));
#4030=CARTESIAN_POINT('',(-0.0142053609275087,0.0171591223129898,-0.002));
#4031=CARTESIAN_POINT('',(-0.0146821039488882,0.0165951610934906,-0.002));
#4032=CARTESIAN_POINT('',(-0.0149152835569246,0.0163039652196133,-0.002));
#4033=CARTESIAN_POINT('',(0.0118790376654251,0.0155657084034908,-0.002));
#4034=CARTESIAN_POINT('',(0.0173207221156217,0.0144625102523762,-0.002));
#4035=CARTESIAN_POINT('',(0.0170258500040584,0.014491365262169,-0.002));
#4036=CARTESIAN_POINT('',(0.0162688721224941,0.0145897478914625,-0.002));
#4037=CARTESIAN_POINT('',(0.0148686447493199,0.0148453853082584,-0.002));
#4038=CARTESIAN_POINT('',(0.0133549381844602,0.0151804570577446,-0.002));
#4039=CARTESIAN_POINT('',(0.012355872645018,0.0154358400913338,-0.002));
#4040=CARTESIAN_POINT('',(0.0118790376654251,0.0155657084034908,-0.002));
#4041=CARTESIAN_POINT('',(0.0173207221156216,0.014462510252376,-0.002));
#4042=CARTESIAN_POINT('',(0.0281557101307363,0.0128910381580625,-0.002));
#4043=CARTESIAN_POINT('',(0.0280522319218914,0.0129905424115862,-0.002));
#4044=CARTESIAN_POINT('',(0.0278333319434809,0.0131919026454784,-0.002));
#4045=CARTESIAN_POINT('',(0.0275203843219186,0.0134505849239943,-0.002));
#4046=CARTESIAN_POINT('',(0.0272539524284902,0.0136522294754533,-0.002));
#4047=CARTESIAN_POINT('',(0.0269723034829709,0.0138525425270701,-0.002));
#4048=CARTESIAN_POINT('',(0.0264832003110222,0.0141684827984145,-0.002));
#4049=CARTESIAN_POINT('',(0.0257846364559194,0.0145399153926491,-0.002));
#4050=CARTESIAN_POINT('',(0.024972599671375,0.014871427111012,-0.002));
#4051=CARTESIAN_POINT('',(0.0241930642869153,0.0151094728140827,-0.002));
#4052=CARTESIAN_POINT('',(0.0234566349316567,0.0152700349899537,-0.002));
#4053=CARTESIAN_POINT('',(0.022747736026943,0.0153700810286663,-0.002));
#4054=CARTESIAN_POINT('',(0.0220782384953745,0.0154176387575988,-0.002));
#4055=CARTESIAN_POINT('',(0.0214351967241726,0.0154229453386036,-0.002));
#4056=CARTESIAN_POINT('',(0.0208114286625331,0.0153900725905226,-0.002));
#4057=CARTESIAN_POINT('',(0.0202085862076735,0.0153231325605895,-0.002));
#4058=CARTESIAN_POINT('',(0.0196123777317763,0.0152222154264051,-0.002));
#4059=CARTESIAN_POINT('',(0.0191168472597602,0.0151081791096108,-0.002));
#4060=CARTESIAN_POINT('',(0.0187202867587767,0.0149976960299502,-0.002));
#4061=CARTESIAN_POINT('',(0.0183118596471049,0.0148699864789016,-0.002));
#4062=CARTESIAN_POINT('',(0.0178045990859783,0.0146818335649859,-0.002));
#4063=CARTESIAN_POINT('',(0.0174685696097091,0.0145320226510695,-0.002));
#4064=CARTESIAN_POINT('',(0.0173207221156216,0.014462510252376,-0.002));
#4065=CARTESIAN_POINT('',(0.0281557101307363,0.0128910381580625,-0.002));
#4066=CARTESIAN_POINT('',(0.0297391789881809,0.0132478203843527,-0.002));
#4067=CARTESIAN_POINT('',(0.0294229083034332,0.0131892957367647,-0.002));
#4068=CARTESIAN_POINT('',(0.0288623469668083,0.0130664562679581,-0.002));
#4069=CARTESIAN_POINT('',(0.0283825762342813,0.0129478169932458,-0.002));
#4070=CARTESIAN_POINT('',(0.0281557101307363,0.0128910381580625,-0.002));
#4071=CARTESIAN_POINT('',(0.0297391789881812,0.0132478203843528,-0.002));
#4072=CARTESIAN_POINT('',(0.0522472312940405,-3.70627714040466E-5,-0.002));
#4073=CARTESIAN_POINT('',(0.0525577275034279,0.000671661662445824,-0.002));
#4074=CARTESIAN_POINT('',(0.0532774961009608,0.00229831494205092,-0.002));
#4075=CARTESIAN_POINT('',(0.0544891145998275,0.00512838990545654,-0.002));
#4076=CARTESIAN_POINT('',(0.0554909578378204,0.00766817176719638,-0.002));
#4077=CARTESIAN_POINT('',(0.0562205161027456,0.00974893210865875,-0.002));
#4078=CARTESIAN_POINT('',(0.056715819348246,0.0113313437872499,-0.002));
#4079=CARTESIAN_POINT('',(0.0571402334507835,0.0129375572687875,-0.002));
#4080=CARTESIAN_POINT('',(0.0574172454158612,0.0143254114303379,-0.002));
#4081=CARTESIAN_POINT('',(0.057570662779329,0.0154918349813506,-0.002));
#4082=CARTESIAN_POINT('',(0.0576416273559487,0.0164148914485249,-0.002));
#4083=CARTESIAN_POINT('',(0.0576538409678476,0.0173942151089258,-0.002));
#4084=CARTESIAN_POINT('',(0.0575899614499632,0.0183014678503877,-0.002));
#4085=CARTESIAN_POINT('',(0.0574767970572892,0.0190583326157503,-0.002));
#4086=CARTESIAN_POINT('',(0.0573158770717803,0.0198399398060221,-0.002));
#4087=CARTESIAN_POINT('',(0.0570150539133545,0.0208420779494824,-0.002));
#4088=CARTESIAN_POINT('',(0.0565612289821476,0.0218476455500037,-0.002));
#4089=CARTESIAN_POINT('',(0.0560871409052764,0.0226449673789507,-0.002));
#4090=CARTESIAN_POINT('',(0.0556806520315024,0.0232220774641991,-0.002));
#4091=CARTESIAN_POINT('',(0.055217910703458,0.0237794413951279,-0.002));
#4092=CARTESIAN_POINT('',(0.0547057829498377,0.0243016722160164,-0.002));
#4093=CARTESIAN_POINT('',(0.0541530528789827,0.0247799509168105,-0.002));
#4094=CARTESIAN_POINT('',(0.0535547011426585,0.0252156437584826,-0.002));
#4095=CARTESIAN_POINT('',(0.0529364585526613,0.0255915165900151,-0.002));
#4096=CARTESIAN_POINT('',(0.0522922180201189,0.0259149366672854,-0.002));
#4097=CARTESIAN_POINT('',(0.0516411009782885,0.0261786012532244,-0.002));
#4098=CARTESIAN_POINT('',(0.0507747401544475,0.0264548567059719,-0.002));
#4099=CARTESIAN_POINT('',(0.0497005033981444,0.0266690436818139,-0.002));
#4100=CARTESIAN_POINT('',(0.0484745781352427,0.0267455523543424,-0.002));
#4101=CARTESIAN_POINT('',(0.0473344715394804,0.0266829769073627,-0.002));
#4102=CARTESIAN_POINT('',(0.0464375417397996,0.0265385277092477,-0.002));
#4103=CARTESIAN_POINT('',(0.0457592822388426,0.0263798107255854,-0.002));
#4104=CARTESIAN_POINT('',(0.0452719824746604,0.0262431211072446,-0.002));
#4105=CARTESIAN_POINT('',(0.0447982738392633,0.0260892703028926,-0.002));
#4106=CARTESIAN_POINT('',(0.0441797817479449,0.0258611886893311,-0.002));
#4107=CARTESIAN_POINT('',(0.0434414455467425,0.0255400623239793,-0.002));
#4108=CARTESIAN_POINT('',(0.0426182274420909,0.0251166101742262,-0.002));
#4109=CARTESIAN_POINT('',(0.0418498171423723,0.0246653195308889,-0.002));
#4110=CARTESIAN_POINT('',(0.0408960340592896,0.0240438946305265,-0.002));
#4111=CARTESIAN_POINT('',(0.0397810333069222,0.0232223939971349,-0.002));
#4112=CARTESIAN_POINT('',(0.0385254048936424,0.0221833652010319,-0.002));
#4113=CARTESIAN_POINT('',(0.0369266230199327,0.0207441327923934,-0.002));
#4114=CARTESIAN_POINT('',(0.0350381546557878,0.0188760149775575,-0.002));
#4115=CARTESIAN_POINT('',(0.0329526572484759,0.016671350589776,-0.002));
#4116=CARTESIAN_POINT('',(0.0311142402786473,0.0146802514544278,-0.002));
#4117=CARTESIAN_POINT('',(0.030129840376005,0.0136416485460274,-0.002));
#4118=CARTESIAN_POINT('',(0.0297391789881813,0.0132478203843528,-0.002));
#4119=CARTESIAN_POINT('',(0.0522472312940406,-3.70627714040336E-5,-0.002));
#4120=CARTESIAN_POINT('',(0.0330667414103351,-0.0145418487333022,-0.002));
#4121=CARTESIAN_POINT('',(0.0333161073685911,-0.0147188906235136,-0.002));
#4122=CARTESIAN_POINT('',(0.0338134728633855,-0.0150663211608138,-0.002));
#4123=CARTESIAN_POINT('',(0.034557129712849,-0.0155752752064385,-0.002));
#4124=CARTESIAN_POINT('',(0.0352910026162089,-0.0160721729122107,-0.002));
#4125=CARTESIAN_POINT('',(0.0360178587184048,-0.0165658600358242,-0.002));
#4126=CARTESIAN_POINT('',(0.036842475833031,-0.0171204866651063,-0.002));
#4127=CARTESIAN_POINT('',(0.0377488792058179,-0.0177063702007131,-0.002));
#4128=CARTESIAN_POINT('',(0.0387485697214166,-0.0183107587239979,-0.002));
#4129=CARTESIAN_POINT('',(0.0398509030382484,-0.0189131783124814,-0.002));
#4130=CARTESIAN_POINT('',(0.0408645193718166,-0.0193941484203513,-0.002));
#4131=CARTESIAN_POINT('',(0.0417496076293139,-0.0197541307251921,-0.002));
#4132=CARTESIAN_POINT('',(0.042440297766205,-0.0200019121395708,-0.002));
#4133=CARTESIAN_POINT('',(0.0431410733240771,-0.0202197545521534,-0.002));
#4134=CARTESIAN_POINT('',(0.0440653135456883,-0.0204644064341501,-0.002));
#4135=CARTESIAN_POINT('',(0.0452195002537995,-0.020694604310985,-0.002));
#4136=CARTESIAN_POINT('',(0.0466012418355414,-0.020853265642115,-0.002));
#4137=CARTESIAN_POINT('',(0.0477538356598563,-0.0208870302030985,-0.002));
#4138=CARTESIAN_POINT('',(0.0486858390491898,-0.0208494923658076,-0.002));
#4139=CARTESIAN_POINT('',(0.0492723841763788,-0.0207969986434092,-0.002));
#4140=CARTESIAN_POINT('',(0.0497476910711074,-0.020735285928376,-0.002));
#4141=CARTESIAN_POINT('',(0.0501085036871383,-0.0206785575741993,-0.002));
#4142=CARTESIAN_POINT('',(0.0504906322219403,-0.0206065715412572,-0.002));
#4143=CARTESIAN_POINT('',(0.0510143565856537,-0.020489652969221,-0.002));
#4144=CARTESIAN_POINT('',(0.0515861054749814,-0.0203296273403553,-0.002));
#4145=CARTESIAN_POINT('',(0.0521949125874333,-0.02011196151501,-0.002));
#4146=CARTESIAN_POINT('',(0.0526814281565403,-0.019909228652411,-0.002));
#4147=CARTESIAN_POINT('',(0.0531821096246685,-0.0196659216491082,-0.002));
#4148=CARTESIAN_POINT('',(0.0538796301891661,-0.0192720263183329,-0.002));
#4149=CARTESIAN_POINT('',(0.0546158516849993,-0.0187494664270377,-0.002));
#4150=CARTESIAN_POINT('',(0.0553287120731786,-0.0180911511908085,-0.002));
#4151=CARTESIAN_POINT('',(0.055847750418959,-0.0175188176469683,-0.002));
#4152=CARTESIAN_POINT('',(0.0562496415486407,-0.016980278809054,-0.002));
#4153=CARTESIAN_POINT('',(0.0565453608445677,-0.0165143637267597,-0.002));
#4154=CARTESIAN_POINT('',(0.0567477545292049,-0.0161571283017521,-0.002));
#4155=CARTESIAN_POINT('',(0.0569025251307665,-0.0158497151677246,-0.002));
#4156=CARTESIAN_POINT('',(0.057018339889992,-0.0155958587001273,-0.002));
#4157=CARTESIAN_POINT('',(0.0571244306426776,-0.0153468725507054,-0.002));
#4158=CARTESIAN_POINT('',(0.057241713988148,-0.0150413715816832,-0.002));
#4159=CARTESIAN_POINT('',(0.0574013297199605,-0.0145615489093735,-0.002));
#4160=CARTESIAN_POINT('',(0.0575209683137765,-0.0140997523169837,-0.002));
#4161=CARTESIAN_POINT('',(0.0576065275943631,-0.0136715574049562,-0.002));
#4162=CARTESIAN_POINT('',(0.0576743718813531,-0.0132549329923862,-0.002));
#4163=CARTESIAN_POINT('',(0.0577280170824583,-0.0127631772079435,-0.002));
#4164=CARTESIAN_POINT('',(0.0577632622530986,-0.0120441742727281,-0.002));
#4165=CARTESIAN_POINT('',(0.0577413562038222,-0.0113913711271714,-0.002));
#4166=CARTESIAN_POINT('',(0.0576871223721485,-0.0108167181168372,-0.002));
#4167=CARTESIAN_POINT('',(0.0576146499431848,-0.0102692107452476,-0.002));
#4168=CARTESIAN_POINT('',(0.0574998832356028,-0.00965194759191768,-0.002));
#4169=CARTESIAN_POINT('',(0.05733592830429,-0.00897865298919048,-0.002));
#4170=CARTESIAN_POINT('',(0.0571580724698539,-0.00837235672121611,-0.002));
#4171=CARTESIAN_POINT('',(0.05696906736822,-0.00781076085628004,-0.002));
#4172=CARTESIAN_POINT('',(0.0567677177447355,-0.00727683703311496,-0.002));
#4173=CARTESIAN_POINT('',(0.0565423677161554,-0.00674028838913948,-0.002));
#4174=CARTESIAN_POINT('',(0.0562191209858817,-0.00604659161060204,-0.002));
#4175=CARTESIAN_POINT('',(0.0557858155500004,-0.0052363883313054,-0.002));
#4176=CARTESIAN_POINT('',(0.0552491764944565,-0.00435777355664862,-0.002));
#4177=CARTESIAN_POINT('',(0.0547101961919716,-0.00354369273700022,-0.002));
#4178=CARTESIAN_POINT('',(0.0541434422367187,-0.00272103564343038,-0.002));
#4179=CARTESIAN_POINT('',(0.0535219292212279,-0.00183425687242753,-0.002));
#4180=CARTESIAN_POINT('',(0.0528769257001778,-0.000923493683009074,-0.002));
#4181=CARTESIAN_POINT('',(0.0524525256690478,-0.00032627303470895,-0.002));
#4182=CARTESIAN_POINT('',(0.0522472312940406,-3.70627714040336E-5,-0.002));
#4183=CARTESIAN_POINT('',(0.0330667414103348,-0.0145418487333026,-0.002));
#4184=CARTESIAN_POINT('',(0.0280979053908633,-0.0160989879697544,-0.002));
#4185=CARTESIAN_POINT('',(0.0282777745745028,-0.016080358725676,-0.002));
#4186=CARTESIAN_POINT('',(0.0286466950163139,-0.0160369553139263,-0.002));
#4187=CARTESIAN_POINT('',(0.0292452291153525,-0.0159438031696633,-0.002));
#4188=CARTESIAN_POINT('',(0.029880825751218,-0.0158144163948374,-0.002));
#4189=CARTESIAN_POINT('',(0.0304338276053602,-0.015671290299788,-0.002));
#4190=CARTESIAN_POINT('',(0.0308920125969797,-0.0155292837208703,-0.002));
#4191=CARTESIAN_POINT('',(0.0313364683601717,-0.0153756073663252,-0.002));
#4192=CARTESIAN_POINT('',(0.0318744022242193,-0.0151607110195786,-0.002));
#4193=CARTESIAN_POINT('',(0.0324930844783066,-0.0148670238827706,-0.002));
#4194=CARTESIAN_POINT('',(0.0328798855844804,-0.0146527427486094,-0.002));
#4195=CARTESIAN_POINT('',(0.0330667414103347,-0.0145418487333027,-0.002));
#4196=CARTESIAN_POINT('',(0.0280979053908632,-0.0160989879697541,-0.002));
#4197=CARTESIAN_POINT('',(0.00695095237449828,-0.0190686731034862,-0.002));
#4198=CARTESIAN_POINT('',(0.00703062489628013,-0.0191124185988433,-0.002));
#4199=CARTESIAN_POINT('',(0.00723494310656226,-0.01922598014709,-0.002));
#4200=CARTESIAN_POINT('',(0.00769093575949103,-0.0194707525094981,-0.002));
#4201=CARTESIAN_POINT('',(0.00818337566228043,-0.0197187768249157,-0.002));
#4202=CARTESIAN_POINT('',(0.00866936358113148,-0.0199502383940876,-0.002));
#4203=CARTESIAN_POINT('',(0.00916915858259463,-0.0201773245172258,-0.002));
#4204=CARTESIAN_POINT('',(0.00984670103366164,-0.020471453915183,-0.002));
#4205=CARTESIAN_POINT('',(0.0107184023541385,-0.0208268212458706,-0.002));
#4206=CARTESIAN_POINT('',(0.011620292527574,-0.0211663149182318,-0.002));
#4207=CARTESIAN_POINT('',(0.0123526535467022,-0.0214254846495949,-0.002));
#4208=CARTESIAN_POINT('',(0.0129026916660825,-0.0216122916084714,-0.002));
#4209=CARTESIAN_POINT('',(0.0134642179687546,-0.0217945123038232,-0.002));
#4210=CARTESIAN_POINT('',(0.0142264575331825,-0.022028894534339,-0.002));
#4211=CARTESIAN_POINT('',(0.0150456052292752,-0.0222571790326585,-0.002));
#4212=CARTESIAN_POINT('',(0.0159361749830504,-0.0224615535626936,-0.002));
#4213=CARTESIAN_POINT('',(0.01663834187342,-0.0225959408945779,-0.002));
#4214=CARTESIAN_POINT('',(0.0174033462527401,-0.0227067706645223,-0.002));
#4215=CARTESIAN_POINT('',(0.0182247067624211,-0.0227790144719394,-0.002));
#4216=CARTESIAN_POINT('',(0.0189818794550374,-0.0227943889552527,-0.002));
#4217=CARTESIAN_POINT('',(0.0196394755544026,-0.0227644372791144,-0.002));
#4218=CARTESIAN_POINT('',(0.0201563321732766,-0.0227166044135829,-0.002));
#4219=CARTESIAN_POINT('',(0.0207111661633991,-0.0226355663963928,-0.002));
#4220=CARTESIAN_POINT('',(0.0212881901811522,-0.0225160027631388,-0.002));
#4221=CARTESIAN_POINT('',(0.0218725766806614,-0.022356082139724,-0.002));
#4222=CARTESIAN_POINT('',(0.0226277709674848,-0.0220958006759885,-0.002));
#4223=CARTESIAN_POINT('',(0.0233378526011126,-0.0217727528101051,-0.002));
#4224=CARTESIAN_POINT('',(0.0240038347808082,-0.0213929782799773,-0.002));
#4225=CARTESIAN_POINT('',(0.024640092564496,-0.0209761238689109,-0.002));
#4226=CARTESIAN_POINT('',(0.0253554537448852,-0.0204074535579657,-0.002));
#4227=CARTESIAN_POINT('',(0.0260965954108798,-0.0196674860621289,-0.002));
#4228=CARTESIAN_POINT('',(0.0266193088489032,-0.0190190164620614,-0.002));
#4229=CARTESIAN_POINT('',(0.0269821852043179,-0.0184928069956935,-0.002));
#4230=CARTESIAN_POINT('',(0.0272330678649609,-0.0180883277826213,-0.002));
#4231=CARTESIAN_POINT('',(0.0274764852416766,-0.0176470453054887,-0.002));
#4232=CARTESIAN_POINT('',(0.0277035691117518,-0.0171757852935373,-0.002));
#4233=CARTESIAN_POINT('',(0.027915322231941,-0.0166606307938221,-0.002));
#4234=CARTESIAN_POINT('',(0.0280399430975455,-0.0162924622286339,-0.002));
#4235=CARTESIAN_POINT('',(0.0280979053908632,-0.0160989879697542,-0.002));
#4236=CARTESIAN_POINT('',(0.00695095237439325,-0.0190686731036778,-0.002));
#4237=CARTESIAN_POINT('',(0.00299578037304975,-0.0191496732423958,-0.002));
#4238=CARTESIAN_POINT('',(0.00340079421589657,-0.0191252203856447,-0.002));
#4239=CARTESIAN_POINT('',(0.00420743019507612,-0.0190811686050518,-0.002));
#4240=CARTESIAN_POINT('',(0.00534290909496461,-0.0190409417595046,-0.002));
#4241=CARTESIAN_POINT('',(0.00631984592997636,-0.0190356180688746,-0.002));
#4242=CARTESIAN_POINT('',(0.00679141613168107,-0.0190567261452566,-0.002));
#4243=CARTESIAN_POINT('',(0.00695095237439322,-0.0190686731036778,-0.002));
#4244=CARTESIAN_POINT('',(0.00299578037304974,-0.0191496732423956,-0.002));
#4245=CARTESIAN_POINT('',(-0.0202657124594399,-0.0184252694502954,-0.002));
#4246=CARTESIAN_POINT('',(-0.0199865835418103,-0.0189807295082944,-0.002));
#4247=CARTESIAN_POINT('',(-0.0193810676895385,-0.020109347694,-0.002));
#4248=CARTESIAN_POINT('',(-0.0185185276939353,-0.0215508993135875,-0.002));
#4249=CARTESIAN_POINT('',(-0.0177746300808581,-0.0226964418404916,-0.002));
#4250=CARTESIAN_POINT('',(-0.0171876495967158,-0.0235486875830582,-0.002));
#4251=CARTESIAN_POINT('',(-0.0165752815928971,-0.0243820160672131,-0.002));
#4252=CARTESIAN_POINT('',(-0.0157365250196703,-0.0254451567002001,-0.002));
#4253=CARTESIAN_POINT('',(-0.0146570896364572,-0.0266719235933215,-0.002));
#4254=CARTESIAN_POINT('',(-0.0135214227772765,-0.0277747719296302,-0.002));
#4255=CARTESIAN_POINT('',(-0.0125687595175893,-0.0285812195832276,-0.002));
#4256=CARTESIAN_POINT('',(-0.0119467985331992,-0.029055650702105,-0.002));
#4257=CARTESIAN_POINT('',(-0.0115002896202383,-0.0293679844928265,-0.002));
#4258=CARTESIAN_POINT('',(-0.0112346261618886,-0.0295450022299451,-0.002));
#4259=CARTESIAN_POINT('',(-0.0109644592817065,-0.0297190028466257,-0.002));
#4260=CARTESIAN_POINT('',(-0.0105941144311061,-0.0299449049442021,-0.002));
#4261=CARTESIAN_POINT('',(-0.0100982687447048,-0.0302185642178157,-0.002));
#4262=CARTESIAN_POINT('',(-0.0095545482449433,-0.0304854296613798,-0.002));
#4263=CARTESIAN_POINT('',(-0.00901451150742873,-0.0307111615019359,-0.002));
#4264=CARTESIAN_POINT('',(-0.00853820692105421,-0.0308780973836657,-0.002));
#4265=CARTESIAN_POINT('',(-0.00816077613566116,-0.0309934714632764,-0.002));
#4266=CARTESIAN_POINT('',(-0.00776125799419872,-0.0310974049713044,-0.002));
#4267=CARTESIAN_POINT('',(-0.00717837752856175,-0.0312201856480724,-0.002));
#4268=CARTESIAN_POINT('',(-0.0063743978319087,-0.0313269399659177,-0.002));
#4269=CARTESIAN_POINT('',(-0.00547385966822637,-0.0313380500372608,-0.002));
#4270=CARTESIAN_POINT('',(-0.00471019023202794,-0.0312681210665703,-0.002));
#4271=CARTESIAN_POINT('',(-0.00421722468093823,-0.0311875547251437,-0.002));
#4272=CARTESIAN_POINT('',(-0.00381424293388955,-0.0310977368560541,-0.002));
#4273=CARTESIAN_POINT('',(-0.00352255572610417,-0.0310211906812252,-0.002));
#4274=CARTESIAN_POINT('',(-0.00323234060595029,-0.0309337992533085,-0.002));
#4275=CARTESIAN_POINT('',(-0.0028491682255042,-0.0308024369681559,-0.002));
#4276=CARTESIAN_POINT('',(-0.00241277072712459,-0.0306253812058833,-0.002));
#4277=CARTESIAN_POINT('',(-0.00193244515142953,-0.0303935670559951,-0.002));
#4278=CARTESIAN_POINT('',(-0.00149284023474675,-0.0301469572345935,-0.002));
#4279=CARTESIAN_POINT('',(-0.000967979513572731,-0.0298128468494337,-0.002));
#4280=CARTESIAN_POINT('',(-0.000506185436440075,-0.0294643701067388,-0.002));
#4281=CARTESIAN_POINT('',(-0.000110310145570435,-0.0291234407775098,-0.002));
#4282=CARTESIAN_POINT('',(0.000258001757982394,-0.0287787608156737,-0.002));
#4283=CARTESIAN_POINT('',(0.000577145670958172,-0.0284423494308651,-0.002));
#4284=CARTESIAN_POINT('',(0.000865582785911452,-0.0281058953120194,-0.002));
#4285=CARTESIAN_POINT('',(0.00113039335389008,-0.0277755112523532,-0.002));
#4286=CARTESIAN_POINT('',(0.00143369974329074,-0.0273574488775205,-0.002));
#4287=CARTESIAN_POINT('',(0.00175101565017179,-0.0268591348261529,-0.002));
#4288=CARTESIAN_POINT('',(0.00199556097586549,-0.0264206905929296,-0.002));
#4289=CARTESIAN_POINT('',(0.00219185420285862,-0.02602110350102,-0.002));
#4290=CARTESIAN_POINT('',(0.00233693300126062,-0.0256939785589798,-0.002));
#4291=CARTESIAN_POINT('',(0.00246903091857618,-0.0253598579119127,-0.002));
#4292=CARTESIAN_POINT('',(0.00258967186356376,-0.0250148544859649,-0.002));
#4293=CARTESIAN_POINT('',(0.00269763045279729,-0.0246574248652902,-0.002));
#4294=CARTESIAN_POINT('',(0.00278582544810029,-0.0243147762481239,-0.002));
#4295=CARTESIAN_POINT('',(0.00285919929355796,-0.0239764145140041,-0.002));
#4296=CARTESIAN_POINT('',(0.00291682441248095,-0.0236522133817271,-0.002));
#4297=CARTESIAN_POINT('',(0.00295989505941346,-0.0233516137070851,-0.002));
#4298=CARTESIAN_POINT('',(0.00300170605673133,-0.0229859743071329,-0.002));
#4299=CARTESIAN_POINT('',(0.00303360659181346,-0.0225609416455506,-0.002));
#4300=CARTESIAN_POINT('',(0.00304850456488599,-0.0221190606234697,-0.002));
#4301=CARTESIAN_POINT('',(0.0030521341274549,-0.021759396873558,-0.002));
#4302=CARTESIAN_POINT('',(0.0030510093300458,-0.021405790382518,-0.002));
#4303=CARTESIAN_POINT('',(0.00304619386101046,-0.0210507801923283,-0.002));
#4304=CARTESIAN_POINT('',(0.00303637594634546,-0.0205664637952916,-0.002));
#4305=CARTESIAN_POINT('',(0.00301930658626025,-0.0199380578895915,-0.002));
#4306=CARTESIAN_POINT('',(0.00300354201194306,-0.0194139626090377,-0.002));
#4307=CARTESIAN_POINT('',(0.00299578037304974,-0.0191496732423956,-0.002));
#4308=CARTESIAN_POINT('',(-0.0453142825332684,-0.00393474915222314,0.));
#4309=CARTESIAN_POINT('',(-0.0149152835569245,0.0163039652196135,-0.002));
#4310=CARTESIAN_POINT('',(-0.0149152835569245,0.0163039652196135,0.));
#4311=CARTESIAN_POINT('',(-0.0162996021413073,0.0160929105017897,-0.002));
#4312=CARTESIAN_POINT('',(-0.0162996021413073,0.0160929105017897,0.));
#4313=CARTESIAN_POINT('',(-0.0200610050748366,0.0156000061571649,-0.002));
#4314=CARTESIAN_POINT('',(-0.0200610050748366,0.0156000061571649,-4.33680868994202E-19));
#4315=CARTESIAN_POINT('',(-0.0256695382945343,0.0147648491103074,-0.002));
#4316=CARTESIAN_POINT('',(-0.0256695382945343,0.0147648491103074,8.67361737988404E-19));
#4317=CARTESIAN_POINT('',(-0.030096676082362,0.0138265259902745,-0.002));
#4318=CARTESIAN_POINT('',(-0.030096676082362,0.0138265259902745,-4.33680868994202E-19));
#4319=CARTESIAN_POINT('',(-0.0331349587369425,0.0130205491821612,-0.002));
#4320=CARTESIAN_POINT('',(-0.0331349587369425,0.0130205491821612,0.));
#4321=CARTESIAN_POINT('',(-0.0359118548325364,0.0121393169163906,-0.002));
#4322=CARTESIAN_POINT('',(-0.0359118548325364,0.0121393169163906,0.));
#4323=CARTESIAN_POINT('',(-0.0384000595708637,0.0112031902020666,-0.002));
#4324=CARTESIAN_POINT('',(-0.0384000595708637,0.0112031902020666,-1.30104260698261E-18));
#4325=CARTESIAN_POINT('',(-0.0406070696673763,0.0102190093431643,-0.002));
#4326=CARTESIAN_POINT('',(-0.0406070696673763,0.0102190093431643,4.33680868994202E-19));
#4327=CARTESIAN_POINT('',(-0.0425527272420813,0.00916824696970179,-0.002));
#4328=CARTESIAN_POINT('',(-0.0425527272420813,0.00916824696970179,-4.33680868994202E-19));
#4329=CARTESIAN_POINT('',(-0.044077352962579,0.00813064384579898,-0.002));
#4330=CARTESIAN_POINT('',(-0.044077352962579,0.00813064384579898,0.));
#4331=CARTESIAN_POINT('',(-0.0453279726717409,0.006973619555633,-0.002));
#4332=CARTESIAN_POINT('',(-0.0453279726717409,0.006973619555633,-4.33680868994202E-19));
#4333=CARTESIAN_POINT('',(-0.0461978617609704,0.00594013446824352,-0.002));
#4334=CARTESIAN_POINT('',(-0.0461978617609704,0.00594013446824352,0.));
#4335=CARTESIAN_POINT('',(-0.0469139124343587,0.00480573924605188,-0.002));
#4336=CARTESIAN_POINT('',(-0.0469139124343587,0.00480573924605188,-8.67361737988404E-19));
#4337=CARTESIAN_POINT('',(-0.0474122578959547,0.00374594249441366,-0.002));
#4338=CARTESIAN_POINT('',(-0.0474122578959547,0.00374594249441366,0.));
#4339=CARTESIAN_POINT('',(-0.0477803835782918,0.00272820823369034,-0.002));
#4340=CARTESIAN_POINT('',(-0.0477803835782918,0.00272820823369034,0.));
#4341=CARTESIAN_POINT('',(-0.0480750766708577,0.00157736082529777,-0.002));
#4342=CARTESIAN_POINT('',(-0.0480750766708577,0.00157736082529777,-8.67361737988404E-19));
#4343=CARTESIAN_POINT('',(-0.0482511286805573,0.000282875723611223,-0.002));
#4344=CARTESIAN_POINT('',(-0.0482511286805573,0.000282875723611223,1.30104260698261E-18));
#4345=CARTESIAN_POINT('',(-0.0482576044017968,-0.00121224424992098,-0.002));
#4346=CARTESIAN_POINT('',(-0.0482576044017968,-0.00121224424992098,-8.67361737988404E-19));
#4347=CARTESIAN_POINT('',(-0.0479376109389244,-0.00299797567176921,-0.002));
#4348=CARTESIAN_POINT('',(-0.0479376109389244,-0.00299797567176921,-4.33680868994202E-19));
#4349=CARTESIAN_POINT('',(-0.0472632706720504,-0.00464126900134267,-0.002));
#4350=CARTESIAN_POINT('',(-0.0472632706720504,-0.00464126900134267,0.));
#4351=CARTESIAN_POINT('',(-0.0464178681373487,-0.00595725728365891,-0.002));
#4352=CARTESIAN_POINT('',(-0.0464178681373487,-0.00595725728365891,8.67361737988404E-19));
#4353=CARTESIAN_POINT('',(-0.0452460372999353,-0.0072997794359905,-0.002));
#4354=CARTESIAN_POINT('',(-0.0452460372999353,-0.0072997794359905,-8.67361737988404E-19));
#4355=CARTESIAN_POINT('',(-0.0439259398581277,-0.00837639451085549,-0.002));
#4356=CARTESIAN_POINT('',(-0.0439259398581277,-0.00837639451085549,4.33680868994202E-19));
#4357=CARTESIAN_POINT('',(-0.0428967779116967,-0.00909032502405994,-0.002));
#4358=CARTESIAN_POINT('',(-0.0428967779116967,-0.00909032502405994,4.33680868994202E-19));
#4359=CARTESIAN_POINT('',(-0.0422150843170435,-0.00955609770118671,-0.002));
#4360=CARTESIAN_POINT('',(-0.0422150843170435,-0.00955609770118671,-8.67361737988404E-19));
#4361=CARTESIAN_POINT('',(-0.041800356344971,-0.00984417260807469,-0.002));
#4362=CARTESIAN_POINT('',(-0.041800356344971,-0.00984417260807469,0.));
#4363=CARTESIAN_POINT('',(-0.041487571992726,-0.0100755961127324,-0.002));
#4364=CARTESIAN_POINT('',(-0.041487571992726,-0.0100755961127324,0.));
#4365=CARTESIAN_POINT('',(-0.0413693992291479,-0.0101710882587855,-0.002));
#4366=CARTESIAN_POINT('',(-0.0413693992291479,-0.0101710882587855,-4.33680868994202E-19));
#4367=CARTESIAN_POINT('',(-0.0411810413167359,-0.0103378261928452,-0.002));
#4368=CARTESIAN_POINT('',(-0.0411810413167359,-0.0103378261928452,-4.33680868994202E-19));
#4369=CARTESIAN_POINT('',(-0.0407592776508515,-0.0107363504908556,-0.002));
#4370=CARTESIAN_POINT('',(-0.0407592776508515,-0.0107363504908556,1.30104260698261E-18));
#4371=CARTESIAN_POINT('',(-0.0400240106280671,-0.0114387393844699,-0.002));
#4372=CARTESIAN_POINT('',(-0.0400240106280671,-0.0114387393844699,-1.30104260698261E-18));
#4373=CARTESIAN_POINT('',(-0.038975217117444,-0.0122896470476875,-0.002));
#4374=CARTESIAN_POINT('',(-0.038975217117444,-0.0122896470476875,4.33680868994202E-19));
#4375=CARTESIAN_POINT('',(-0.0380266217985844,-0.0129576135957891,-0.002));
#4376=CARTESIAN_POINT('',(-0.0380266217985844,-0.0129576135957891,-4.33680868994202E-19));
#4377=CARTESIAN_POINT('',(-0.0370364845746363,-0.0135571335063082,-0.002));
#4378=CARTESIAN_POINT('',(-0.0370364845746363,-0.0135571335063082,-1.30104260698261E-18));
#4379=CARTESIAN_POINT('',(-0.0357073998752263,-0.0142703429233891,-0.002));
#4380=CARTESIAN_POINT('',(-0.0357073998752263,-0.0142703429233891,2.16840434497101E-18));
#4381=CARTESIAN_POINT('',(-0.033257273061553,-0.0153902584924109,-0.002));
#4382=CARTESIAN_POINT('',(-0.033257273061553,-0.0153902584924109,-2.16840434497101E-18));
#4383=CARTESIAN_POINT('',(-0.0294305286891529,-0.0167377464646395,-0.002));
#4384=CARTESIAN_POINT('',(-0.0294305286891529,-0.0167377464646395,4.33680868994202E-19));
#4385=CARTESIAN_POINT('',(-0.0243968444274123,-0.0178975890000986,-0.002));
#4386=CARTESIAN_POINT('',(-0.0243968444274123,-0.0178975890000986,-4.33680868994202E-19));
#4387=CARTESIAN_POINT('',(-0.0214993563089474,-0.0182789162322099,-0.002));
#4388=CARTESIAN_POINT('',(-0.0214993563089474,-0.0182789162322099,0.));
#4389=CARTESIAN_POINT('',(-0.0202657124594399,-0.0184252694502953,-0.002));
#4390=CARTESIAN_POINT('',(-0.0202657124594399,-0.0184252694502953,0.));
#4391=CARTESIAN_POINT('',(-0.0149152835569246,0.0163039652196134,-0.002));
#4392=CARTESIAN_POINT('',(-0.0202657124594399,-0.0184252694502953,-0.002));
#4393=CARTESIAN_POINT('',(-0.0202657124594399,-0.0184252694502954,-0.002));
#4394=CARTESIAN_POINT('',(-0.0202657124594399,-0.0184252694502954,-4.33680868994202E-19));
#4395=CARTESIAN_POINT('',(-0.0197074546241808,-0.0195361895662937,-0.002));
#4396=CARTESIAN_POINT('',(-0.0197074546241808,-0.0195361895662937,-4.33680868994202E-19));
#4397=CARTESIAN_POINT('',(-0.0187287450883831,-0.0212635114302288,-0.002));
#4398=CARTESIAN_POINT('',(-0.0187287450883831,-0.0212635114302288,-4.33680868994202E-19));
#4399=CARTESIAN_POINT('',(-0.0172004667791507,-0.0235586812379364,-0.002));
#4400=CARTESIAN_POINT('',(-0.0172004667791507,-0.0235586812379364,0.));
#4401=CARTESIAN_POINT('',(-0.0159519674329407,-0.0252011794060362,-0.002));
#4402=CARTESIAN_POINT('',(-0.0159519674329407,-0.0252011794060362,4.33680868994202E-19));
#4403=CARTESIAN_POINT('',(-0.0146565526002764,-0.0266719668303947,-0.002));
#4404=CARTESIAN_POINT('',(-0.0146565526002764,-0.0266719668303947,-8.67361737988404E-19));
#4405=CARTESIAN_POINT('',(-0.013296882213536,-0.0279937925641386,-0.002));
#4406=CARTESIAN_POINT('',(-0.013296882213536,-0.0279937925641386,1.30104260698261E-18));
#4407=CARTESIAN_POINT('',(-0.01207730989687,-0.0289766741469423,-0.002));
#4408=CARTESIAN_POINT('',(-0.01207730989687,-0.0289766741469423,-4.33680868994202E-19));
#4409=CARTESIAN_POINT('',(-0.0110559576388757,-0.0296722468088974,-0.002));
#4410=CARTESIAN_POINT('',(-0.0110559576388757,-0.0296722468088974,0.));
#4411=CARTESIAN_POINT('',(-0.0101331491224893,-0.0302168221374027,-0.002));
#4412=CARTESIAN_POINT('',(-0.0101331491224893,-0.0302168221374027,-8.67361737988404E-19));
#4413=CARTESIAN_POINT('',(-0.00895318352603508,-0.0307650561183372,-0.002));
#4414=CARTESIAN_POINT('',(-0.00895318352603508,-0.0307650561183372,-4.33680868994202E-19));
#4415=CARTESIAN_POINT('',(-0.00740459134019907,-0.031233501428101,-0.002));
#4416=CARTESIAN_POINT('',(-0.00740459134019907,-0.031233501428101,0.));
#4417=CARTESIAN_POINT('',(-0.00568650300432722,-0.0313882439307629,-0.002));
#4418=CARTESIAN_POINT('',(-0.00568650300432722,-0.0313882439307629,4.33680868994202E-19));
#4419=CARTESIAN_POINT('',(-0.00412139352538851,-0.0311964597658299,-0.002));
#4420=CARTESIAN_POINT('',(-0.00412139352538851,-0.0311964597658299,-4.33680868994202E-19));
#4421=CARTESIAN_POINT('',(-0.00251123025929529,-0.030736889673262,-0.002));
#4422=CARTESIAN_POINT('',(-0.00251123025929529,-0.030736889673262,-8.67361737988404E-19));
#4423=CARTESIAN_POINT('',(-0.00100894782581812,-0.0299020042973235,-0.002));
#4424=CARTESIAN_POINT('',(-0.00100894782581812,-0.0299020042973235,0.));
#4425=CARTESIAN_POINT('',(0.000220776564044619,-0.0288591795578309,-0.002));
#4426=CARTESIAN_POINT('',(0.000220776564044619,-0.0288591795578309,4.33680868994202E-19));
#4427=CARTESIAN_POINT('',(0.00109680026691597,-0.0278549965966631,-0.002));
#4428=CARTESIAN_POINT('',(0.00109680026691597,-0.0278549965966631,-8.67361737988404E-19));
#4429=CARTESIAN_POINT('',(0.0016545366373479,-0.0270320367153073,-0.002));
#4430=CARTESIAN_POINT('',(0.0016545366373479,-0.0270320367153073,8.67361737988404E-19));
#4431=CARTESIAN_POINT('',(0.00204359019188171,-0.0263348295573225,-0.002));
#4432=CARTESIAN_POINT('',(0.00204359019188171,-0.0263348295573225,-8.67361737988404E-19));
#4433=CARTESIAN_POINT('',(0.00244143444989815,-0.0254927820301535,-0.002));
#4434=CARTESIAN_POINT('',(0.00244143444989815,-0.0254927820301535,-4.33680868994202E-19));
#4435=CARTESIAN_POINT('',(0.00283068180770073,-0.0242830030641369,-0.002));
#4436=CARTESIAN_POINT('',(0.00283068180770073,-0.0242830030641369,-4.33680868994202E-19));
#4437=CARTESIAN_POINT('',(0.00301381932961562,-0.0230261942918865,-0.002));
#4438=CARTESIAN_POINT('',(0.00301381932961562,-0.0230261942918865,4.33680868994202E-19));
#4439=CARTESIAN_POINT('',(0.00305341543362192,-0.0220893313463855,-0.002));
#4440=CARTESIAN_POINT('',(0.00305341543362192,-0.0220893313463855,-4.33680868994202E-19));
#4441=CARTESIAN_POINT('',(0.00305227791470899,-0.02141306133556,-0.002));
#4442=CARTESIAN_POINT('',(0.00305227791470899,-0.02141306133556,0.));
#4443=CARTESIAN_POINT('',(0.00303569165001793,-0.020451328764591,-0.002));
#4444=CARTESIAN_POINT('',(0.00303569165001793,-0.020451328764591,-8.67361737988404E-19));
#4445=CARTESIAN_POINT('',(0.00301130365083638,-0.01967825197568,-0.002));
#4446=CARTESIAN_POINT('',(0.00301130365083638,-0.01967825197568,0.));
#4447=CARTESIAN_POINT('',(0.00299578037304974,-0.0191496732423956,-0.002));
#4448=CARTESIAN_POINT('',(0.00299578037304974,-0.0191496732423956,0.));
#4449=CARTESIAN_POINT('',(0.00299578037304974,-0.0191496732423956,-0.002));
#4450=CARTESIAN_POINT('',(0.00299578037304975,-0.0191496732423958,-0.002));
#4451=CARTESIAN_POINT('',(0.00299578037304975,-0.0191496732423958,0.));
#4452=CARTESIAN_POINT('',(0.00380580805874346,-0.0191007675288937,-0.002));
#4453=CARTESIAN_POINT('',(0.00380580805874346,-0.0191007675288937,0.));
#4454=CARTESIAN_POINT('',(0.00541412686111426,-0.019020744546117,-0.002));
#4455=CARTESIAN_POINT('',(0.00541412686111426,-0.019020744546117,0.));
#4456=CARTESIAN_POINT('',(0.00663187988896887,-0.0190447791868355,-0.002));
#4457=CARTESIAN_POINT('',(0.00663187988896887,-0.0190447791868355,0.));
#4458=CARTESIAN_POINT('',(0.00695095237439322,-0.0190686731036778,-0.002));
#4459=CARTESIAN_POINT('',(0.00695095237439322,-0.0190686731036778,0.));
#4460=CARTESIAN_POINT('',(0.00695095237439325,-0.0190686731036778,-0.002));
#4461=CARTESIAN_POINT('',(0.00695095237449828,-0.0190686731034862,-0.002));
#4462=CARTESIAN_POINT('',(0.00695095237449828,-0.0190686731034862,1.73472347597681E-18));
#4463=CARTESIAN_POINT('',(0.007110297418062,-0.0191561640942005,-0.002));
#4464=CARTESIAN_POINT('',(0.007110297418062,-0.0191561640942005,1.73472347597681E-18));
#4465=CARTESIAN_POINT('',(0.00766978335147672,-0.019467427483535,-0.002));
#4466=CARTESIAN_POINT('',(0.00766978335147672,-0.019467427483535,2.16840434497101E-18));
#4467=CARTESIAN_POINT('',(0.00867237394954484,-0.0199575246763245,-0.002));
#4468=CARTESIAN_POINT('',(0.00867237394954484,-0.0199575246763245,8.67361737988404E-19));
#4469=CARTESIAN_POINT('',(0.00967070941974467,-0.0203995287296588,-0.002));
#4470=CARTESIAN_POINT('',(0.00967070941974467,-0.0203995287296588,8.67361737988404E-19));
#4471=CARTESIAN_POINT('',(0.0107185901995027,-0.020826972032499,-0.002));
#4472=CARTESIAN_POINT('',(0.0107185901995027,-0.020826972032499,2.16840434497101E-18));
#4473=CARTESIAN_POINT('',(0.0118015705306259,-0.0212344622255771,-0.002));
#4474=CARTESIAN_POINT('',(0.0118015705306259,-0.0212344622255771,1.30104260698261E-18));
#4475=CARTESIAN_POINT('',(0.01290084881232,-0.021615610568365,-0.002));
#4476=CARTESIAN_POINT('',(0.01290084881232,-0.021615610568365,1.73472347597681E-18));
#4477=CARTESIAN_POINT('',(0.0140226723998807,-0.0219722588882666,-0.002));
#4478=CARTESIAN_POINT('',(0.0140226723998807,-0.0219722588882666,1.73472347597681E-18));
#4479=CARTESIAN_POINT('',(0.0152523015064423,-0.0223140988727309,-0.002));
#4480=CARTESIAN_POINT('',(0.0152523015064423,-0.0223140988727309,1.30104260698261E-18));
#4481=CARTESIAN_POINT('',(0.0166133186095055,-0.0226090266276717,-0.002));
#4482=CARTESIAN_POINT('',(0.0166133186095055,-0.0226090266276717,8.67361737988404E-19));
#4483=CARTESIAN_POINT('',(0.0181873127850065,-0.0228018824221101,-0.002));
#4484=CARTESIAN_POINT('',(0.0181873127850065,-0.0228018824221101,2.16840434497101E-18));
#4485=CARTESIAN_POINT('',(0.0200729175464541,-0.0228037360880832,-0.002));
#4486=CARTESIAN_POINT('',(0.0200729175464541,-0.0228037360880832,1.30104260698261E-18));
#4487=CARTESIAN_POINT('',(0.0224969874400853,-0.0222495945553957,-0.002));
#4488=CARTESIAN_POINT('',(0.0224969874400853,-0.0222495945553957,2.16840434497101E-18));
#4489=CARTESIAN_POINT('',(0.0245504107412828,-0.0211317287407937,-0.002));
#4490=CARTESIAN_POINT('',(0.0245504107412828,-0.0211317287407937,2.60208521396521E-18));
#4491=CARTESIAN_POINT('',(0.0258880300289977,-0.0199273501173399,-0.002));
#4492=CARTESIAN_POINT('',(0.0258880300289977,-0.0199273501173399,0.));
#4493=CARTESIAN_POINT('',(0.0267243072620041,-0.0188877842148938,-0.002));
#4494=CARTESIAN_POINT('',(0.0267243072620041,-0.0188877842148938,1.73472347597681E-18));
#4495=CARTESIAN_POINT('',(0.0274094869710307,-0.017840701499509,-0.002));
#4496=CARTESIAN_POINT('',(0.0274094869710307,-0.017840701499509,2.16840434497101E-18));
#4497=CARTESIAN_POINT('',(0.0278660562175926,-0.0168728850052729,-0.002));
#4498=CARTESIAN_POINT('',(0.0278660562175926,-0.0168728850052729,1.73472347597681E-18));
#4499=CARTESIAN_POINT('',(0.0280979053908632,-0.0160989879697542,-0.002));
#4500=CARTESIAN_POINT('',(0.0280979053908632,-0.0160989879697542,1.73472347597681E-18));
#4501=CARTESIAN_POINT('',(0.0280979053908632,-0.0160989879697541,-0.002));
#4502=CARTESIAN_POINT('',(0.0280979053908633,-0.0160989879697544,-0.002));
#4503=CARTESIAN_POINT('',(0.0280979053908633,-0.0160989879697544,0.));
#4504=CARTESIAN_POINT('',(0.0284576437581423,-0.0160617294815976,-0.002));
#4505=CARTESIAN_POINT('',(0.0284576437581423,-0.0160617294815976,0.));
#4506=CARTESIAN_POINT('',(0.029221956879976,-0.0159624153528562,-0.002));
#4507=CARTESIAN_POINT('',(0.029221956879976,-0.0159624153528562,-4.33680868994202E-19));
#4508=CARTESIAN_POINT('',(0.0305451225118137,-0.0156655364300239,-0.002));
#4509=CARTESIAN_POINT('',(0.0305451225118137,-0.0156655364300239,0.));
#4510=CARTESIAN_POINT('',(0.0318956879465123,-0.0151764180059605,-0.002));
#4511=CARTESIAN_POINT('',(0.0318956879465123,-0.0151764180059605,0.));
#4512=CARTESIAN_POINT('',(0.0326930297586261,-0.0147636367639161,-0.002));
#4513=CARTESIAN_POINT('',(0.0326930297586261,-0.0147636367639161,0.));
#4514=CARTESIAN_POINT('',(0.0330667414103347,-0.0145418487333027,-0.002));
#4515=CARTESIAN_POINT('',(0.0330667414103347,-0.0145418487333027,0.));
#4516=CARTESIAN_POINT('',(0.0330667414103348,-0.0145418487333026,-0.002));
#4517=CARTESIAN_POINT('',(0.0330667414103351,-0.0145418487333022,-0.002));
#4518=CARTESIAN_POINT('',(0.0330667414103351,-0.0145418487333022,0.));
#4519=CARTESIAN_POINT('',(0.033565473326847,-0.0148959325137249,-0.002));
#4520=CARTESIAN_POINT('',(0.033565473326847,-0.0148959325137249,0.));
#4521=CARTESIAN_POINT('',(0.0345720308900196,-0.0155864416081426,-0.002));
#4522=CARTESIAN_POINT('',(0.0345720308900196,-0.0155864416081426,-4.33680868994202E-19));
#4523=CARTESIAN_POINT('',(0.0359826762256518,-0.0165431504996926,-0.002));
#4524=CARTESIAN_POINT('',(0.0359826762256518,-0.0165431504996926,0.));
#4525=CARTESIAN_POINT('',(0.0377021775302334,-0.0176970561137015,-0.002));
#4526=CARTESIAN_POINT('',(0.0377021775302334,-0.0176970561137015,4.33680868994202E-19));
#4527=CARTESIAN_POINT('',(0.0394463429476513,-0.0187206353834989,-0.002));
#4528=CARTESIAN_POINT('',(0.0394463429476513,-0.0187206353834989,-4.33680868994202E-19));
#4529=CARTESIAN_POINT('',(0.0410658594446519,-0.0194903522948865,-0.002));
#4530=CARTESIAN_POINT('',(0.0410658594446519,-0.0194903522948865,4.33680868994202E-19));
#4531=CARTESIAN_POINT('',(0.0424371863619582,-0.0200179932977498,-0.002));
#4532=CARTESIAN_POINT('',(0.0424371863619582,-0.0200179932977498,0.));
#4533=CARTESIAN_POINT('',(0.0438372671257277,-0.0204192083497435,-0.002));
#4534=CARTESIAN_POINT('',(0.0438372671257277,-0.0204192083497435,0.));
#4535=CARTESIAN_POINT('',(0.0452188206492821,-0.0206943872949172,-0.002));
#4536=CARTESIAN_POINT('',(0.0452188206492821,-0.0206943872949172,-4.33680868994202E-19));
#4537=CARTESIAN_POINT('',(0.0466011693319502,-0.0208532922154256,-0.002));
#4538=CARTESIAN_POINT('',(0.0466011693319502,-0.0208532922154256,4.33680868994202E-19));
#4539=CARTESIAN_POINT('',(0.0479853240436009,-0.0208938938381205,-0.002));
#4540=CARTESIAN_POINT('',(0.0479853240436009,-0.0208938938381205,-4.33680868994202E-19));
#4541=CARTESIAN_POINT('',(0.0493835177017261,-0.0208047321517085,-0.002));
#4542=CARTESIAN_POINT('',(0.0493835177017261,-0.0208047321517085,-4.33680868994202E-19));
#4543=CARTESIAN_POINT('',(0.0508309059463491,-0.0205667414743935,-0.002));
#4544=CARTESIAN_POINT('',(0.0508309059463491,-0.0205667414743935,-4.33680868994202E-19));
#4545=CARTESIAN_POINT('',(0.0526174237440388,-0.0200200440956823,-0.002));
#4546=CARTESIAN_POINT('',(0.0526174237440388,-0.0200200440956823,4.33680868994202E-19));
#4547=CARTESIAN_POINT('',(0.0544380155538048,-0.0189765739464803,-0.002));
#4548=CARTESIAN_POINT('',(0.0544380155538048,-0.0189765739464803,0.));
#4549=CARTESIAN_POINT('',(0.0558644473235638,-0.0175588820949056,-0.002));
#4550=CARTESIAN_POINT('',(0.0558644473235638,-0.0175588820949056,-4.33680868994202E-19));
#4551=CARTESIAN_POINT('',(0.0567973207330928,-0.0161813134569428,-0.002));
#4552=CARTESIAN_POINT('',(0.0567973207330928,-0.0161813134569428,0.));
#4553=CARTESIAN_POINT('',(0.0574161279565311,-0.01464697355201,-0.002));
#4554=CARTESIAN_POINT('',(0.0574161279565311,-0.01464697355201,0.));
#4555=CARTESIAN_POINT('',(0.0576867335938295,-0.0133288328396807,-0.002));
#4556=CARTESIAN_POINT('',(0.0576867335938295,-0.0133288328396807,-4.33680868994202E-19));
#4557=CARTESIAN_POINT('',(0.0577689384627316,-0.0122038395549459,-0.002));
#4558=CARTESIAN_POINT('',(0.0577689384627316,-0.0122038395549459,0.));
#4559=CARTESIAN_POINT('',(0.0577245441229785,-0.0109086653144258,-0.002));
#4560=CARTESIAN_POINT('',(0.0577245441229785,-0.0109086653144258,4.33680868994202E-19));
#4561=CARTESIAN_POINT('',(0.0575109670400957,-0.00961612018328479,-0.002));
#4562=CARTESIAN_POINT('',(0.0575109670400957,-0.00961612018328479,0.));
#4563=CARTESIAN_POINT('',(0.0571619368314643,-0.0083474516589808,-0.002));
#4564=CARTESIAN_POINT('',(0.0571619368314643,-0.0083474516589808,0.));
#4565=CARTESIAN_POINT('',(0.0566507826374755,-0.00691473466184227,-0.002));
#4566=CARTESIAN_POINT('',(0.0566507826374755,-0.00691473466184227,-1.30104260698261E-18));
#4567=CARTESIAN_POINT('',(0.055789037263692,-0.00517612319321165,-0.002));
#4568=CARTESIAN_POINT('',(0.055789037263692,-0.00517612319321165,8.67361737988404E-19));
#4569=CARTESIAN_POINT('',(0.054897289544378,-0.00381686171546488,-0.002));
#4570=CARTESIAN_POINT('',(0.054897289544378,-0.00381686171546488,-8.67361737988404E-19));
#4571=CARTESIAN_POINT('',(0.0541437731169116,-0.00272121434756025,-0.002));
#4572=CARTESIAN_POINT('',(0.0541437731169116,-0.00272121434756025,8.67361737988404E-19));
#4573=CARTESIAN_POINT('',(0.0533145975675843,-0.00153864177670575,-0.002));
#4574=CARTESIAN_POINT('',(0.0533145975675843,-0.00153864177670575,-8.67361737988404E-19));
#4575=CARTESIAN_POINT('',(0.0526578200440549,-0.000615483298013645,-0.002));
#4576=CARTESIAN_POINT('',(0.0526578200440549,-0.000615483298013645,0.));
#4577=CARTESIAN_POINT('',(0.0522472312940406,-3.70627714040336E-5,-0.002));
#4578=CARTESIAN_POINT('',(0.0522472312940406,-3.70627714040336E-5,0.));
#4579=CARTESIAN_POINT('',(0.0522472312940406,-3.70627714040336E-5,-0.002));
#4580=CARTESIAN_POINT('',(0.0522472312940405,-3.70627714040466E-5,-0.002));
#4581=CARTESIAN_POINT('',(0.0522472312940405,-3.70627714040466E-5,0.));
#4582=CARTESIAN_POINT('',(0.0525577275034279,0.000671661662445726,-0.002));
#4583=CARTESIAN_POINT('',(0.0525577275034279,0.000671661662445726,0.));
#4584=CARTESIAN_POINT('',(0.0532775126709491,0.00229833525553338,-0.002));
#4585=CARTESIAN_POINT('',(0.0532775126709491,0.00229833525553338,-8.67361737988404E-19));
#4586=CARTESIAN_POINT('',(0.0544890566048667,0.00512831880826408,-0.002));
#4587=CARTESIAN_POINT('',(0.0544890566048667,0.00512831880826408,4.33680868994202E-19));
#4588=CARTESIAN_POINT('',(0.0556915418952733,0.00817639221483076,-0.002));
#4589=CARTESIAN_POINT('',(0.0556915418952733,0.00817639221483076,4.33680868994202E-19));
#4590=CARTESIAN_POINT('',(0.0567489020756141,0.0113207508738152,-0.002));
#4591=CARTESIAN_POINT('',(0.0567489020756141,0.0113207508738152,0.));
#4592=CARTESIAN_POINT('',(0.0574055476365889,0.0140138491592651,-0.002));
#4593=CARTESIAN_POINT('',(0.0574055476365889,0.0140138491592651,0.));
#4594=CARTESIAN_POINT('',(0.0576699850570525,0.0163760083482723,-0.002));
#4595=CARTESIAN_POINT('',(0.0576699850570525,0.0163760083482723,0.));
#4596=CARTESIAN_POINT('',(0.0576394159510564,0.0184371935347677,-0.002));
#4597=CARTESIAN_POINT('',(0.0576394159510564,0.0184371935347677,0.));
#4598=CARTESIAN_POINT('',(0.057111342860307,0.020834853049121,-0.002));
#4599=CARTESIAN_POINT('',(0.057111342860307,0.020834853049121,0.));
#4600=CARTESIAN_POINT('',(0.0558219339605061,0.0232799773141136,-0.002));
#4601=CARTESIAN_POINT('',(0.0558219339605061,0.0232799773141136,-8.67361737988404E-19));
#4602=CARTESIAN_POINT('',(0.0536285810324104,0.0253579563253024,-0.002));
#4603=CARTESIAN_POINT('',(0.0536285810324104,0.0253579563253024,0.));
#4604=CARTESIAN_POINT('',(0.0509720579121314,0.0265222399254323,-0.002));
#4605=CARTESIAN_POINT('',(0.0509720579121314,0.0265222399254323,-4.33680868994202E-19));
#4606=CARTESIAN_POINT('',(0.0484346551909203,0.026815388093639,-0.002));
#4607=CARTESIAN_POINT('',(0.0484346551909203,0.026815388093639,0.));
#4608=CARTESIAN_POINT('',(0.0462226088027871,0.0265504377065581,-0.002));
#4609=CARTESIAN_POINT('',(0.0462226088027871,0.0265504377065581,4.33680868994202E-19));
#4610=CARTESIAN_POINT('',(0.0443024129546936,0.0259543730475374,-0.002));
#4611=CARTESIAN_POINT('',(0.0443024129546936,0.0259543730475374,-1.30104260698261E-18));
#4612=CARTESIAN_POINT('',(0.0420166351061204,0.0248510955445025,-0.002));
#4613=CARTESIAN_POINT('',(0.0420166351061204,0.0248510955445025,4.33680868994202E-19));
#4614=CARTESIAN_POINT('',(0.0397486504151501,0.0232478312412263,-0.002));
#4615=CARTESIAN_POINT('',(0.0397486504151501,0.0232478312412263,0.));
#4616=CARTESIAN_POINT('',(0.0373037386261844,0.0211180625767172,-0.002));
#4617=CARTESIAN_POINT('',(0.0373037386261844,0.0211180625767172,4.33680868994202E-19));
#4618=CARTESIAN_POINT('',(0.0350383096014691,0.0188759328976069,-0.002));
#4619=CARTESIAN_POINT('',(0.0350383096014691,0.0188759328976069,0.));
#4620=CARTESIAN_POINT('',(0.0329526155323307,0.0166713726882239,-0.002));
#4621=CARTESIAN_POINT('',(0.0329526155323307,0.0166713726882239,4.33680868994202E-19));
#4622=CARTESIAN_POINT('',(0.0311142521975464,0.014680245140586,-0.002));
#4623=CARTESIAN_POINT('',(0.0311142521975464,0.014680245140586,-4.33680868994202E-19));
#4624=CARTESIAN_POINT('',(0.0301298403760051,0.0136416485460274,-0.002));
#4625=CARTESIAN_POINT('',(0.0301298403760051,0.0136416485460274,0.));
#4626=CARTESIAN_POINT('',(0.0297391789881813,0.0132478203843528,-0.002));
#4627=CARTESIAN_POINT('',(0.0297391789881813,0.0132478203843528,0.));
#4628=CARTESIAN_POINT('',(0.0297391789881812,0.0132478203843528,-0.002));
#4629=CARTESIAN_POINT('',(0.0297391789881809,0.0132478203843527,-0.002));
#4630=CARTESIAN_POINT('',(0.0297391789881809,0.0132478203843527,0.));
#4631=CARTESIAN_POINT('',(0.0291066376186854,0.0131307710891766,-0.002));
#4632=CARTESIAN_POINT('',(0.0291066376186854,0.0131307710891766,0.));
#4633=CARTESIAN_POINT('',(0.0286094423378264,0.0130045958284291,-0.002));
#4634=CARTESIAN_POINT('',(0.0286094423378264,0.0130045958284291,0.));
#4635=CARTESIAN_POINT('',(0.0281557101307363,0.0128910381580625,-0.002));
#4636=CARTESIAN_POINT('',(0.0281557101307363,0.0128910381580625,0.));
#4637=CARTESIAN_POINT('',(0.0281557101307363,0.0128910381580625,-0.002));
#4638=CARTESIAN_POINT('',(0.0281557101307363,0.0128910381580625,-0.002));
#4639=CARTESIAN_POINT('',(0.0281557101307363,0.0128910381580625,0.));
#4640=CARTESIAN_POINT('',(0.0277417972953566,0.0132890551721575,-0.002));
#4641=CARTESIAN_POINT('',(0.0277417972953566,0.0132890551721575,0.));
#4642=CARTESIAN_POINT('',(0.0266207532222475,0.0141677621581137,-0.002));
#4643=CARTESIAN_POINT('',(0.0266207532222475,0.0141677621581137,4.33680868994202E-19));
#4644=CARTESIAN_POINT('',(0.0249523942105016,0.0149165703249029,-0.002));
#4645=CARTESIAN_POINT('',(0.0249523942105016,0.0149165703249029,8.67361737988404E-19));
#4646=CARTESIAN_POINT('',(0.0234377693640804,0.0153010531930545,-0.002));
#4647=CARTESIAN_POINT('',(0.0234377693640804,0.0153010531930545,-4.33680868994202E-19));
#4648=CARTESIAN_POINT('',(0.0220638683736618,0.0154389107054433,-0.002));
#4649=CARTESIAN_POINT('',(0.0220638683736618,0.0154389107054433,8.67361737988404E-19));
#4650=CARTESIAN_POINT('',(0.020802643873886,0.0154068853828372,-0.002));
#4651=CARTESIAN_POINT('',(0.020802643873886,0.0154068853828372,4.33680868994202E-19));
#4652=CARTESIAN_POINT('',(0.0196150537127727,0.0152399160244915,-0.002));
#4653=CARTESIAN_POINT('',(0.0196150537127727,0.0152399160244915,-4.33680868994202E-19));
#4654=CARTESIAN_POINT('',(0.0184129795751586,0.0149308166316584,-0.002));
#4655=CARTESIAN_POINT('',(0.0184129795751586,0.0149308166316584,8.67361737988404E-19));
#4656=CARTESIAN_POINT('',(0.0176164171037967,0.0146015350497632,-0.002));
#4657=CARTESIAN_POINT('',(0.0176164171037967,0.0146015350497632,0.));
#4658=CARTESIAN_POINT('',(0.0173207221156216,0.014462510252376,-0.002));
#4659=CARTESIAN_POINT('',(0.0173207221156216,0.014462510252376,0.));
#4660=CARTESIAN_POINT('',(0.0173207221156216,0.014462510252376,-0.002));
#4661=CARTESIAN_POINT('',(0.0173207221156217,0.0144625102523762,-0.002));
#4662=CARTESIAN_POINT('',(0.0173207221156217,0.0144625102523762,0.));
#4663=CARTESIAN_POINT('',(0.0167309778924952,0.0145202202719618,-0.002));
#4664=CARTESIAN_POINT('',(0.0167309778924952,0.0145202202719618,0.));
#4665=CARTESIAN_POINT('',(0.0149176203428585,0.0148041527018442,-0.002));
#4666=CARTESIAN_POINT('',(0.0149176203428585,0.0148041527018442,0.));
#4667=CARTESIAN_POINT('',(0.0128327076246108,0.0153059717791767,-0.002));
#4668=CARTESIAN_POINT('',(0.0128327076246108,0.0153059717791767,0.));
#4669=CARTESIAN_POINT('',(0.0118790376654251,0.0155657084034908,-0.002));
#4670=CARTESIAN_POINT('',(0.0118790376654251,0.0155657084034908,0.));
#4671=CARTESIAN_POINT('',(0.0118790376654251,0.0155657084034908,-0.002));
#4672=CARTESIAN_POINT('',(0.0118790376654251,0.0155657084034909,-0.002));
#4673=CARTESIAN_POINT('',(0.0118790376654251,0.0155657084034909,-4.33680868994202E-19));
#4674=CARTESIAN_POINT('',(0.0120108465602278,0.0159596636055033,-0.002));
#4675=CARTESIAN_POINT('',(0.0120108465602278,0.0159596636055033,-4.33680868994202E-19));
#4676=CARTESIAN_POINT('',(0.0122515556319325,0.0166658109141611,-0.002));
#4677=CARTESIAN_POINT('',(0.0122515556319325,0.0166658109141611,0.));
#4678=CARTESIAN_POINT('',(0.0125819643798778,0.0179848012961228,-0.002));
#4679=CARTESIAN_POINT('',(0.0125819643798778,0.0179848012961228,-4.33680868994202E-19));
#4680=CARTESIAN_POINT('',(0.012780702111427,0.0192109032362546,-0.002));
#4681=CARTESIAN_POINT('',(0.012780702111427,0.0192109032362546,4.33680868994202E-19));
#4682=CARTESIAN_POINT('',(0.0128237537108446,0.0205039160025519,-0.002));
#4683=CARTESIAN_POINT('',(0.0128237537108446,0.0205039160025519,-4.33680868994202E-19));
#4684=CARTESIAN_POINT('',(0.0126935343542259,0.0217068918070701,-0.002));
#4685=CARTESIAN_POINT('',(0.0126935343542259,0.0217068918070701,4.33680868994202E-19));
#4686=CARTESIAN_POINT('',(0.0124087780757269,0.023003596059577,-0.002));
#4687=CARTESIAN_POINT('',(0.0124087780757269,0.023003596059577,0.));
#4688=CARTESIAN_POINT('',(0.0118292364503589,0.0244327291898982,-0.002));
#4689=CARTESIAN_POINT('',(0.0118292364503589,0.0244327291898982,0.));
#4690=CARTESIAN_POINT('',(0.0109372486375997,0.0258199519936093,-0.002));
#4691=CARTESIAN_POINT('',(0.0109372486375997,0.0258199519936093,-4.33680868994202E-19));
#4692=CARTESIAN_POINT('',(0.00995435809224584,0.0269159704067902,-0.002));
#4693=CARTESIAN_POINT('',(0.00995435809224584,0.0269159704067902,-4.33680868994202E-19));
#4694=CARTESIAN_POINT('',(0.00890933266326755,0.0277974020410426,-0.002));
#4695=CARTESIAN_POINT('',(0.00890933266326755,0.0277974020410426,4.33680868994202E-19));
#4696=CARTESIAN_POINT('',(0.00780478398324703,0.0285031285917933,-0.002));
#4697=CARTESIAN_POINT('',(0.00780478398324703,0.0285031285917933,-4.33680868994202E-19));
#4698=CARTESIAN_POINT('',(0.00664728900510331,0.029059156999049,-0.002));
#4699=CARTESIAN_POINT('',(0.00664728900510331,0.029059156999049,4.33680868994202E-19));
#4700=CARTESIAN_POINT('',(0.00512386048482603,0.0295381412955531,-0.002));
#4701=CARTESIAN_POINT('',(0.00512386048482603,0.0295381412955531,-4.33680868994202E-19));
#4702=CARTESIAN_POINT('',(0.0032418459958517,0.0297191113839125,-0.002));
#4703=CARTESIAN_POINT('',(0.0032418459958517,0.0297191113839125,0.));
#4704=CARTESIAN_POINT('',(0.00142690979279287,0.0294785957261578,-0.002));
#4705=CARTESIAN_POINT('',(0.00142690979279287,0.0294785957261578,0.));
#4706=CARTESIAN_POINT('',(-3.91404636420851E-5,0.0289974265531868,-0.002));
#4707=CARTESIAN_POINT('',(-3.91404636420851E-5,0.0289974265531868,-4.33680868994202E-19));
#4708=CARTESIAN_POINT('',(-0.00122555348368002,0.0284240375694908,-0.002));
#4709=CARTESIAN_POINT('',(-0.00122555348368002,0.0284240375694908,-4.33680868994202E-19));
#4710=CARTESIAN_POINT('',(-0.00251970709245613,0.0276474550497367,-0.002));
#4711=CARTESIAN_POINT('',(-0.00251970709245613,0.0276474550497367,4.33680868994202E-19));
#4712=CARTESIAN_POINT('',(-0.00398313810904236,0.026592906426002,-0.002));
#4713=CARTESIAN_POINT('',(-0.00398313810904236,0.026592906426002,0.));
#4714=CARTESIAN_POINT('',(-0.00586530605924692,0.0250878280771903,-0.002));
#4715=CARTESIAN_POINT('',(-0.00586530605924692,0.0250878280771903,-8.67361737988404E-19));
#4716=CARTESIAN_POINT('',(-0.00850727575338268,0.0228196799833097,-0.002));
#4717=CARTESIAN_POINT('',(-0.00850727575338268,0.0228196799833097,8.67361737988404E-19));
#4718=CARTESIAN_POINT('',(-0.0111752568135313,0.0203396337994052,-0.002));
#4719=CARTESIAN_POINT('',(-0.0111752568135313,0.0203396337994052,-4.33680868994202E-19));
#4720=CARTESIAN_POINT('',(-0.0134666580086387,0.0179943469595951,-0.002));
#4721=CARTESIAN_POINT('',(-0.0134666580086387,0.0179943469595951,0.));
#4722=CARTESIAN_POINT('',(-0.0144489243408517,0.016886356967368,-0.002));
#4723=CARTESIAN_POINT('',(-0.0144489243408517,0.016886356967368,-4.33680868994202E-19));
#4724=CARTESIAN_POINT('',(-0.0149152835569246,0.0163039652196134,-0.002));
#4725=CARTESIAN_POINT('',(-0.0149152835569246,0.0163039652196134,-4.33680868994202E-19));
#4726=MECHANICAL_DESIGN_GEOMETRIC_PRESENTATION_REPRESENTATION('',(#585),
#4727);
#4727=(
GEOMETRIC_REPRESENTATION_CONTEXT(3)
GLOBAL_UNCERTAINTY_ASSIGNED_CONTEXT((#4728))
GLOBAL_UNIT_ASSIGNED_CONTEXT((#4731,#4730,#4729))
REPRESENTATION_CONTEXT('Part 1','TOP_LEVEL_ASSEMBLY_PART')
);
#4728=UNCERTAINTY_MEASURE_WITH_UNIT(LENGTH_MEASURE(2.E-5),#4731,
'DISTANCE_ACCURACY_VALUE','Maximum Tolerance applied to model');
#4729=(
NAMED_UNIT(*)
SI_UNIT($,.STERADIAN.)
SOLID_ANGLE_UNIT()
);
#4730=(
NAMED_UNIT(*)
PLANE_ANGLE_UNIT()
SI_UNIT($,.RADIAN.)
);
#4731=(
LENGTH_UNIT()
NAMED_UNIT(*)
SI_UNIT($,.METRE.)
);
#4732=PRODUCT_DEFINITION_SHAPE('','',#4733);
#4733=PRODUCT_DEFINITION('','',#4735,#4734);
#4734=PRODUCT_DEFINITION_CONTEXT('',#4741,'design');
#4735=PRODUCT_DEFINITION_FORMATION_WITH_SPECIFIED_SOURCE('','',#4737,
 .NOT_KNOWN.);
#4736=PRODUCT_RELATED_PRODUCT_CATEGORY('','',(#4737));
#4737=PRODUCT('Part 1','Part 1','Part 1',(#4739));
#4738=PRODUCT_CATEGORY('','');
#4739=PRODUCT_CONTEXT('',#4741,'mechanical');
#4740=APPLICATION_PROTOCOL_DEFINITION('international standard',
'ap242_managed_model_based_3d_engineering',2011,#4741);
#4741=APPLICATION_CONTEXT('managed model based 3d engineering');
ENDSEC;
END-ISO-10303-21;
